Problem,Observations,Goals,Real Goal
blocks-world/10/block-words-aaai_p01_hyp-0_10_0,1,21,0
blocks-world/10/block-words-aaai_p01_hyp-1_10_0,1,21,1
blocks-world/10/block-words-aaai_p01_hyp-2_10_0,1,21,2
blocks-world/10/block-words-aaai_p01_hyp-3_10_0,1,21,5
blocks-world/10/block-words-aaai_p01_hyp-4_10_0,1,21,5
blocks-world/10/block-words-aaai_p02_hyp-0_10_0,1,20,0
blocks-world/10/block-words-aaai_p02_hyp-1_10_0,2,20,1
blocks-world/10/block-words-aaai_p02_hyp-2_10_0,1,21,5
blocks-world/10/block-words-aaai_p02_hyp-3_10_0,1,21,5
blocks-world/10/block-words-aaai_p02_hyp-4_10_0,1,21,5
blocks-world/10/block-words-aaai_p03_hyp-0_10_0,2,20,0
blocks-world/10/block-words-aaai_p03_hyp-1_10_0,2,20,1
blocks-world/10/block-words-aaai_p03_hyp-2_10_0,1,21,5
blocks-world/10/block-words-aaai_p03_hyp-3_10_0,1,20,3
blocks-world/10/block-words-aaai_p03_hyp-4_10_0,1,20,4
blocks-world/10/block-words_p01_hyp-0_10_0,1,21,0
blocks-world/10/block-words_p01_hyp-0_10_1,1,21,0
blocks-world/10/block-words_p01_hyp-0_10_2,1,21,0
blocks-world/10/block-words_p01_hyp-10_10_0,1,21,10
blocks-world/10/block-words_p01_hyp-10_10_1,1,21,10
blocks-world/10/block-words_p01_hyp-10_10_2,1,21,10
blocks-world/10/block-words_p01_hyp-11_10_0,1,21,11
blocks-world/10/block-words_p01_hyp-11_10_1,1,21,7
blocks-world/10/block-words_p01_hyp-11_10_2,1,21,11
blocks-world/10/block-words_p01_hyp-12_10_0,1,21,12
blocks-world/10/block-words_p01_hyp-12_10_1,1,21,3
blocks-world/10/block-words_p01_hyp-12_10_2,1,21,12
blocks-world/10/block-words_p01_hyp-13_10_0,1,21,13
blocks-world/10/block-words_p01_hyp-13_10_1,1,21,12
blocks-world/10/block-words_p01_hyp-13_10_2,1,21,13
blocks-world/10/block-words_p01_hyp-14_10_0,1,21,18
blocks-world/10/block-words_p01_hyp-14_10_1,1,21,14
blocks-world/10/block-words_p01_hyp-14_10_2,1,21,14
blocks-world/10/block-words_p01_hyp-15_10_0,2,21,15
blocks-world/10/block-words_p01_hyp-15_10_1,1,21,7
blocks-world/10/block-words_p01_hyp-15_10_2,2,21,15
blocks-world/10/block-words_p01_hyp-16_10_0,1,21,16
blocks-world/10/block-words_p01_hyp-16_10_1,1,21,18
blocks-world/10/block-words_p01_hyp-16_10_2,1,21,16
blocks-world/10/block-words_p01_hyp-17_10_0,1,21,17
blocks-world/10/block-words_p01_hyp-17_10_1,1,21,7
blocks-world/10/block-words_p01_hyp-17_10_2,1,21,7
blocks-world/10/block-words_p01_hyp-18_10_0,1,21,18
blocks-world/10/block-words_p01_hyp-18_10_1,1,21,18
blocks-world/10/block-words_p01_hyp-18_10_2,1,21,18
blocks-world/10/block-words_p01_hyp-19_10_0,1,21,18
blocks-world/10/block-words_p01_hyp-19_10_1,1,21,19
blocks-world/10/block-words_p01_hyp-19_10_2,1,21,18
blocks-world/10/block-words_p01_hyp-1_10_0,1,21,1
blocks-world/10/block-words_p01_hyp-1_10_1,1,21,0
blocks-world/10/block-words_p01_hyp-1_10_2,1,21,1
blocks-world/10/block-words_p01_hyp-20_10_0,1,21,18
blocks-world/10/block-words_p01_hyp-20_10_1,1,21,18
blocks-world/10/block-words_p01_hyp-20_10_2,1,21,20
blocks-world/10/block-words_p01_hyp-2_10_0,1,21,2
blocks-world/10/block-words_p01_hyp-2_10_1,1,21,2
blocks-world/10/block-words_p01_hyp-2_10_2,1,21,2
blocks-world/10/block-words_p01_hyp-3_10_0,1,21,4
blocks-world/10/block-words_p01_hyp-3_10_1,1,21,3
blocks-world/10/block-words_p01_hyp-3_10_2,1,21,3
blocks-world/10/block-words_p01_hyp-4_10_0,1,21,4
blocks-world/10/block-words_p01_hyp-4_10_1,1,21,4
blocks-world/10/block-words_p01_hyp-4_10_2,1,21,4
blocks-world/10/block-words_p01_hyp-5_10_0,1,21,5
blocks-world/10/block-words_p01_hyp-5_10_1,1,21,5
blocks-world/10/block-words_p01_hyp-5_10_2,1,21,5
blocks-world/10/block-words_p01_hyp-6_10_0,1,21,5
blocks-world/10/block-words_p01_hyp-6_10_1,1,21,6
blocks-world/10/block-words_p01_hyp-6_10_2,1,21,6
blocks-world/10/block-words_p01_hyp-7_10_0,1,21,7
blocks-world/10/block-words_p01_hyp-7_10_1,1,21,5
blocks-world/10/block-words_p01_hyp-7_10_2,1,21,7
blocks-world/10/block-words_p01_hyp-8_10_0,1,21,8
blocks-world/10/block-words_p01_hyp-8_10_1,1,21,7
blocks-world/10/block-words_p01_hyp-8_10_2,1,21,5
blocks-world/10/block-words_p01_hyp-9_10_0,1,21,9
blocks-world/10/block-words_p01_hyp-9_10_1,1,21,5
blocks-world/10/block-words_p01_hyp-9_10_2,1,21,7
blocks-world/10/block-words_p02_hyp-0_10_0,1,20,0
blocks-world/10/block-words_p02_hyp-0_10_1,1,20,0
blocks-world/10/block-words_p02_hyp-0_10_2,1,20,0
blocks-world/10/block-words_p02_hyp-10_10_0,1,20,10
blocks-world/10/block-words_p02_hyp-10_10_1,1,20,10
blocks-world/10/block-words_p02_hyp-10_10_2,1,20,10
blocks-world/10/block-words_p02_hyp-11_10_0,2,20,11
blocks-world/10/block-words_p02_hyp-11_10_1,1,20,12
blocks-world/10/block-words_p02_hyp-11_10_2,2,20,11
blocks-world/10/block-words_p02_hyp-12_10_0,1,20,12
blocks-world/10/block-words_p02_hyp-12_10_1,1,20,12
blocks-world/10/block-words_p02_hyp-12_10_2,1,20,12
blocks-world/10/block-words_p02_hyp-13_10_0,1,20,13
blocks-world/10/block-words_p02_hyp-13_10_1,1,20,13
blocks-world/10/block-words_p02_hyp-13_10_2,1,20,13
blocks-world/10/block-words_p02_hyp-14_10_0,1,20,14
blocks-world/10/block-words_p02_hyp-14_10_1,1,20,14
blocks-world/10/block-words_p02_hyp-14_10_2,1,20,14
blocks-world/10/block-words_p02_hyp-15_10_0,1,20,15
blocks-world/10/block-words_p02_hyp-15_10_1,1,20,15
blocks-world/10/block-words_p02_hyp-15_10_2,1,20,15
blocks-world/10/block-words_p02_hyp-16_10_0,1,20,16
blocks-world/10/block-words_p02_hyp-16_10_1,1,20,16
blocks-world/10/block-words_p02_hyp-16_10_2,1,20,16
blocks-world/10/block-words_p02_hyp-17_10_0,1,20,17
blocks-world/10/block-words_p02_hyp-17_10_1,1,20,17
blocks-world/10/block-words_p02_hyp-17_10_2,1,20,17
blocks-world/10/block-words_p02_hyp-18_10_0,1,20,18
blocks-world/10/block-words_p02_hyp-18_10_1,1,20,18
blocks-world/10/block-words_p02_hyp-18_10_2,1,20,18
blocks-world/10/block-words_p02_hyp-19_10_0,1,20,19
blocks-world/10/block-words_p02_hyp-19_10_1,1,20,19
blocks-world/10/block-words_p02_hyp-19_10_2,1,20,19
blocks-world/10/block-words_p02_hyp-1_10_0,2,20,1
blocks-world/10/block-words_p02_hyp-1_10_1,2,20,1
blocks-world/10/block-words_p02_hyp-1_10_2,1,20,2
blocks-world/10/block-words_p02_hyp-2_10_0,1,20,2
blocks-world/10/block-words_p02_hyp-2_10_1,1,20,2
blocks-world/10/block-words_p02_hyp-2_10_2,1,20,2
blocks-world/10/block-words_p02_hyp-3_10_0,1,20,3
blocks-world/10/block-words_p02_hyp-3_10_1,1,20,3
blocks-world/10/block-words_p02_hyp-3_10_2,1,20,3
blocks-world/10/block-words_p02_hyp-4_10_0,2,20,4
blocks-world/10/block-words_p02_hyp-4_10_1,2,20,4
blocks-world/10/block-words_p02_hyp-4_10_2,1,20,7
blocks-world/10/block-words_p02_hyp-5_10_0,1,20,5
blocks-world/10/block-words_p02_hyp-5_10_1,1,20,6
blocks-world/10/block-words_p02_hyp-5_10_2,1,20,5
blocks-world/10/block-words_p02_hyp-6_10_0,1,20,6
blocks-world/10/block-words_p02_hyp-6_10_1,1,20,6
blocks-world/10/block-words_p02_hyp-6_10_2,1,20,6
blocks-world/10/block-words_p02_hyp-7_10_0,1,20,7
blocks-world/10/block-words_p02_hyp-7_10_1,1,20,7
blocks-world/10/block-words_p02_hyp-7_10_2,1,20,7
blocks-world/10/block-words_p02_hyp-8_10_0,1,20,8
blocks-world/10/block-words_p02_hyp-8_10_1,1,20,8
blocks-world/10/block-words_p02_hyp-8_10_2,1,20,8
blocks-world/10/block-words_p02_hyp-9_10_0,1,20,9
blocks-world/10/block-words_p02_hyp-9_10_1,1,20,9
blocks-world/10/block-words_p02_hyp-9_10_2,1,20,9
blocks-world/10/block-words_p03_hyp-0_10_0,2,20,0
blocks-world/10/block-words_p03_hyp-0_10_1,2,20,0
blocks-world/10/block-words_p03_hyp-0_10_2,2,20,0
blocks-world/10/block-words_p03_hyp-10_10_0,1,20,10
blocks-world/10/block-words_p03_hyp-10_10_1,1,20,9
blocks-world/10/block-words_p03_hyp-10_10_2,1,20,9
blocks-world/10/block-words_p03_hyp-11_10_0,1,20,11
blocks-world/10/block-words_p03_hyp-11_10_1,1,20,9
blocks-world/10/block-words_p03_hyp-11_10_2,1,20,9
blocks-world/10/block-words_p03_hyp-12_10_0,1,20,12
blocks-world/10/block-words_p03_hyp-12_10_1,1,20,12
blocks-world/10/block-words_p03_hyp-12_10_2,1,20,18
blocks-world/10/block-words_p03_hyp-13_10_0,2,20,13
blocks-world/10/block-words_p03_hyp-13_10_1,1,20,9
blocks-world/10/block-words_p03_hyp-13_10_2,1,20,9
blocks-world/10/block-words_p03_hyp-14_10_0,1,20,14
blocks-world/10/block-words_p03_hyp-14_10_1,1,20,18
blocks-world/10/block-words_p03_hyp-14_10_2,1,20,14
blocks-world/10/block-words_p03_hyp-15_10_0,1,20,15
blocks-world/10/block-words_p03_hyp-15_10_1,1,20,18
blocks-world/10/block-words_p03_hyp-15_10_2,1,20,9
blocks-world/10/block-words_p03_hyp-16_10_0,1,20,16
blocks-world/10/block-words_p03_hyp-16_10_1,1,20,9
blocks-world/10/block-words_p03_hyp-16_10_2,1,20,18
blocks-world/10/block-words_p03_hyp-17_10_0,1,20,17
blocks-world/10/block-words_p03_hyp-17_10_1,1,20,9
blocks-world/10/block-words_p03_hyp-17_10_2,1,20,18
blocks-world/10/block-words_p03_hyp-18_10_0,1,20,18
blocks-world/10/block-words_p03_hyp-18_10_1,1,20,18
blocks-world/10/block-words_p03_hyp-18_10_2,1,20,18
blocks-world/10/block-words_p03_hyp-19_10_0,2,20,7
blocks-world/10/block-words_p03_hyp-19_10_1,1,20,9
blocks-world/10/block-words_p03_hyp-19_10_2,1,20,9
blocks-world/10/block-words_p03_hyp-1_10_0,2,20,1
blocks-world/10/block-words_p03_hyp-1_10_1,1,20,8
blocks-world/10/block-words_p03_hyp-1_10_2,2,20,1
blocks-world/10/block-words_p03_hyp-2_10_0,1,20,2
blocks-world/10/block-words_p03_hyp-2_10_1,1,20,9
blocks-world/10/block-words_p03_hyp-2_10_2,1,20,2
blocks-world/10/block-words_p03_hyp-3_10_0,2,20,7
blocks-world/10/block-words_p03_hyp-3_10_1,1,20,8
blocks-world/10/block-words_p03_hyp-3_10_2,1,20,8
blocks-world/10/block-words_p03_hyp-4_10_0,1,20,4
blocks-world/10/block-words_p03_hyp-4_10_1,1,20,4
blocks-world/10/block-words_p03_hyp-4_10_2,1,20,9
blocks-world/10/block-words_p03_hyp-5_10_0,1,20,8
blocks-world/10/block-words_p03_hyp-5_10_1,2,20,7
blocks-world/10/block-words_p03_hyp-5_10_2,1,20,5
blocks-world/10/block-words_p03_hyp-6_10_0,1,20,9
blocks-world/10/block-words_p03_hyp-6_10_1,1,20,9
blocks-world/10/block-words_p03_hyp-6_10_2,1,20,9
blocks-world/10/block-words_p03_hyp-7_10_0,1,20,8
blocks-world/10/block-words_p03_hyp-7_10_1,2,20,7
blocks-world/10/block-words_p03_hyp-7_10_2,1,20,8
blocks-world/10/block-words_p03_hyp-8_10_0,1,20,8
blocks-world/10/block-words_p03_hyp-8_10_1,1,20,8
blocks-world/10/block-words_p03_hyp-8_10_2,1,20,8
blocks-world/10/block-words_p03_hyp-9_10_0,1,20,9
blocks-world/10/block-words_p03_hyp-9_10_1,1,20,9
blocks-world/10/block-words_p03_hyp-9_10_2,1,20,9
blocks-world/10/block-words_p04_hyp-1_10_1,4,20,0
blocks-world/10/block-words_p04_hyp-1_10_2,4,20,0
blocks-world/10/block-words_p04_hyp-1_10_3,4,20,0
blocks-world/10/block-words_p04_hyp-2_10_1,3,20,1
blocks-world/10/block-words_p04_hyp-2_10_2,3,20,1
blocks-world/10/block-words_p04_hyp-2_10_3,3,20,1
blocks-world/10/block-words_p04_hyp-3_10_1,4,20,2
blocks-world/10/block-words_p04_hyp-3_10_2,4,20,2
blocks-world/10/block-words_p04_hyp-3_10_3,4,20,2
blocks-world/10/block-words_p04_hyp-4_10_1,4,20,3
blocks-world/10/block-words_p04_hyp-4_10_2,4,20,3
blocks-world/10/block-words_p04_hyp-4_10_3,4,20,3
blocks-world/10/block-words_p05_hyp-1_10_1,4,20,0
blocks-world/10/block-words_p05_hyp-1_10_2,4,20,0
blocks-world/10/block-words_p05_hyp-1_10_3,4,20,0
blocks-world/10/block-words_p05_hyp-2_10_1,4,20,1
blocks-world/10/block-words_p05_hyp-2_10_2,4,20,1
blocks-world/10/block-words_p05_hyp-2_10_3,4,20,1
blocks-world/10/block-words_p05_hyp-3_10_1,5,20,2
blocks-world/10/block-words_p05_hyp-3_10_2,5,20,2
blocks-world/10/block-words_p05_hyp-3_10_3,5,20,2
blocks-world/10/block-words_p05_hyp-4_10_1,4,20,3
blocks-world/10/block-words_p05_hyp-4_10_2,4,20,3
blocks-world/10/block-words_p05_hyp-4_10_3,4,20,3
blocks-world/10/block-words_p06_hyp-1_10_1,4,20,0
blocks-world/10/block-words_p06_hyp-1_10_2,4,20,0
blocks-world/10/block-words_p06_hyp-1_10_3,4,20,0
blocks-world/10/block-words_p06_hyp-2_10_1,4,20,5
blocks-world/10/block-words_p06_hyp-2_10_2,4,20,5
blocks-world/10/block-words_p06_hyp-2_10_3,4,20,5
blocks-world/10/block-words_p06_hyp-3_10_1,5,20,10
blocks-world/10/block-words_p06_hyp-3_10_2,5,20,10
blocks-world/10/block-words_p06_hyp-3_10_3,5,20,10
blocks-world/10/block-words_p06_hyp-4_10_1,5,20,14
blocks-world/10/block-words_p06_hyp-4_10_2,5,20,14
blocks-world/10/block-words_p06_hyp-4_10_3,5,20,14
blocks-world/10/block-words_p07_hyp-1_10_1,7,20,0
blocks-world/10/block-words_p07_hyp-1_10_2,7,20,0
blocks-world/10/block-words_p07_hyp-1_10_3,7,20,0
blocks-world/10/block-words_p07_hyp-2_10_1,7,20,2
blocks-world/10/block-words_p07_hyp-2_10_2,7,20,2
blocks-world/10/block-words_p07_hyp-2_10_3,7,20,2
blocks-world/10/block-words_p07_hyp-3_10_1,6,20,10
blocks-world/10/block-words_p07_hyp-3_10_2,6,20,10
blocks-world/10/block-words_p07_hyp-3_10_3,6,20,10
blocks-world/10/block-words_p07_hyp-4_10_1,6,20,8
blocks-world/10/block-words_p07_hyp-4_10_2,6,20,8
blocks-world/10/block-words_p07_hyp-4_10_3,6,20,8
blocks-world/100/block-words-aaai_p01_hyp-0_full,10,21,16
blocks-world/100/block-words-aaai_p01_hyp-1_full,6,21,17
blocks-world/100/block-words-aaai_p01_hyp-2_full,6,21,18
blocks-world/100/block-words-aaai_p01_hyp-3_full,8,21,19
blocks-world/100/block-words-aaai_p01_hyp-4_full,10,21,20
blocks-world/100/block-words-aaai_p02_hyp-0_full,6,20,15
blocks-world/100/block-words-aaai_p02_hyp-1_full,6,20,16
blocks-world/100/block-words-aaai_p02_hyp-2_full,8,20,17
blocks-world/100/block-words-aaai_p02_hyp-3_full,8,20,18
blocks-world/100/block-words-aaai_p02_hyp-4_full,6,20,19
blocks-world/100/block-words-aaai_p03_hyp-0_full,6,20,15
blocks-world/100/block-words-aaai_p03_hyp-1_full,6,20,16
blocks-world/100/block-words-aaai_p03_hyp-2_full,8,20,17
blocks-world/100/block-words-aaai_p03_hyp-3_full,10,20,18
blocks-world/100/block-words-aaai_p03_hyp-4_full,14,20,7
blocks-world/100/block-words_p01_hyp-0_full,8,21,0
blocks-world/100/block-words_p01_hyp-10_full,8,21,10
blocks-world/100/block-words_p01_hyp-11_full,10,21,11
blocks-world/100/block-words_p01_hyp-12_full,6,21,12
blocks-world/100/block-words_p01_hyp-13_full,10,21,13
blocks-world/100/block-words_p01_hyp-14_full,10,21,14
blocks-world/100/block-words_p01_hyp-15_full,14,21,15
blocks-world/100/block-words_p01_hyp-16_full,10,21,16
blocks-world/100/block-words_p01_hyp-17_full,6,21,17
blocks-world/100/block-words_p01_hyp-18_full,6,21,18
blocks-world/100/block-words_p01_hyp-19_full,8,21,19
blocks-world/100/block-words_p01_hyp-1_full,8,21,1
blocks-world/100/block-words_p01_hyp-20_full,10,21,20
blocks-world/100/block-words_p01_hyp-2_full,6,21,2
blocks-world/100/block-words_p01_hyp-3_full,6,21,3
blocks-world/100/block-words_p01_hyp-4_full,10,21,20
blocks-world/100/block-words_p01_hyp-5_full,4,21,5
blocks-world/100/block-words_p01_hyp-6_full,10,21,6
blocks-world/100/block-words_p01_hyp-7_full,8,21,7
blocks-world/100/block-words_p01_hyp-8_full,10,21,8
blocks-world/100/block-words_p01_hyp-9_full,8,21,9
blocks-world/100/block-words_p02_hyp-0_full,8,20,0
blocks-world/100/block-words_p02_hyp-10_full,10,20,10
blocks-world/100/block-words_p02_hyp-11_full,12,20,11
blocks-world/100/block-words_p02_hyp-12_full,8,20,12
blocks-world/100/block-words_p02_hyp-13_full,6,20,13
blocks-world/100/block-words_p02_hyp-14_full,6,20,14
blocks-world/100/block-words_p02_hyp-15_full,6,20,15
blocks-world/100/block-words_p02_hyp-16_full,6,20,16
blocks-world/100/block-words_p02_hyp-17_full,8,20,17
blocks-world/100/block-words_p02_hyp-18_full,8,20,18
blocks-world/100/block-words_p02_hyp-19_full,6,20,19
blocks-world/100/block-words_p02_hyp-1_full,12,20,1
blocks-world/100/block-words_p02_hyp-2_full,10,20,2
blocks-world/100/block-words_p02_hyp-3_full,8,20,3
blocks-world/100/block-words_p02_hyp-4_full,12,20,4
blocks-world/100/block-words_p02_hyp-5_full,10,20,5
blocks-world/100/block-words_p02_hyp-6_full,10,20,6
blocks-world/100/block-words_p02_hyp-7_full,4,20,7
blocks-world/100/block-words_p02_hyp-8_full,4,20,8
blocks-world/100/block-words_p02_hyp-9_full,10,20,9
blocks-world/100/block-words_p03_hyp-0_full,14,20,0
blocks-world/100/block-words_p03_hyp-10_full,10,20,10
blocks-world/100/block-words_p03_hyp-11_full,8,20,11
blocks-world/100/block-words_p03_hyp-12_full,8,20,12
blocks-world/100/block-words_p03_hyp-13_full,12,20,13
blocks-world/100/block-words_p03_hyp-14_full,8,20,14
blocks-world/100/block-words_p03_hyp-15_full,6,20,15
blocks-world/100/block-words_p03_hyp-16_full,6,20,16
blocks-world/100/block-words_p03_hyp-17_full,8,20,17
blocks-world/100/block-words_p03_hyp-18_full,10,20,18
blocks-world/100/block-words_p03_hyp-19_full,14,20,7
blocks-world/100/block-words_p03_hyp-1_full,12,20,1
blocks-world/100/block-words_p03_hyp-2_full,6,20,2
blocks-world/100/block-words_p03_hyp-3_full,8,20,3
blocks-world/100/block-words_p03_hyp-4_full,6,20,4
blocks-world/100/block-words_p03_hyp-5_full,8,20,5
blocks-world/100/block-words_p03_hyp-6_full,8,20,6
blocks-world/100/block-words_p03_hyp-7_full,14,20,7
blocks-world/100/block-words_p03_hyp-8_full,8,20,8
blocks-world/100/block-words_p03_hyp-9_full,8,20,9
blocks-world/100/block-words_p04_hyp-1_full,32,20,0
blocks-world/100/block-words_p04_hyp-2_full,30,20,1
blocks-world/100/block-words_p04_hyp-3_full,40,20,2
blocks-world/100/block-words_p04_hyp-4_full,36,20,3
blocks-world/100/block-words_p05_hyp-1_full,32,20,0
blocks-world/100/block-words_p05_hyp-2_full,32,20,1
blocks-world/100/block-words_p05_hyp-3_full,46,20,2
blocks-world/100/block-words_p05_hyp-4_full,40,20,3
blocks-world/100/block-words_p06_hyp-1_full,36,20,0
blocks-world/100/block-words_p06_hyp-2_full,36,20,5
blocks-world/100/block-words_p06_hyp-3_full,44,20,10
blocks-world/100/block-words_p06_hyp-4_full,44,20,14
blocks-world/100/block-words_p07_hyp-1_full,64,20,0
blocks-world/100/block-words_p07_hyp-2_full,64,20,2
blocks-world/100/block-words_p07_hyp-3_full,60,20,10
blocks-world/100/block-words_p07_hyp-4_full,58,20,8
blocks-world/30/block-words-aaai_p01_hyp-0_30_0,2,21,5
blocks-world/30/block-words-aaai_p01_hyp-1_30_0,2,21,5
blocks-world/30/block-words-aaai_p01_hyp-2_30_0,3,21,7
blocks-world/30/block-words-aaai_p01_hyp-3_30_0,3,21,8
blocks-world/30/block-words-aaai_p01_hyp-4_30_0,3,21,9
blocks-world/30/block-words-aaai_p02_hyp-0_30_0,4,20,4
blocks-world/30/block-words-aaai_p02_hyp-1_30_0,3,20,5
blocks-world/30/block-words-aaai_p02_hyp-2_30_0,3,20,6
blocks-world/30/block-words-aaai_p02_hyp-3_30_0,2,20,7
blocks-world/30/block-words-aaai_p02_hyp-4_30_0,2,20,8
blocks-world/30/block-words-aaai_p03_hyp-0_30_0,2,20,4
blocks-world/30/block-words-aaai_p03_hyp-1_30_0,3,20,5
blocks-world/30/block-words-aaai_p03_hyp-2_30_0,3,20,6
blocks-world/30/block-words-aaai_p03_hyp-3_30_0,3,20,8
blocks-world/30/block-words-aaai_p03_hyp-4_30_0,3,20,8
blocks-world/30/block-words_p01_hyp-0_30_0,3,21,0
blocks-world/30/block-words_p01_hyp-0_30_1,3,21,0
blocks-world/30/block-words_p01_hyp-0_30_2,3,21,0
blocks-world/30/block-words_p01_hyp-10_30_0,3,21,10
blocks-world/30/block-words_p01_hyp-10_30_1,3,21,10
blocks-world/30/block-words_p01_hyp-10_30_2,3,21,10
blocks-world/30/block-words_p01_hyp-11_30_0,3,21,11
blocks-world/30/block-words_p01_hyp-11_30_1,3,21,11
blocks-world/30/block-words_p01_hyp-11_30_2,3,21,10
blocks-world/30/block-words_p01_hyp-12_30_0,2,21,12
blocks-world/30/block-words_p01_hyp-12_30_1,2,21,12
blocks-world/30/block-words_p01_hyp-12_30_2,3,21,11
blocks-world/30/block-words_p01_hyp-13_30_0,3,21,13
blocks-world/30/block-words_p01_hyp-13_30_1,3,21,13
blocks-world/30/block-words_p01_hyp-13_30_2,3,21,13
blocks-world/30/block-words_p01_hyp-14_30_0,3,21,14
blocks-world/30/block-words_p01_hyp-14_30_1,3,21,14
blocks-world/30/block-words_p01_hyp-14_30_2,3,21,14
blocks-world/30/block-words_p01_hyp-15_30_0,5,21,15
blocks-world/30/block-words_p01_hyp-15_30_1,5,21,15
blocks-world/30/block-words_p01_hyp-15_30_2,3,21,19
blocks-world/30/block-words_p01_hyp-16_30_0,3,21,16
blocks-world/30/block-words_p01_hyp-16_30_1,3,21,16
blocks-world/30/block-words_p01_hyp-16_30_2,3,21,19
blocks-world/30/block-words_p01_hyp-17_30_0,2,21,17
blocks-world/30/block-words_p01_hyp-17_30_1,2,21,17
blocks-world/30/block-words_p01_hyp-17_30_2,2,21,17
blocks-world/30/block-words_p01_hyp-18_30_0,2,21,18
blocks-world/30/block-words_p01_hyp-18_30_1,2,21,18
blocks-world/30/block-words_p01_hyp-18_30_2,3,21,19
blocks-world/30/block-words_p01_hyp-19_30_0,3,21,19
blocks-world/30/block-words_p01_hyp-19_30_1,3,21,19
blocks-world/30/block-words_p01_hyp-19_30_2,3,21,19
blocks-world/30/block-words_p01_hyp-1_30_0,3,21,1
blocks-world/30/block-words_p01_hyp-1_30_1,3,21,1
blocks-world/30/block-words_p01_hyp-1_30_2,3,21,1
blocks-world/30/block-words_p01_hyp-20_30_0,3,21,20
blocks-world/30/block-words_p01_hyp-20_30_1,3,21,19
blocks-world/30/block-words_p01_hyp-20_30_2,3,21,20
blocks-world/30/block-words_p01_hyp-2_30_0,2,21,2
blocks-world/30/block-words_p01_hyp-2_30_1,2,21,2
blocks-world/30/block-words_p01_hyp-2_30_2,2,21,2
blocks-world/30/block-words_p01_hyp-3_30_0,2,21,3
blocks-world/30/block-words_p01_hyp-3_30_1,2,21,3
blocks-world/30/block-words_p01_hyp-3_30_2,2,21,3
blocks-world/30/block-words_p01_hyp-4_30_0,3,21,4
blocks-world/30/block-words_p01_hyp-4_30_1,2,21,5
blocks-world/30/block-words_p01_hyp-4_30_2,2,21,3
blocks-world/30/block-words_p01_hyp-5_30_0,2,21,5
blocks-world/30/block-words_p01_hyp-5_30_1,2,21,5
blocks-world/30/block-words_p01_hyp-5_30_2,2,21,5
blocks-world/30/block-words_p01_hyp-6_30_0,3,21,6
blocks-world/30/block-words_p01_hyp-6_30_1,2,21,5
blocks-world/30/block-words_p01_hyp-6_30_2,3,21,6
blocks-world/30/block-words_p01_hyp-7_30_0,3,21,7
blocks-world/30/block-words_p01_hyp-7_30_1,3,21,7
blocks-world/30/block-words_p01_hyp-7_30_2,3,21,7
blocks-world/30/block-words_p01_hyp-8_30_0,3,21,9
blocks-world/30/block-words_p01_hyp-8_30_1,3,21,7
blocks-world/30/block-words_p01_hyp-8_30_2,3,21,8
blocks-world/30/block-words_p01_hyp-9_30_0,3,21,9
blocks-world/30/block-words_p01_hyp-9_30_1,3,21,9
blocks-world/30/block-words_p01_hyp-9_30_2,3,21,7
blocks-world/30/block-words_p02_hyp-0_30_0,3,20,0
blocks-world/30/block-words_p02_hyp-0_30_1,3,20,0
blocks-world/30/block-words_p02_hyp-0_30_2,3,20,2
blocks-world/30/block-words_p02_hyp-10_30_0,3,20,10
blocks-world/30/block-words_p02_hyp-10_30_1,3,20,10
blocks-world/30/block-words_p02_hyp-10_30_2,3,20,9
blocks-world/30/block-words_p02_hyp-11_30_0,4,20,11
blocks-world/30/block-words_p02_hyp-11_30_1,4,20,11
blocks-world/30/block-words_p02_hyp-11_30_2,3,20,9
blocks-world/30/block-words_p02_hyp-12_30_0,3,20,12
blocks-world/30/block-words_p02_hyp-12_30_1,3,20,12
blocks-world/30/block-words_p02_hyp-12_30_2,3,20,12
blocks-world/30/block-words_p02_hyp-13_30_0,2,20,13
blocks-world/30/block-words_p02_hyp-13_30_1,3,20,12
blocks-world/30/block-words_p02_hyp-13_30_2,2,20,13
blocks-world/30/block-words_p02_hyp-14_30_0,2,20,14
blocks-world/30/block-words_p02_hyp-14_30_1,2,20,14
blocks-world/30/block-words_p02_hyp-14_30_2,2,20,13
blocks-world/30/block-words_p02_hyp-15_30_0,2,20,15
blocks-world/30/block-words_p02_hyp-15_30_1,2,20,15
blocks-world/30/block-words_p02_hyp-15_30_2,2,20,15
blocks-world/30/block-words_p02_hyp-16_30_0,2,20,16
blocks-world/30/block-words_p02_hyp-16_30_1,2,20,16
blocks-world/30/block-words_p02_hyp-16_30_2,2,20,16
blocks-world/30/block-words_p02_hyp-17_30_0,3,20,17
blocks-world/30/block-words_p02_hyp-17_30_1,3,20,17
blocks-world/30/block-words_p02_hyp-17_30_2,3,20,18
blocks-world/30/block-words_p02_hyp-18_30_0,3,20,18
blocks-world/30/block-words_p02_hyp-18_30_1,3,20,18
blocks-world/30/block-words_p02_hyp-18_30_2,3,20,18
blocks-world/30/block-words_p02_hyp-19_30_0,2,20,19
blocks-world/30/block-words_p02_hyp-19_30_1,2,20,19
blocks-world/30/block-words_p02_hyp-19_30_2,2,20,19
blocks-world/30/block-words_p02_hyp-1_30_0,4,20,1
blocks-world/30/block-words_p02_hyp-1_30_1,3,20,2
blocks-world/30/block-words_p02_hyp-1_30_2,4,20,1
blocks-world/30/block-words_p02_hyp-2_30_0,3,20,2
blocks-world/30/block-words_p02_hyp-2_30_1,3,20,2
blocks-world/30/block-words_p02_hyp-2_30_2,3,20,2
blocks-world/30/block-words_p02_hyp-3_30_0,3,20,3
blocks-world/30/block-words_p02_hyp-3_30_1,3,20,3
blocks-world/30/block-words_p02_hyp-3_30_2,3,20,3
blocks-world/30/block-words_p02_hyp-4_30_0,3,20,5
blocks-world/30/block-words_p02_hyp-4_30_1,4,20,4
blocks-world/30/block-words_p02_hyp-4_30_2,3,20,5
blocks-world/30/block-words_p02_hyp-5_30_0,3,20,5
blocks-world/30/block-words_p02_hyp-5_30_1,3,20,5
blocks-world/30/block-words_p02_hyp-5_30_2,3,20,5
blocks-world/30/block-words_p02_hyp-6_30_0,3,20,6
blocks-world/30/block-words_p02_hyp-6_30_1,3,20,6
blocks-world/30/block-words_p02_hyp-6_30_2,3,20,6
blocks-world/30/block-words_p02_hyp-7_30_0,2,20,7
blocks-world/30/block-words_p02_hyp-7_30_1,2,20,7
blocks-world/30/block-words_p02_hyp-7_30_2,3,20,6
blocks-world/30/block-words_p02_hyp-8_30_0,2,20,8
blocks-world/30/block-words_p02_hyp-8_30_1,2,20,8
blocks-world/30/block-words_p02_hyp-8_30_2,2,20,8
blocks-world/30/block-words_p02_hyp-9_30_0,3,20,9
blocks-world/30/block-words_p02_hyp-9_30_1,2,20,8
blocks-world/30/block-words_p02_hyp-9_30_2,3,20,9
blocks-world/30/block-words_p03_hyp-0_30_0,5,20,0
blocks-world/30/block-words_p03_hyp-0_30_1,5,20,0
blocks-world/30/block-words_p03_hyp-0_30_2,5,20,0
blocks-world/30/block-words_p03_hyp-10_30_0,3,20,10
blocks-world/30/block-words_p03_hyp-10_30_1,3,20,10
blocks-world/30/block-words_p03_hyp-10_30_2,3,20,14
blocks-world/30/block-words_p03_hyp-11_30_0,3,20,11
blocks-world/30/block-words_p03_hyp-11_30_1,3,20,9
blocks-world/30/block-words_p03_hyp-11_30_2,3,20,11
blocks-world/30/block-words_p03_hyp-12_30_0,3,20,12
blocks-world/30/block-words_p03_hyp-12_30_1,3,20,12
blocks-world/30/block-words_p03_hyp-12_30_2,3,20,14
blocks-world/30/block-words_p03_hyp-13_30_0,4,20,13
blocks-world/30/block-words_p03_hyp-13_30_1,3,20,14
blocks-world/30/block-words_p03_hyp-13_30_2,4,20,13
blocks-world/30/block-words_p03_hyp-14_30_0,3,20,14
blocks-world/30/block-words_p03_hyp-14_30_1,3,20,14
blocks-world/30/block-words_p03_hyp-14_30_2,3,20,14
blocks-world/30/block-words_p03_hyp-15_30_0,2,20,15
blocks-world/30/block-words_p03_hyp-15_30_1,3,20,17
blocks-world/30/block-words_p03_hyp-15_30_2,3,20,14
blocks-world/30/block-words_p03_hyp-16_30_0,2,20,16
blocks-world/30/block-words_p03_hyp-16_30_1,3,20,17
blocks-world/30/block-words_p03_hyp-16_30_2,2,20,16
blocks-world/30/block-words_p03_hyp-17_30_0,3,20,17
blocks-world/30/block-words_p03_hyp-17_30_1,3,20,17
blocks-world/30/block-words_p03_hyp-17_30_2,3,20,17
blocks-world/30/block-words_p03_hyp-18_30_0,3,20,18
blocks-world/30/block-words_p03_hyp-18_30_1,3,20,18
blocks-world/30/block-words_p03_hyp-18_30_2,3,20,18
blocks-world/30/block-words_p03_hyp-19_30_0,5,20,7
blocks-world/30/block-words_p03_hyp-19_30_1,3,20,17
blocks-world/30/block-words_p03_hyp-19_30_2,5,20,7
blocks-world/30/block-words_p03_hyp-1_30_0,4,20,1
blocks-world/30/block-words_p03_hyp-1_30_1,3,20,8
blocks-world/30/block-words_p03_hyp-1_30_2,4,20,1
blocks-world/30/block-words_p03_hyp-2_30_0,2,20,2
blocks-world/30/block-words_p03_hyp-2_30_1,2,20,2
blocks-world/30/block-words_p03_hyp-2_30_2,3,20,3
blocks-world/30/block-words_p03_hyp-3_30_0,3,20,3
blocks-world/30/block-words_p03_hyp-3_30_1,3,20,3
blocks-world/30/block-words_p03_hyp-3_30_2,3,20,3
blocks-world/30/block-words_p03_hyp-4_30_0,2,20,4
blocks-world/30/block-words_p03_hyp-4_30_1,3,20,8
blocks-world/30/block-words_p03_hyp-4_30_2,2,20,4
blocks-world/30/block-words_p03_hyp-5_30_0,3,20,5
blocks-world/30/block-words_p03_hyp-5_30_1,3,20,5
blocks-world/30/block-words_p03_hyp-5_30_2,3,20,8
blocks-world/30/block-words_p03_hyp-6_30_0,3,20,6
blocks-world/30/block-words_p03_hyp-6_30_1,3,20,6
blocks-world/30/block-words_p03_hyp-6_30_2,3,20,9
blocks-world/30/block-words_p03_hyp-7_30_0,5,20,7
blocks-world/30/block-words_p03_hyp-7_30_1,3,20,9
blocks-world/30/block-words_p03_hyp-7_30_2,5,20,7
blocks-world/30/block-words_p03_hyp-8_30_0,3,20,8
blocks-world/30/block-words_p03_hyp-8_30_1,3,20,8
blocks-world/30/block-words_p03_hyp-8_30_2,3,20,9
blocks-world/30/block-words_p03_hyp-9_30_0,3,20,9
blocks-world/30/block-words_p03_hyp-9_30_1,3,20,9
blocks-world/30/block-words_p03_hyp-9_30_2,3,20,9
blocks-world/30/block-words_p04_hyp-1_30_1,10,20,0
blocks-world/30/block-words_p04_hyp-1_30_2,10,20,0
blocks-world/30/block-words_p04_hyp-1_30_3,10,20,0
blocks-world/30/block-words_p04_hyp-2_30_1,9,20,1
blocks-world/30/block-words_p04_hyp-2_30_2,9,20,1
blocks-world/30/block-words_p04_hyp-2_30_3,9,20,1
blocks-world/30/block-words_p04_hyp-3_30_1,12,20,2
blocks-world/30/block-words_p04_hyp-3_30_2,12,20,2
blocks-world/30/block-words_p04_hyp-3_30_3,12,20,2
blocks-world/30/block-words_p04_hyp-4_30_1,11,20,3
blocks-world/30/block-words_p04_hyp-4_30_2,11,20,3
blocks-world/30/block-words_p04_hyp-4_30_3,11,20,3
blocks-world/30/block-words_p05_hyp-1_30_1,10,20,0
blocks-world/30/block-words_p05_hyp-1_30_2,10,20,0
blocks-world/30/block-words_p05_hyp-1_30_3,10,20,0
blocks-world/30/block-words_p05_hyp-2_30_1,10,20,1
blocks-world/30/block-words_p05_hyp-2_30_2,10,20,1
blocks-world/30/block-words_p05_hyp-2_30_3,10,20,1
blocks-world/30/block-words_p05_hyp-3_30_1,14,20,2
blocks-world/30/block-words_p05_hyp-3_30_2,14,20,2
blocks-world/30/block-words_p05_hyp-3_30_3,14,20,2
blocks-world/30/block-words_p05_hyp-4_30_1,12,20,3
blocks-world/30/block-words_p05_hyp-4_30_2,12,20,3
blocks-world/30/block-words_p05_hyp-4_30_3,12,20,3
blocks-world/30/block-words_p06_hyp-1_30_1,11,20,0
blocks-world/30/block-words_p06_hyp-1_30_2,11,20,0
blocks-world/30/block-words_p06_hyp-1_30_3,11,20,0
blocks-world/30/block-words_p06_hyp-2_30_1,11,20,5
blocks-world/30/block-words_p06_hyp-2_30_2,11,20,5
blocks-world/30/block-words_p06_hyp-2_30_3,11,20,5
blocks-world/30/block-words_p06_hyp-3_30_1,14,20,10
blocks-world/30/block-words_p06_hyp-3_30_2,14,20,10
blocks-world/30/block-words_p06_hyp-3_30_3,14,20,10
blocks-world/30/block-words_p06_hyp-4_30_1,14,20,14
blocks-world/30/block-words_p06_hyp-4_30_2,14,20,14
blocks-world/30/block-words_p06_hyp-4_30_3,14,20,14
blocks-world/30/block-words_p07_hyp-1_30_1,20,20,0
blocks-world/30/block-words_p07_hyp-1_30_2,20,20,0
blocks-world/30/block-words_p07_hyp-1_30_3,20,20,0
blocks-world/30/block-words_p07_hyp-2_30_1,20,20,2
blocks-world/30/block-words_p07_hyp-2_30_2,20,20,2
blocks-world/30/block-words_p07_hyp-2_30_3,20,20,2
blocks-world/30/block-words_p07_hyp-3_30_1,18,20,10
blocks-world/30/block-words_p07_hyp-3_30_2,18,20,10
blocks-world/30/block-words_p07_hyp-3_30_3,18,20,10
blocks-world/30/block-words_p07_hyp-4_30_1,18,20,8
blocks-world/30/block-words_p07_hyp-4_30_2,18,20,8
blocks-world/30/block-words_p07_hyp-4_30_3,18,20,8
blocks-world/50/block-words-aaai_p01_hyp-0_50_0,4,21,9
blocks-world/50/block-words-aaai_p01_hyp-1_50_0,4,21,10
blocks-world/50/block-words-aaai_p01_hyp-2_50_0,5,21,11
blocks-world/50/block-words-aaai_p01_hyp-3_50_0,3,21,12
blocks-world/50/block-words-aaai_p01_hyp-4_50_0,5,21,13
blocks-world/50/block-words-aaai_p02_hyp-0_50_0,2,20,8
blocks-world/50/block-words-aaai_p02_hyp-1_50_0,5,20,9
blocks-world/50/block-words-aaai_p02_hyp-2_50_0,5,20,10
blocks-world/50/block-words-aaai_p02_hyp-3_50_0,6,20,11
blocks-world/50/block-words-aaai_p02_hyp-4_50_0,4,20,12
blocks-world/50/block-words-aaai_p03_hyp-0_50_0,4,20,8
blocks-world/50/block-words-aaai_p03_hyp-1_50_0,4,20,9
blocks-world/50/block-words-aaai_p03_hyp-2_50_0,5,20,10
blocks-world/50/block-words-aaai_p03_hyp-3_50_0,4,20,11
blocks-world/50/block-words-aaai_p03_hyp-4_50_0,4,20,12
blocks-world/50/block-words_p01_hyp-0_50_0,4,21,0
blocks-world/50/block-words_p01_hyp-0_50_1,4,21,0
blocks-world/50/block-words_p01_hyp-0_50_2,4,21,0
blocks-world/50/block-words_p01_hyp-10_50_0,4,21,10
blocks-world/50/block-words_p01_hyp-10_50_1,4,21,10
blocks-world/50/block-words_p01_hyp-10_50_2,4,21,10
blocks-world/50/block-words_p01_hyp-11_50_0,5,21,11
blocks-world/50/block-words_p01_hyp-11_50_1,5,21,11
blocks-world/50/block-words_p01_hyp-11_50_2,5,21,11
blocks-world/50/block-words_p01_hyp-12_50_0,3,21,12
blocks-world/50/block-words_p01_hyp-12_50_1,3,21,12
blocks-world/50/block-words_p01_hyp-12_50_2,3,21,12
blocks-world/50/block-words_p01_hyp-13_50_0,5,21,13
blocks-world/50/block-words_p01_hyp-13_50_1,5,21,13
blocks-world/50/block-words_p01_hyp-13_50_2,5,21,13
blocks-world/50/block-words_p01_hyp-14_50_0,5,21,14
blocks-world/50/block-words_p01_hyp-14_50_1,5,21,14
blocks-world/50/block-words_p01_hyp-14_50_2,5,21,14
blocks-world/50/block-words_p01_hyp-15_50_0,7,21,15
blocks-world/50/block-words_p01_hyp-15_50_1,7,21,15
blocks-world/50/block-words_p01_hyp-15_50_2,7,21,15
blocks-world/50/block-words_p01_hyp-16_50_0,5,21,16
blocks-world/50/block-words_p01_hyp-16_50_1,5,21,16
blocks-world/50/block-words_p01_hyp-16_50_2,5,21,16
blocks-world/50/block-words_p01_hyp-17_50_0,3,21,17
blocks-world/50/block-words_p01_hyp-17_50_1,3,21,17
blocks-world/50/block-words_p01_hyp-17_50_2,3,21,17
blocks-world/50/block-words_p01_hyp-18_50_0,3,21,18
blocks-world/50/block-words_p01_hyp-18_50_1,3,21,18
blocks-world/50/block-words_p01_hyp-18_50_2,3,21,18
blocks-world/50/block-words_p01_hyp-19_50_0,4,21,19
blocks-world/50/block-words_p01_hyp-19_50_1,4,21,19
blocks-world/50/block-words_p01_hyp-19_50_2,4,21,19
blocks-world/50/block-words_p01_hyp-1_50_0,4,21,1
blocks-world/50/block-words_p01_hyp-1_50_1,4,21,1
blocks-world/50/block-words_p01_hyp-1_50_2,4,21,1
blocks-world/50/block-words_p01_hyp-20_50_0,5,21,20
blocks-world/50/block-words_p01_hyp-20_50_1,5,21,20
blocks-world/50/block-words_p01_hyp-20_50_2,5,21,20
blocks-world/50/block-words_p01_hyp-2_50_0,3,21,2
blocks-world/50/block-words_p01_hyp-2_50_1,3,21,2
blocks-world/50/block-words_p01_hyp-2_50_2,3,21,2
blocks-world/50/block-words_p01_hyp-3_50_0,3,21,3
blocks-world/50/block-words_p01_hyp-3_50_1,3,21,3
blocks-world/50/block-words_p01_hyp-3_50_2,3,21,3
blocks-world/50/block-words_p01_hyp-4_50_0,5,21,4
blocks-world/50/block-words_p01_hyp-4_50_1,5,21,4
blocks-world/50/block-words_p01_hyp-4_50_2,5,21,4
blocks-world/50/block-words_p01_hyp-5_50_0,2,21,5
blocks-world/50/block-words_p01_hyp-5_50_1,2,21,5
blocks-world/50/block-words_p01_hyp-5_50_2,2,21,5
blocks-world/50/block-words_p01_hyp-6_50_0,5,21,6
blocks-world/50/block-words_p01_hyp-6_50_1,5,21,6
blocks-world/50/block-words_p01_hyp-6_50_2,5,21,6
blocks-world/50/block-words_p01_hyp-7_50_0,4,21,7
blocks-world/50/block-words_p01_hyp-7_50_1,4,21,7
blocks-world/50/block-words_p01_hyp-7_50_2,4,21,7
blocks-world/50/block-words_p01_hyp-8_50_0,5,21,8
blocks-world/50/block-words_p01_hyp-8_50_1,5,21,8
blocks-world/50/block-words_p01_hyp-8_50_2,5,21,8
blocks-world/50/block-words_p01_hyp-9_50_0,4,21,9
blocks-world/50/block-words_p01_hyp-9_50_1,4,21,9
blocks-world/50/block-words_p01_hyp-9_50_2,4,21,9
blocks-world/50/block-words_p02_hyp-0_50_0,4,20,0
blocks-world/50/block-words_p02_hyp-0_50_1,4,20,0
blocks-world/50/block-words_p02_hyp-0_50_2,4,20,0
blocks-world/50/block-words_p02_hyp-10_50_0,5,20,10
blocks-world/50/block-words_p02_hyp-10_50_1,5,20,10
blocks-world/50/block-words_p02_hyp-10_50_2,5,20,10
blocks-world/50/block-words_p02_hyp-11_50_0,6,20,11
blocks-world/50/block-words_p02_hyp-11_50_1,6,20,11
blocks-world/50/block-words_p02_hyp-11_50_2,6,20,11
blocks-world/50/block-words_p02_hyp-12_50_0,4,20,12
blocks-world/50/block-words_p02_hyp-12_50_1,4,20,12
blocks-world/50/block-words_p02_hyp-12_50_2,4,20,12
blocks-world/50/block-words_p02_hyp-13_50_0,3,20,13
blocks-world/50/block-words_p02_hyp-13_50_1,3,20,13
blocks-world/50/block-words_p02_hyp-13_50_2,3,20,13
blocks-world/50/block-words_p02_hyp-14_50_0,3,20,14
blocks-world/50/block-words_p02_hyp-14_50_1,3,20,14
blocks-world/50/block-words_p02_hyp-14_50_2,3,20,14
blocks-world/50/block-words_p02_hyp-15_50_0,3,20,15
blocks-world/50/block-words_p02_hyp-15_50_1,3,20,15
blocks-world/50/block-words_p02_hyp-15_50_2,3,20,15
blocks-world/50/block-words_p02_hyp-16_50_0,3,20,16
blocks-world/50/block-words_p02_hyp-16_50_1,3,20,16
blocks-world/50/block-words_p02_hyp-16_50_2,3,20,16
blocks-world/50/block-words_p02_hyp-17_50_0,4,20,17
blocks-world/50/block-words_p02_hyp-17_50_1,4,20,17
blocks-world/50/block-words_p02_hyp-17_50_2,4,20,17
blocks-world/50/block-words_p02_hyp-18_50_0,4,20,18
blocks-world/50/block-words_p02_hyp-18_50_1,4,20,18
blocks-world/50/block-words_p02_hyp-18_50_2,4,20,18
blocks-world/50/block-words_p02_hyp-19_50_0,3,20,19
blocks-world/50/block-words_p02_hyp-19_50_1,3,20,19
blocks-world/50/block-words_p02_hyp-19_50_2,3,20,19
blocks-world/50/block-words_p02_hyp-1_50_0,6,20,1
blocks-world/50/block-words_p02_hyp-1_50_1,6,20,1
blocks-world/50/block-words_p02_hyp-1_50_2,6,20,1
blocks-world/50/block-words_p02_hyp-2_50_0,5,20,2
blocks-world/50/block-words_p02_hyp-2_50_1,5,20,2
blocks-world/50/block-words_p02_hyp-2_50_2,5,20,2
blocks-world/50/block-words_p02_hyp-3_50_0,4,20,3
blocks-world/50/block-words_p02_hyp-3_50_1,4,20,3
blocks-world/50/block-words_p02_hyp-3_50_2,4,20,3
blocks-world/50/block-words_p02_hyp-4_50_0,6,20,4
blocks-world/50/block-words_p02_hyp-4_50_1,6,20,4
blocks-world/50/block-words_p02_hyp-4_50_2,6,20,4
blocks-world/50/block-words_p02_hyp-5_50_0,5,20,5
blocks-world/50/block-words_p02_hyp-5_50_1,5,20,5
blocks-world/50/block-words_p02_hyp-5_50_2,5,20,5
blocks-world/50/block-words_p02_hyp-6_50_0,5,20,6
blocks-world/50/block-words_p02_hyp-6_50_1,5,20,6
blocks-world/50/block-words_p02_hyp-6_50_2,5,20,6
blocks-world/50/block-words_p02_hyp-7_50_0,2,20,7
blocks-world/50/block-words_p02_hyp-7_50_1,2,20,7
blocks-world/50/block-words_p02_hyp-7_50_2,2,20,7
blocks-world/50/block-words_p02_hyp-8_50_0,2,20,8
blocks-world/50/block-words_p02_hyp-8_50_1,2,20,8
blocks-world/50/block-words_p02_hyp-8_50_2,2,20,8
blocks-world/50/block-words_p02_hyp-9_50_0,5,20,9
blocks-world/50/block-words_p02_hyp-9_50_1,5,20,9
blocks-world/50/block-words_p02_hyp-9_50_2,5,20,9
blocks-world/50/block-words_p03_hyp-0_50_0,7,20,0
blocks-world/50/block-words_p03_hyp-0_50_1,7,20,0
blocks-world/50/block-words_p03_hyp-0_50_2,7,20,0
blocks-world/50/block-words_p03_hyp-10_50_0,5,20,10
blocks-world/50/block-words_p03_hyp-10_50_1,5,20,10
blocks-world/50/block-words_p03_hyp-10_50_2,4,20,11
blocks-world/50/block-words_p03_hyp-11_50_0,4,20,11
blocks-world/50/block-words_p03_hyp-11_50_1,4,20,11
blocks-world/50/block-words_p03_hyp-11_50_2,4,20,11
blocks-world/50/block-words_p03_hyp-12_50_0,4,20,12
blocks-world/50/block-words_p03_hyp-12_50_1,4,20,12
blocks-world/50/block-words_p03_hyp-12_50_2,6,20,13
blocks-world/50/block-words_p03_hyp-13_50_0,6,20,13
blocks-world/50/block-words_p03_hyp-13_50_1,6,20,13
blocks-world/50/block-words_p03_hyp-13_50_2,6,20,13
blocks-world/50/block-words_p03_hyp-14_50_0,4,20,14
blocks-world/50/block-words_p03_hyp-14_50_1,4,20,14
blocks-world/50/block-words_p03_hyp-14_50_2,4,20,14
blocks-world/50/block-words_p03_hyp-15_50_0,3,20,15
blocks-world/50/block-words_p03_hyp-15_50_1,4,20,17
blocks-world/50/block-words_p03_hyp-15_50_2,3,20,15
blocks-world/50/block-words_p03_hyp-16_50_0,3,20,16
blocks-world/50/block-words_p03_hyp-16_50_1,3,20,16
blocks-world/50/block-words_p03_hyp-16_50_2,4,20,17
blocks-world/50/block-words_p03_hyp-17_50_0,4,20,17
blocks-world/50/block-words_p03_hyp-17_50_1,4,20,17
blocks-world/50/block-words_p03_hyp-17_50_2,4,20,17
blocks-world/50/block-words_p03_hyp-18_50_0,5,20,18
blocks-world/50/block-words_p03_hyp-18_50_1,5,20,18
blocks-world/50/block-words_p03_hyp-18_50_2,5,20,18
blocks-world/50/block-words_p03_hyp-19_50_0,7,20,7
blocks-world/50/block-words_p03_hyp-19_50_1,7,20,7
blocks-world/50/block-words_p03_hyp-19_50_2,7,20,7
blocks-world/50/block-words_p03_hyp-1_50_0,6,20,1
blocks-world/50/block-words_p03_hyp-1_50_1,6,20,1
blocks-world/50/block-words_p03_hyp-1_50_2,6,20,1
blocks-world/50/block-words_p03_hyp-2_50_0,3,20,2
blocks-world/50/block-words_p03_hyp-2_50_1,3,20,2
blocks-world/50/block-words_p03_hyp-2_50_2,3,20,2
blocks-world/50/block-words_p03_hyp-3_50_0,4,20,3
blocks-world/50/block-words_p03_hyp-3_50_1,4,20,3
blocks-world/50/block-words_p03_hyp-3_50_2,4,20,3
blocks-world/50/block-words_p03_hyp-4_50_0,3,20,4
blocks-world/50/block-words_p03_hyp-4_50_1,3,20,4
blocks-world/50/block-words_p03_hyp-4_50_2,3,20,4
blocks-world/50/block-words_p03_hyp-5_50_0,4,20,5
blocks-world/50/block-words_p03_hyp-5_50_1,4,20,5
blocks-world/50/block-words_p03_hyp-5_50_2,4,20,5
blocks-world/50/block-words_p03_hyp-6_50_0,4,20,6
blocks-world/50/block-words_p03_hyp-6_50_1,4,20,6
blocks-world/50/block-words_p03_hyp-6_50_2,4,20,5
blocks-world/50/block-words_p03_hyp-7_50_0,7,20,7
blocks-world/50/block-words_p03_hyp-7_50_1,4,20,9
blocks-world/50/block-words_p03_hyp-7_50_2,4,20,8
blocks-world/50/block-words_p03_hyp-8_50_0,4,20,8
blocks-world/50/block-words_p03_hyp-8_50_1,4,20,8
blocks-world/50/block-words_p03_hyp-8_50_2,4,20,8
blocks-world/50/block-words_p03_hyp-9_50_0,4,20,9
blocks-world/50/block-words_p03_hyp-9_50_1,4,20,9
blocks-world/50/block-words_p03_hyp-9_50_2,4,20,9
blocks-world/50/block-words_p04_hyp-1_50_1,16,20,0
blocks-world/50/block-words_p04_hyp-1_50_2,16,20,0
blocks-world/50/block-words_p04_hyp-1_50_3,16,20,0
blocks-world/50/block-words_p04_hyp-2_50_1,15,20,1
blocks-world/50/block-words_p04_hyp-2_50_2,15,20,1
blocks-world/50/block-words_p04_hyp-2_50_3,15,20,1
blocks-world/50/block-words_p04_hyp-3_50_1,20,20,2
blocks-world/50/block-words_p04_hyp-3_50_2,20,20,2
blocks-world/50/block-words_p04_hyp-3_50_3,20,20,2
blocks-world/50/block-words_p04_hyp-4_50_1,18,20,3
blocks-world/50/block-words_p04_hyp-4_50_2,18,20,3
blocks-world/50/block-words_p04_hyp-4_50_3,18,20,3
blocks-world/50/block-words_p05_hyp-1_50_1,16,20,0
blocks-world/50/block-words_p05_hyp-1_50_2,16,20,0
blocks-world/50/block-words_p05_hyp-1_50_3,16,20,0
blocks-world/50/block-words_p05_hyp-2_50_1,16,20,1
blocks-world/50/block-words_p05_hyp-2_50_2,16,20,1
blocks-world/50/block-words_p05_hyp-2_50_3,16,20,1
blocks-world/50/block-words_p05_hyp-3_50_1,23,20,2
blocks-world/50/block-words_p05_hyp-3_50_2,23,20,2
blocks-world/50/block-words_p05_hyp-3_50_3,23,20,2
blocks-world/50/block-words_p05_hyp-4_50_1,20,20,3
blocks-world/50/block-words_p05_hyp-4_50_2,20,20,3
blocks-world/50/block-words_p05_hyp-4_50_3,20,20,3
blocks-world/50/block-words_p06_hyp-1_50_1,18,20,0
blocks-world/50/block-words_p06_hyp-1_50_2,18,20,0
blocks-world/50/block-words_p06_hyp-1_50_3,18,20,0
blocks-world/50/block-words_p06_hyp-2_50_1,18,20,5
blocks-world/50/block-words_p06_hyp-2_50_2,18,20,5
blocks-world/50/block-words_p06_hyp-2_50_3,18,20,5
blocks-world/50/block-words_p06_hyp-3_50_1,22,20,10
blocks-world/50/block-words_p06_hyp-3_50_2,22,20,10
blocks-world/50/block-words_p06_hyp-3_50_3,22,20,10
blocks-world/50/block-words_p06_hyp-4_50_1,22,20,14
blocks-world/50/block-words_p06_hyp-4_50_2,22,20,14
blocks-world/50/block-words_p06_hyp-4_50_3,22,20,14
blocks-world/50/block-words_p07_hyp-1_50_1,32,20,0
blocks-world/50/block-words_p07_hyp-1_50_2,32,20,0
blocks-world/50/block-words_p07_hyp-1_50_3,32,20,0
blocks-world/50/block-words_p07_hyp-2_50_1,32,20,2
blocks-world/50/block-words_p07_hyp-2_50_2,32,20,2
blocks-world/50/block-words_p07_hyp-2_50_3,32,20,2
blocks-world/50/block-words_p07_hyp-3_50_1,30,20,10
blocks-world/50/block-words_p07_hyp-3_50_2,30,20,10
blocks-world/50/block-words_p07_hyp-3_50_3,30,20,10
blocks-world/50/block-words_p07_hyp-4_50_1,29,20,8
blocks-world/50/block-words_p07_hyp-4_50_2,29,20,8
blocks-world/50/block-words_p07_hyp-4_50_3,29,20,8
blocks-world/70/block-words-aaai_p01_hyp-0_70_0,7,21,13
blocks-world/70/block-words-aaai_p01_hyp-1_70_0,7,21,14
blocks-world/70/block-words-aaai_p01_hyp-2_70_0,10,21,15
blocks-world/70/block-words-aaai_p01_hyp-3_70_0,7,21,16
blocks-world/70/block-words-aaai_p01_hyp-4_70_0,5,21,17
blocks-world/70/block-words-aaai_p02_hyp-0_70_0,6,20,12
blocks-world/70/block-words-aaai_p02_hyp-1_70_0,5,20,13
blocks-world/70/block-words-aaai_p02_hyp-2_70_0,5,20,14
blocks-world/70/block-words-aaai_p02_hyp-3_70_0,5,20,15
blocks-world/70/block-words-aaai_p02_hyp-4_70_0,5,20,16
blocks-world/70/block-words-aaai_p03_hyp-0_70_0,6,20,12
blocks-world/70/block-words-aaai_p03_hyp-1_70_0,9,20,13
blocks-world/70/block-words-aaai_p03_hyp-2_70_0,6,20,14
blocks-world/70/block-words-aaai_p03_hyp-3_70_0,5,20,15
blocks-world/70/block-words-aaai_p03_hyp-4_70_0,5,20,16
blocks-world/70/block-words_p01_hyp-0_70_0,6,21,0
blocks-world/70/block-words_p01_hyp-0_70_1,6,21,0
blocks-world/70/block-words_p01_hyp-0_70_2,6,21,0
blocks-world/70/block-words_p01_hyp-10_70_0,6,21,10
blocks-world/70/block-words_p01_hyp-10_70_1,6,21,10
blocks-world/70/block-words_p01_hyp-10_70_2,6,21,10
blocks-world/70/block-words_p01_hyp-11_70_0,7,21,11
blocks-world/70/block-words_p01_hyp-11_70_1,7,21,11
blocks-world/70/block-words_p01_hyp-11_70_2,7,21,11
blocks-world/70/block-words_p01_hyp-12_70_0,5,21,12
blocks-world/70/block-words_p01_hyp-12_70_1,5,21,12
blocks-world/70/block-words_p01_hyp-12_70_2,5,21,12
blocks-world/70/block-words_p01_hyp-13_70_0,7,21,13
blocks-world/70/block-words_p01_hyp-13_70_1,7,21,13
blocks-world/70/block-words_p01_hyp-13_70_2,7,21,13
blocks-world/70/block-words_p01_hyp-14_70_0,7,21,14
blocks-world/70/block-words_p01_hyp-14_70_1,7,21,14
blocks-world/70/block-words_p01_hyp-14_70_2,7,21,14
blocks-world/70/block-words_p01_hyp-15_70_0,10,21,15
blocks-world/70/block-words_p01_hyp-15_70_1,10,21,15
blocks-world/70/block-words_p01_hyp-15_70_2,10,21,15
blocks-world/70/block-words_p01_hyp-16_70_0,7,21,16
blocks-world/70/block-words_p01_hyp-16_70_1,7,21,16
blocks-world/70/block-words_p01_hyp-16_70_2,7,21,16
blocks-world/70/block-words_p01_hyp-17_70_0,5,21,17
blocks-world/70/block-words_p01_hyp-17_70_1,5,21,17
blocks-world/70/block-words_p01_hyp-17_70_2,5,21,17
blocks-world/70/block-words_p01_hyp-18_70_0,5,21,18
blocks-world/70/block-words_p01_hyp-18_70_1,5,21,18
blocks-world/70/block-words_p01_hyp-18_70_2,5,21,18
blocks-world/70/block-words_p01_hyp-19_70_0,6,21,19
blocks-world/70/block-words_p01_hyp-19_70_1,6,21,19
blocks-world/70/block-words_p01_hyp-19_70_2,6,21,19
blocks-world/70/block-words_p01_hyp-1_70_0,6,21,1
blocks-world/70/block-words_p01_hyp-1_70_1,6,21,1
blocks-world/70/block-words_p01_hyp-1_70_2,6,21,1
blocks-world/70/block-words_p01_hyp-20_70_0,7,21,20
blocks-world/70/block-words_p01_hyp-20_70_1,7,21,20
blocks-world/70/block-words_p01_hyp-20_70_2,7,21,20
blocks-world/70/block-words_p01_hyp-2_70_0,5,21,2
blocks-world/70/block-words_p01_hyp-2_70_1,5,21,2
blocks-world/70/block-words_p01_hyp-2_70_2,5,21,2
blocks-world/70/block-words_p01_hyp-3_70_0,5,21,3
blocks-world/70/block-words_p01_hyp-3_70_1,5,21,3
blocks-world/70/block-words_p01_hyp-3_70_2,5,21,3
blocks-world/70/block-words_p01_hyp-4_70_0,7,21,4
blocks-world/70/block-words_p01_hyp-4_70_1,7,21,4
blocks-world/70/block-words_p01_hyp-4_70_2,7,21,4
blocks-world/70/block-words_p01_hyp-5_70_0,3,21,5
blocks-world/70/block-words_p01_hyp-5_70_1,3,21,5
blocks-world/70/block-words_p01_hyp-5_70_2,3,21,5
blocks-world/70/block-words_p01_hyp-6_70_0,7,21,6
blocks-world/70/block-words_p01_hyp-6_70_1,7,21,6
blocks-world/70/block-words_p01_hyp-6_70_2,7,21,6
blocks-world/70/block-words_p01_hyp-7_70_0,6,21,7
blocks-world/70/block-words_p01_hyp-7_70_1,6,21,7
blocks-world/70/block-words_p01_hyp-7_70_2,6,21,7
blocks-world/70/block-words_p01_hyp-8_70_0,7,21,8
blocks-world/70/block-words_p01_hyp-8_70_1,7,21,8
blocks-world/70/block-words_p01_hyp-8_70_2,7,21,8
blocks-world/70/block-words_p01_hyp-9_70_0,6,21,9
blocks-world/70/block-words_p01_hyp-9_70_1,6,21,9
blocks-world/70/block-words_p01_hyp-9_70_2,6,21,9
blocks-world/70/block-words_p02_hyp-0_70_0,6,20,0
blocks-world/70/block-words_p02_hyp-0_70_1,6,20,0
blocks-world/70/block-words_p02_hyp-0_70_2,6,20,0
blocks-world/70/block-words_p02_hyp-10_70_0,7,20,10
blocks-world/70/block-words_p02_hyp-10_70_1,7,20,10
blocks-world/70/block-words_p02_hyp-10_70_2,7,20,10
blocks-world/70/block-words_p02_hyp-11_70_0,9,20,11
blocks-world/70/block-words_p02_hyp-11_70_1,9,20,11
blocks-world/70/block-words_p02_hyp-11_70_2,9,20,11
blocks-world/70/block-words_p02_hyp-12_70_0,6,20,12
blocks-world/70/block-words_p02_hyp-12_70_1,6,20,12
blocks-world/70/block-words_p02_hyp-12_70_2,6,20,12
blocks-world/70/block-words_p02_hyp-13_70_0,5,20,13
blocks-world/70/block-words_p02_hyp-13_70_1,5,20,13
blocks-world/70/block-words_p02_hyp-13_70_2,5,20,13
blocks-world/70/block-words_p02_hyp-14_70_0,5,20,14
blocks-world/70/block-words_p02_hyp-14_70_1,5,20,14
blocks-world/70/block-words_p02_hyp-14_70_2,5,20,14
blocks-world/70/block-words_p02_hyp-15_70_0,5,20,15
blocks-world/70/block-words_p02_hyp-15_70_1,5,20,15
blocks-world/70/block-words_p02_hyp-15_70_2,5,20,15
blocks-world/70/block-words_p02_hyp-16_70_0,5,20,16
blocks-world/70/block-words_p02_hyp-16_70_1,5,20,16
blocks-world/70/block-words_p02_hyp-16_70_2,5,20,16
blocks-world/70/block-words_p02_hyp-17_70_0,6,20,17
blocks-world/70/block-words_p02_hyp-17_70_1,6,20,17
blocks-world/70/block-words_p02_hyp-17_70_2,1,20,18
blocks-world/70/block-words_p02_hyp-18_70_0,6,20,18
blocks-world/70/block-words_p02_hyp-18_70_1,6,20,18
blocks-world/70/block-words_p02_hyp-18_70_2,6,20,18
blocks-world/70/block-words_p02_hyp-19_70_0,5,20,19
blocks-world/70/block-words_p02_hyp-19_70_1,5,20,19
blocks-world/70/block-words_p02_hyp-19_70_2,5,20,19
blocks-world/70/block-words_p02_hyp-1_70_0,9,20,1
blocks-world/70/block-words_p02_hyp-1_70_1,9,20,1
blocks-world/70/block-words_p02_hyp-1_70_2,9,20,1
blocks-world/70/block-words_p02_hyp-2_70_0,7,20,2
blocks-world/70/block-words_p02_hyp-2_70_1,7,20,2
blocks-world/70/block-words_p02_hyp-2_70_2,7,20,2
blocks-world/70/block-words_p02_hyp-3_70_0,6,20,3
blocks-world/70/block-words_p02_hyp-3_70_1,6,20,3
blocks-world/70/block-words_p02_hyp-3_70_2,6,20,3
blocks-world/70/block-words_p02_hyp-4_70_0,9,20,4
blocks-world/70/block-words_p02_hyp-4_70_1,9,20,4
blocks-world/70/block-words_p02_hyp-4_70_2,9,20,4
blocks-world/70/block-words_p02_hyp-5_70_0,7,20,5
blocks-world/70/block-words_p02_hyp-5_70_1,7,20,5
blocks-world/70/block-words_p02_hyp-5_70_2,7,20,5
blocks-world/70/block-words_p02_hyp-6_70_0,7,20,6
blocks-world/70/block-words_p02_hyp-6_70_1,7,20,6
blocks-world/70/block-words_p02_hyp-6_70_2,7,20,6
blocks-world/70/block-words_p02_hyp-7_70_0,3,20,7
blocks-world/70/block-words_p02_hyp-7_70_1,3,20,7
blocks-world/70/block-words_p02_hyp-7_70_2,3,20,7
blocks-world/70/block-words_p02_hyp-8_70_0,3,20,8
blocks-world/70/block-words_p02_hyp-8_70_1,3,20,8
blocks-world/70/block-words_p02_hyp-8_70_2,3,20,8
blocks-world/70/block-words_p02_hyp-9_70_0,7,20,9
blocks-world/70/block-words_p02_hyp-9_70_1,7,20,9
blocks-world/70/block-words_p02_hyp-9_70_2,7,20,9
blocks-world/70/block-words_p03_hyp-0_70_0,10,20,0
blocks-world/70/block-words_p03_hyp-0_70_1,10,20,0
blocks-world/70/block-words_p03_hyp-0_70_2,10,20,0
blocks-world/70/block-words_p03_hyp-10_70_0,7,20,10
blocks-world/70/block-words_p03_hyp-10_70_1,7,20,10
blocks-world/70/block-words_p03_hyp-10_70_2,7,20,10
blocks-world/70/block-words_p03_hyp-11_70_0,6,20,11
blocks-world/70/block-words_p03_hyp-11_70_1,6,20,11
blocks-world/70/block-words_p03_hyp-11_70_2,6,20,11
blocks-world/70/block-words_p03_hyp-12_70_0,6,20,12
blocks-world/70/block-words_p03_hyp-12_70_1,6,20,12
blocks-world/70/block-words_p03_hyp-12_70_2,6,20,12
blocks-world/70/block-words_p03_hyp-13_70_0,9,20,13
blocks-world/70/block-words_p03_hyp-13_70_1,9,20,13
blocks-world/70/block-words_p03_hyp-13_70_2,9,20,13
blocks-world/70/block-words_p03_hyp-14_70_0,6,20,14
blocks-world/70/block-words_p03_hyp-14_70_1,6,20,14
blocks-world/70/block-words_p03_hyp-14_70_2,6,20,14
blocks-world/70/block-words_p03_hyp-15_70_0,5,20,15
blocks-world/70/block-words_p03_hyp-15_70_1,5,20,15
blocks-world/70/block-words_p03_hyp-15_70_2,5,20,15
blocks-world/70/block-words_p03_hyp-16_70_0,5,20,16
blocks-world/70/block-words_p03_hyp-16_70_1,5,20,16
blocks-world/70/block-words_p03_hyp-16_70_2,5,20,16
blocks-world/70/block-words_p03_hyp-17_70_0,6,20,17
blocks-world/70/block-words_p03_hyp-17_70_1,6,20,17
blocks-world/70/block-words_p03_hyp-17_70_2,6,20,17
blocks-world/70/block-words_p03_hyp-18_70_0,7,20,18
blocks-world/70/block-words_p03_hyp-18_70_1,7,20,18
blocks-world/70/block-words_p03_hyp-18_70_2,7,20,18
blocks-world/70/block-words_p03_hyp-19_70_0,10,20,7
blocks-world/70/block-words_p03_hyp-19_70_1,10,20,7
blocks-world/70/block-words_p03_hyp-19_70_2,10,20,7
blocks-world/70/block-words_p03_hyp-1_70_0,9,20,1
blocks-world/70/block-words_p03_hyp-1_70_1,9,20,1
blocks-world/70/block-words_p03_hyp-1_70_2,9,20,1
blocks-world/70/block-words_p03_hyp-2_70_0,5,20,2
blocks-world/70/block-words_p03_hyp-2_70_1,5,20,2
blocks-world/70/block-words_p03_hyp-2_70_2,5,20,2
blocks-world/70/block-words_p03_hyp-3_70_0,6,20,3
blocks-world/70/block-words_p03_hyp-3_70_1,6,20,3
blocks-world/70/block-words_p03_hyp-3_70_2,6,20,3
blocks-world/70/block-words_p03_hyp-4_70_0,5,20,4
blocks-world/70/block-words_p03_hyp-4_70_1,5,20,4
blocks-world/70/block-words_p03_hyp-4_70_2,5,20,4
blocks-world/70/block-words_p03_hyp-5_70_0,6,20,5
blocks-world/70/block-words_p03_hyp-5_70_1,6,20,5
blocks-world/70/block-words_p03_hyp-5_70_2,6,20,5
blocks-world/70/block-words_p03_hyp-6_70_0,6,20,6
blocks-world/70/block-words_p03_hyp-6_70_1,6,20,6
blocks-world/70/block-words_p03_hyp-6_70_2,6,20,6
blocks-world/70/block-words_p03_hyp-7_70_0,10,20,7
blocks-world/70/block-words_p03_hyp-7_70_1,10,20,7
blocks-world/70/block-words_p03_hyp-7_70_2,10,20,7
blocks-world/70/block-words_p03_hyp-8_70_0,6,20,8
blocks-world/70/block-words_p03_hyp-8_70_1,6,20,8
blocks-world/70/block-words_p03_hyp-8_70_2,6,20,8
blocks-world/70/block-words_p03_hyp-9_70_0,6,20,9
blocks-world/70/block-words_p03_hyp-9_70_1,6,20,9
blocks-world/70/block-words_p03_hyp-9_70_2,6,20,9
blocks-world/70/block-words_p04_hyp-1_70_1,23,20,0
blocks-world/70/block-words_p04_hyp-1_70_2,23,20,0
blocks-world/70/block-words_p04_hyp-1_70_3,23,20,0
blocks-world/70/block-words_p04_hyp-2_70_1,21,20,1
blocks-world/70/block-words_p04_hyp-2_70_2,21,20,1
blocks-world/70/block-words_p04_hyp-2_70_3,21,20,1
blocks-world/70/block-words_p04_hyp-3_70_1,28,20,2
blocks-world/70/block-words_p04_hyp-3_70_2,28,20,2
blocks-world/70/block-words_p04_hyp-3_70_3,28,20,2
blocks-world/70/block-words_p04_hyp-4_70_1,26,20,3
blocks-world/70/block-words_p04_hyp-4_70_2,26,20,3
blocks-world/70/block-words_p04_hyp-4_70_3,26,20,3
blocks-world/70/block-words_p05_hyp-1_70_1,23,20,0
blocks-world/70/block-words_p05_hyp-1_70_2,23,20,0
blocks-world/70/block-words_p05_hyp-1_70_3,23,20,0
blocks-world/70/block-words_p05_hyp-2_70_1,23,20,1
blocks-world/70/block-words_p05_hyp-2_70_2,23,20,1
blocks-world/70/block-words_p05_hyp-2_70_3,23,20,1
blocks-world/70/block-words_p05_hyp-3_70_1,33,20,2
blocks-world/70/block-words_p05_hyp-3_70_2,33,20,2
blocks-world/70/block-words_p05_hyp-3_70_3,33,20,2
blocks-world/70/block-words_p05_hyp-4_70_1,28,20,3
blocks-world/70/block-words_p05_hyp-4_70_2,28,20,3
blocks-world/70/block-words_p05_hyp-4_70_3,28,20,3
blocks-world/70/block-words_p06_hyp-1_70_1,26,20,0
blocks-world/70/block-words_p06_hyp-1_70_2,26,20,0
blocks-world/70/block-words_p06_hyp-1_70_3,26,20,0
blocks-world/70/block-words_p06_hyp-2_70_1,26,20,5
blocks-world/70/block-words_p06_hyp-2_70_2,26,20,5
blocks-world/70/block-words_p06_hyp-2_70_3,26,20,5
blocks-world/70/block-words_p06_hyp-3_70_1,31,20,10
blocks-world/70/block-words_p06_hyp-3_70_2,31,20,10
blocks-world/70/block-words_p06_hyp-3_70_3,31,20,10
blocks-world/70/block-words_p06_hyp-4_70_1,31,20,14
blocks-world/70/block-words_p06_hyp-4_70_2,31,20,14
blocks-world/70/block-words_p06_hyp-4_70_3,31,20,14
blocks-world/70/block-words_p07_hyp-1_70_1,45,20,0
blocks-world/70/block-words_p07_hyp-1_70_2,45,20,0
blocks-world/70/block-words_p07_hyp-1_70_3,45,20,0
blocks-world/70/block-words_p07_hyp-2_70_1,45,20,2
blocks-world/70/block-words_p07_hyp-2_70_2,45,20,2
blocks-world/70/block-words_p07_hyp-2_70_3,45,20,2
blocks-world/70/block-words_p07_hyp-3_70_1,42,20,10
blocks-world/70/block-words_p07_hyp-3_70_2,42,20,10
blocks-world/70/block-words_p07_hyp-3_70_3,42,20,10
blocks-world/70/block-words_p07_hyp-4_70_1,41,20,8
blocks-world/70/block-words_p07_hyp-4_70_2,41,20,8
blocks-world/70/block-words_p07_hyp-4_70_3,41,20,8
campus/10/bui-campus_generic_hyp-0_10_1,1,2,0
campus/10/bui-campus_generic_hyp-0_10_10,1,2,1
campus/10/bui-campus_generic_hyp-0_10_11,1,2,0
campus/10/bui-campus_generic_hyp-0_10_12,1,2,0
campus/10/bui-campus_generic_hyp-0_10_13,1,2,0
campus/10/bui-campus_generic_hyp-0_10_14,1,2,0
campus/10/bui-campus_generic_hyp-0_10_15,1,2,1
campus/10/bui-campus_generic_hyp-0_10_2,1,2,0
campus/10/bui-campus_generic_hyp-0_10_3,1,2,1
campus/10/bui-campus_generic_hyp-0_10_4,1,2,0
campus/10/bui-campus_generic_hyp-0_10_5,1,2,1
campus/10/bui-campus_generic_hyp-0_10_6,1,2,0
campus/10/bui-campus_generic_hyp-0_10_7,1,2,1
campus/10/bui-campus_generic_hyp-0_10_8,1,2,1
campus/10/bui-campus_generic_hyp-0_10_9,1,2,1
campus/100/bui-campus_generic_hyp-0_full_61,5,2,0
campus/100/bui-campus_generic_hyp-0_full_62,6,2,1
campus/100/bui-campus_generic_hyp-0_full_63,5,2,0
campus/100/bui-campus_generic_hyp-0_full_64,5,2,0
campus/100/bui-campus_generic_hyp-0_full_65,5,2,0
campus/100/bui-campus_generic_hyp-0_full_66,5,2,0
campus/100/bui-campus_generic_hyp-0_full_67,5,2,0
campus/100/bui-campus_generic_hyp-0_full_68,6,2,1
campus/100/bui-campus_generic_hyp-0_full_69,5,2,0
campus/100/bui-campus_generic_hyp-0_full_70,5,2,0
campus/100/bui-campus_generic_hyp-0_full_71,6,2,1
campus/100/bui-campus_generic_hyp-0_full_72,6,2,1
campus/100/bui-campus_generic_hyp-0_full_73,6,2,1
campus/100/bui-campus_generic_hyp-0_full_74,6,2,1
campus/100/bui-campus_generic_hyp-0_full_75,5,2,0
campus/30/bui-campus_generic_hyp-0_30_16,2,2,0
campus/30/bui-campus_generic_hyp-0_30_17,2,2,1
campus/30/bui-campus_generic_hyp-0_30_18,2,2,1
campus/30/bui-campus_generic_hyp-0_30_19,2,2,0
campus/30/bui-campus_generic_hyp-0_30_20,2,2,0
campus/30/bui-campus_generic_hyp-0_30_21,2,2,0
campus/30/bui-campus_generic_hyp-0_30_22,2,2,1
campus/30/bui-campus_generic_hyp-0_30_23,2,2,0
campus/30/bui-campus_generic_hyp-0_30_24,2,2,1
campus/30/bui-campus_generic_hyp-0_30_25,2,2,0
campus/30/bui-campus_generic_hyp-0_30_26,2,2,1
campus/30/bui-campus_generic_hyp-0_30_27,2,2,1
campus/30/bui-campus_generic_hyp-0_30_28,2,2,0
campus/30/bui-campus_generic_hyp-0_30_29,2,2,0
campus/30/bui-campus_generic_hyp-0_30_30,2,2,1
campus/50/bui-campus_generic_hyp-0_50_31,3,2,1
campus/50/bui-campus_generic_hyp-0_50_32,3,2,0
campus/50/bui-campus_generic_hyp-0_50_33,3,2,1
campus/50/bui-campus_generic_hyp-0_50_34,3,2,0
campus/50/bui-campus_generic_hyp-0_50_35,3,2,1
campus/50/bui-campus_generic_hyp-0_50_36,3,2,0
campus/50/bui-campus_generic_hyp-0_50_37,3,2,0
campus/50/bui-campus_generic_hyp-0_50_38,3,2,0
campus/50/bui-campus_generic_hyp-0_50_39,3,2,1
campus/50/bui-campus_generic_hyp-0_50_40,3,2,1
campus/50/bui-campus_generic_hyp-0_50_41,3,2,0
campus/50/bui-campus_generic_hyp-0_50_42,3,2,1
campus/50/bui-campus_generic_hyp-0_50_43,3,2,1
campus/50/bui-campus_generic_hyp-0_50_44,3,2,1
campus/50/bui-campus_generic_hyp-0_50_45,3,2,1
campus/70/bui-campus_generic_hyp-0_70_46,5,2,1
campus/70/bui-campus_generic_hyp-0_70_47,5,2,1
campus/70/bui-campus_generic_hyp-0_70_48,4,2,0
campus/70/bui-campus_generic_hyp-0_70_49,4,2,0
campus/70/bui-campus_generic_hyp-0_70_50,5,2,1
campus/70/bui-campus_generic_hyp-0_70_51,4,2,0
campus/70/bui-campus_generic_hyp-0_70_52,4,2,0
campus/70/bui-campus_generic_hyp-0_70_53,4,2,0
campus/70/bui-campus_generic_hyp-0_70_54,5,2,1
campus/70/bui-campus_generic_hyp-0_70_55,4,2,0
campus/70/bui-campus_generic_hyp-0_70_56,4,2,0
campus/70/bui-campus_generic_hyp-0_70_57,5,2,1
campus/70/bui-campus_generic_hyp-0_70_58,5,2,1
campus/70/bui-campus_generic_hyp-0_70_59,5,2,1
campus/70/bui-campus_generic_hyp-0_70_60,4,2,0
depots/10/depots_p01_hyp-1_10_1,2,10,0
depots/10/depots_p01_hyp-1_10_2,2,10,0
depots/10/depots_p01_hyp-1_10_3,2,10,0
depots/10/depots_p01_hyp-2_10_1,2,10,1
depots/10/depots_p01_hyp-2_10_2,2,10,1
depots/10/depots_p01_hyp-2_10_3,2,10,1
depots/10/depots_p01_hyp-3_10_1,1,10,2
depots/10/depots_p01_hyp-3_10_2,1,10,2
depots/10/depots_p01_hyp-3_10_3,1,10,2
depots/10/depots_p01_hyp-4_10_1,2,10,3
depots/10/depots_p01_hyp-4_10_2,2,10,3
depots/10/depots_p01_hyp-4_10_3,1,10,2
depots/10/depots_p02_hyp-1_10_1,3,10,0
depots/10/depots_p02_hyp-1_10_2,3,10,0
depots/10/depots_p02_hyp-1_10_3,3,10,0
depots/10/depots_p02_hyp-2_10_1,3,10,1
depots/10/depots_p02_hyp-2_10_2,3,10,1
depots/10/depots_p02_hyp-2_10_3,3,10,1
depots/10/depots_p02_hyp-3_10_1,3,10,2
depots/10/depots_p02_hyp-3_10_2,3,10,2
depots/10/depots_p02_hyp-3_10_3,3,10,2
depots/10/depots_p02_hyp-4_10_1,3,10,3
depots/10/depots_p02_hyp-4_10_2,3,10,3
depots/10/depots_p02_hyp-4_10_3,3,10,3
depots/10/depots_p03_hyp-1_10_1,1,8,0
depots/10/depots_p03_hyp-1_10_2,1,8,0
depots/10/depots_p03_hyp-1_10_3,1,8,0
depots/10/depots_p03_hyp-2_10_1,1,8,1
depots/10/depots_p03_hyp-2_10_2,1,8,1
depots/10/depots_p03_hyp-2_10_3,1,8,1
depots/10/depots_p03_hyp-3_10_1,1,8,2
depots/10/depots_p03_hyp-3_10_2,1,8,2
depots/10/depots_p03_hyp-3_10_3,1,8,2
depots/10/depots_p03_hyp-4_10_1,1,8,3
depots/10/depots_p03_hyp-4_10_2,1,8,3
depots/10/depots_p03_hyp-4_10_3,1,8,3
depots/10/depots_p04_hyp-1_10_1,4,8,0
depots/10/depots_p04_hyp-1_10_2,4,8,0
depots/10/depots_p04_hyp-1_10_3,4,8,0
depots/10/depots_p04_hyp-2_10_1,4,8,1
depots/10/depots_p04_hyp-2_10_2,4,8,1
depots/10/depots_p04_hyp-2_10_3,4,8,1
depots/10/depots_p04_hyp-3_10_1,6,8,2
depots/10/depots_p04_hyp-3_10_2,6,8,2
depots/10/depots_p04_hyp-3_10_3,6,8,2
depots/10/depots_p04_hyp-4_10_1,8,8,3
depots/10/depots_p04_hyp-4_10_2,8,8,3
depots/10/depots_p04_hyp-4_10_3,8,8,3
depots/10/depots_p05_hyp-1_10_1,4,10,0
depots/10/depots_p05_hyp-1_10_2,4,10,0
depots/10/depots_p05_hyp-1_10_3,4,10,0
depots/10/depots_p05_hyp-2_10_1,4,10,4
depots/10/depots_p05_hyp-2_10_2,4,10,4
depots/10/depots_p05_hyp-2_10_3,4,10,4
depots/10/depots_p05_hyp-3_10_1,4,10,6
depots/10/depots_p05_hyp-3_10_2,4,10,6
depots/10/depots_p05_hyp-3_10_3,4,10,6
depots/10/depots_p05_hyp-4_10_1,4,10,8
depots/10/depots_p05_hyp-4_10_2,4,10,8
depots/10/depots_p05_hyp-4_10_3,1,10,2
depots/10/depots_p06_hyp-1_10_1,3,8,0
depots/10/depots_p06_hyp-1_10_2,3,8,0
depots/10/depots_p06_hyp-1_10_3,3,8,0
depots/10/depots_p06_hyp-2_10_1,3,8,2
depots/10/depots_p06_hyp-2_10_2,3,8,2
depots/10/depots_p06_hyp-2_10_3,3,8,2
depots/10/depots_p06_hyp-3_10_1,3,8,4
depots/10/depots_p06_hyp-3_10_2,3,8,4
depots/10/depots_p06_hyp-3_10_3,3,8,4
depots/10/depots_p06_hyp-4_10_1,3,8,6
depots/10/depots_p06_hyp-4_10_2,3,8,6
depots/10/depots_p06_hyp-4_10_3,3,8,6
depots/10/depots_p07_hyp-1_10_1,4,8,0
depots/10/depots_p07_hyp-1_10_2,4,8,0
depots/10/depots_p07_hyp-1_10_3,4,8,0
depots/10/depots_p07_hyp-2_10_1,4,8,2
depots/10/depots_p07_hyp-2_10_2,4,8,2
depots/10/depots_p07_hyp-2_10_3,4,8,2
depots/10/depots_p07_hyp-3_10_1,4,8,4
depots/10/depots_p07_hyp-3_10_2,4,8,4
depots/10/depots_p07_hyp-3_10_3,4,8,4
depots/10/depots_p07_hyp-4_10_1,4,8,6
depots/10/depots_p07_hyp-4_10_2,4,8,6
depots/10/depots_p07_hyp-4_10_3,4,8,6
depots/100/depots_p01_hyp-1_full,15,10,0
depots/100/depots_p01_hyp-2_full,16,10,1
depots/100/depots_p01_hyp-3_full,10,10,2
depots/100/depots_p01_hyp-4_full,11,10,3
depots/100/depots_p02_hyp-1_full,27,10,0
depots/100/depots_p02_hyp-2_full,27,10,1
depots/100/depots_p02_hyp-3_full,27,10,2
depots/100/depots_p02_hyp-4_full,27,10,3
depots/100/depots_p03_hyp-1_full,6,8,0
depots/100/depots_p03_hyp-2_full,10,8,1
depots/100/depots_p03_hyp-3_full,9,8,2
depots/100/depots_p03_hyp-4_full,10,8,3
depots/100/depots_p04_hyp-1_full,39,8,0
depots/100/depots_p04_hyp-2_full,36,8,1
depots/100/depots_p04_hyp-3_full,56,8,2
depots/100/depots_p04_hyp-4_full,78,8,3
depots/100/depots_p05_hyp-1_full,34,10,0
depots/100/depots_p05_hyp-2_full,33,10,4
depots/100/depots_p05_hyp-3_full,33,10,6
depots/100/depots_p05_hyp-4_full,39,10,8
depots/100/depots_p06_hyp-1_full,23,8,0
depots/100/depots_p06_hyp-2_full,27,8,2
depots/100/depots_p06_hyp-3_full,23,8,4
depots/100/depots_p06_hyp-4_full,23,8,6
depots/100/depots_p07_hyp-1_full,31,8,0
depots/100/depots_p07_hyp-2_full,32,8,2
depots/100/depots_p07_hyp-3_full,33,8,4
depots/100/depots_p07_hyp-4_full,33,8,6
depots/30/depots_p01_hyp-1_30_1,5,10,0
depots/30/depots_p01_hyp-1_30_2,5,10,0
depots/30/depots_p01_hyp-1_30_3,5,10,0
depots/30/depots_p01_hyp-2_30_1,5,10,1
depots/30/depots_p01_hyp-2_30_2,5,10,1
depots/30/depots_p01_hyp-2_30_3,5,10,1
depots/30/depots_p01_hyp-3_30_1,3,10,2
depots/30/depots_p01_hyp-3_30_2,3,10,2
depots/30/depots_p01_hyp-3_30_3,3,10,2
depots/30/depots_p01_hyp-4_30_1,4,10,3
depots/30/depots_p01_hyp-4_30_2,4,10,3
depots/30/depots_p01_hyp-4_30_3,4,10,3
depots/30/depots_p02_hyp-1_30_1,9,10,0
depots/30/depots_p02_hyp-1_30_2,9,10,0
depots/30/depots_p02_hyp-1_30_3,9,10,0
depots/30/depots_p02_hyp-2_30_1,9,10,1
depots/30/depots_p02_hyp-2_30_2,9,10,1
depots/30/depots_p02_hyp-2_30_3,9,10,1
depots/30/depots_p02_hyp-3_30_1,9,10,2
depots/30/depots_p02_hyp-3_30_2,9,10,2
depots/30/depots_p02_hyp-3_30_3,9,10,2
depots/30/depots_p02_hyp-4_30_1,9,10,3
depots/30/depots_p02_hyp-4_30_2,9,10,3
depots/30/depots_p02_hyp-4_30_3,9,10,3
depots/30/depots_p03_hyp-1_30_1,2,8,0
depots/30/depots_p03_hyp-1_30_2,2,8,0
depots/30/depots_p03_hyp-1_30_3,2,8,0
depots/30/depots_p03_hyp-2_30_1,3,8,1
depots/30/depots_p03_hyp-2_30_2,3,8,1
depots/30/depots_p03_hyp-2_30_3,3,8,1
depots/30/depots_p03_hyp-3_30_1,3,8,2
depots/30/depots_p03_hyp-3_30_2,3,8,2
depots/30/depots_p03_hyp-3_30_3,3,8,2
depots/30/depots_p03_hyp-4_30_1,3,8,3
depots/30/depots_p03_hyp-4_30_2,3,8,3
depots/30/depots_p03_hyp-4_30_3,3,8,3
depots/30/depots_p04_hyp-1_30_1,12,8,0
depots/30/depots_p04_hyp-1_30_2,12,8,0
depots/30/depots_p04_hyp-1_30_3,12,8,0
depots/30/depots_p04_hyp-2_30_1,11,8,1
depots/30/depots_p04_hyp-2_30_2,11,8,1
depots/30/depots_p04_hyp-2_30_3,11,8,1
depots/30/depots_p04_hyp-3_30_1,17,8,2
depots/30/depots_p04_hyp-3_30_2,17,8,2
depots/30/depots_p04_hyp-3_30_3,17,8,2
depots/30/depots_p04_hyp-4_30_1,24,8,3
depots/30/depots_p04_hyp-4_30_2,24,8,3
depots/30/depots_p04_hyp-4_30_3,24,8,3
depots/30/depots_p05_hyp-1_30_1,11,10,0
depots/30/depots_p05_hyp-1_30_2,11,10,0
depots/30/depots_p05_hyp-1_30_3,11,10,0
depots/30/depots_p05_hyp-2_30_1,10,10,4
depots/30/depots_p05_hyp-2_30_2,10,10,4
depots/30/depots_p05_hyp-2_30_3,10,10,4
depots/30/depots_p05_hyp-3_30_1,10,10,6
depots/30/depots_p05_hyp-3_30_2,10,10,6
depots/30/depots_p05_hyp-3_30_3,10,10,6
depots/30/depots_p05_hyp-4_30_1,12,10,8
depots/30/depots_p05_hyp-4_30_2,12,10,8
depots/30/depots_p05_hyp-4_30_3,12,10,8
depots/30/depots_p06_hyp-1_30_1,7,8,0
depots/30/depots_p06_hyp-1_30_2,7,8,0
depots/30/depots_p06_hyp-1_30_3,7,8,0
depots/30/depots_p06_hyp-2_30_1,9,8,2
depots/30/depots_p06_hyp-2_30_2,9,8,2
depots/30/depots_p06_hyp-2_30_3,9,8,2
depots/30/depots_p06_hyp-3_30_1,7,8,4
depots/30/depots_p06_hyp-3_30_2,7,8,4
depots/30/depots_p06_hyp-3_30_3,7,8,4
depots/30/depots_p06_hyp-4_30_1,7,8,6
depots/30/depots_p06_hyp-4_30_2,7,8,6
depots/30/depots_p06_hyp-4_30_3,7,8,6
depots/30/depots_p07_hyp-1_30_1,10,8,0
depots/30/depots_p07_hyp-1_30_2,10,8,0
depots/30/depots_p07_hyp-1_30_3,10,8,0
depots/30/depots_p07_hyp-2_30_1,10,8,2
depots/30/depots_p07_hyp-2_30_2,10,8,2
depots/30/depots_p07_hyp-2_30_3,10,8,2
depots/30/depots_p07_hyp-3_30_1,10,8,4
depots/30/depots_p07_hyp-3_30_2,10,8,4
depots/30/depots_p07_hyp-3_30_3,10,8,4
depots/30/depots_p07_hyp-4_30_1,10,8,6
depots/30/depots_p07_hyp-4_30_2,10,8,6
depots/30/depots_p07_hyp-4_30_3,10,8,6
depots/50/depots_p01_hyp-1_50_1,8,10,0
depots/50/depots_p01_hyp-1_50_2,8,10,0
depots/50/depots_p01_hyp-1_50_3,8,10,0
depots/50/depots_p01_hyp-2_50_1,8,10,1
depots/50/depots_p01_hyp-2_50_2,8,10,1
depots/50/depots_p01_hyp-2_50_3,8,10,1
depots/50/depots_p01_hyp-3_50_1,5,10,2
depots/50/depots_p01_hyp-3_50_2,5,10,2
depots/50/depots_p01_hyp-3_50_3,5,10,2
depots/50/depots_p01_hyp-4_50_1,6,10,3
depots/50/depots_p01_hyp-4_50_2,6,10,3
depots/50/depots_p01_hyp-4_50_3,6,10,3
depots/50/depots_p02_hyp-1_50_1,14,10,0
depots/50/depots_p02_hyp-1_50_2,14,10,0
depots/50/depots_p02_hyp-1_50_3,14,10,0
depots/50/depots_p02_hyp-2_50_1,14,10,1
depots/50/depots_p02_hyp-2_50_2,14,10,1
depots/50/depots_p02_hyp-2_50_3,14,10,1
depots/50/depots_p02_hyp-3_50_1,14,10,2
depots/50/depots_p02_hyp-3_50_2,14,10,2
depots/50/depots_p02_hyp-3_50_3,14,10,2
depots/50/depots_p02_hyp-4_50_1,14,10,3
depots/50/depots_p02_hyp-4_50_2,14,10,3
depots/50/depots_p02_hyp-4_50_3,14,10,3
depots/50/depots_p03_hyp-1_50_1,3,8,0
depots/50/depots_p03_hyp-1_50_2,3,8,0
depots/50/depots_p03_hyp-1_50_3,3,8,0
depots/50/depots_p03_hyp-2_50_1,5,8,1
depots/50/depots_p03_hyp-2_50_2,5,8,1
depots/50/depots_p03_hyp-2_50_3,5,8,1
depots/50/depots_p03_hyp-3_50_1,5,8,2
depots/50/depots_p03_hyp-3_50_2,5,8,2
depots/50/depots_p03_hyp-3_50_3,5,8,2
depots/50/depots_p03_hyp-4_50_1,5,8,3
depots/50/depots_p03_hyp-4_50_2,5,8,3
depots/50/depots_p03_hyp-4_50_3,5,8,3
depots/50/depots_p04_hyp-1_50_1,20,8,0
depots/50/depots_p04_hyp-1_50_2,20,8,0
depots/50/depots_p04_hyp-1_50_3,20,8,0
depots/50/depots_p04_hyp-2_50_1,18,8,1
depots/50/depots_p04_hyp-2_50_2,18,8,1
depots/50/depots_p04_hyp-2_50_3,18,8,1
depots/50/depots_p04_hyp-3_50_1,28,8,2
depots/50/depots_p04_hyp-3_50_2,28,8,2
depots/50/depots_p04_hyp-3_50_3,28,8,2
depots/50/depots_p04_hyp-4_50_1,39,8,3
depots/50/depots_p04_hyp-4_50_2,39,8,3
depots/50/depots_p04_hyp-4_50_3,39,8,3
depots/50/depots_p05_hyp-1_50_1,17,10,0
depots/50/depots_p05_hyp-1_50_2,17,10,0
depots/50/depots_p05_hyp-1_50_3,17,10,0
depots/50/depots_p05_hyp-2_50_1,17,10,4
depots/50/depots_p05_hyp-2_50_2,17,10,4
depots/50/depots_p05_hyp-2_50_3,17,10,4
depots/50/depots_p05_hyp-3_50_1,17,10,6
depots/50/depots_p05_hyp-3_50_2,17,10,6
depots/50/depots_p05_hyp-3_50_3,17,10,6
depots/50/depots_p05_hyp-4_50_1,20,10,8
depots/50/depots_p05_hyp-4_50_2,20,10,8
depots/50/depots_p05_hyp-4_50_3,20,10,8
depots/50/depots_p06_hyp-1_50_1,12,8,0
depots/50/depots_p06_hyp-1_50_2,12,8,0
depots/50/depots_p06_hyp-1_50_3,12,8,0
depots/50/depots_p06_hyp-2_50_1,14,8,2
depots/50/depots_p06_hyp-2_50_2,14,8,2
depots/50/depots_p06_hyp-2_50_3,14,8,2
depots/50/depots_p06_hyp-3_50_1,12,8,4
depots/50/depots_p06_hyp-3_50_2,12,8,4
depots/50/depots_p06_hyp-3_50_3,12,8,4
depots/50/depots_p06_hyp-4_50_1,12,8,6
depots/50/depots_p06_hyp-4_50_2,12,8,6
depots/50/depots_p06_hyp-4_50_3,12,8,6
depots/50/depots_p07_hyp-1_50_1,16,8,0
depots/50/depots_p07_hyp-1_50_2,16,8,0
depots/50/depots_p07_hyp-1_50_3,16,8,0
depots/50/depots_p07_hyp-2_50_1,16,8,2
depots/50/depots_p07_hyp-2_50_2,16,8,2
depots/50/depots_p07_hyp-2_50_3,16,8,2
depots/50/depots_p07_hyp-3_50_1,17,8,4
depots/50/depots_p07_hyp-3_50_2,17,8,4
depots/50/depots_p07_hyp-3_50_3,17,8,4
depots/50/depots_p07_hyp-4_50_1,17,8,6
depots/50/depots_p07_hyp-4_50_2,17,8,6
depots/50/depots_p07_hyp-4_50_3,17,8,6
depots/70/depots_p01_hyp-1_70_1,11,10,0
depots/70/depots_p01_hyp-1_70_2,11,10,0
depots/70/depots_p01_hyp-1_70_3,11,10,0
depots/70/depots_p01_hyp-2_70_1,12,10,1
depots/70/depots_p01_hyp-2_70_2,12,10,1
depots/70/depots_p01_hyp-2_70_3,12,10,1
depots/70/depots_p01_hyp-3_70_1,7,10,2
depots/70/depots_p01_hyp-3_70_2,7,10,2
depots/70/depots_p01_hyp-3_70_3,7,10,2
depots/70/depots_p01_hyp-4_70_1,8,10,3
depots/70/depots_p01_hyp-4_70_2,8,10,3
depots/70/depots_p01_hyp-4_70_3,8,10,3
depots/70/depots_p02_hyp-1_70_1,19,10,0
depots/70/depots_p02_hyp-1_70_2,19,10,0
depots/70/depots_p02_hyp-1_70_3,19,10,0
depots/70/depots_p02_hyp-2_70_1,19,10,1
depots/70/depots_p02_hyp-2_70_2,19,10,1
depots/70/depots_p02_hyp-2_70_3,19,10,1
depots/70/depots_p02_hyp-3_70_1,19,10,2
depots/70/depots_p02_hyp-3_70_2,19,10,2
depots/70/depots_p02_hyp-3_70_3,19,10,2
depots/70/depots_p02_hyp-4_70_1,19,10,3
depots/70/depots_p02_hyp-4_70_2,19,10,3
depots/70/depots_p02_hyp-4_70_3,19,10,3
depots/70/depots_p03_hyp-1_70_1,5,8,0
depots/70/depots_p03_hyp-1_70_2,5,8,0
depots/70/depots_p03_hyp-1_70_3,5,8,0
depots/70/depots_p03_hyp-2_70_1,7,8,1
depots/70/depots_p03_hyp-2_70_2,7,8,1
depots/70/depots_p03_hyp-2_70_3,7,8,1
depots/70/depots_p03_hyp-3_70_1,7,8,2
depots/70/depots_p03_hyp-3_70_2,7,8,2
depots/70/depots_p03_hyp-3_70_3,7,8,2
depots/70/depots_p03_hyp-4_70_1,7,8,3
depots/70/depots_p03_hyp-4_70_2,7,8,3
depots/70/depots_p03_hyp-4_70_3,7,8,3
depots/70/depots_p04_hyp-1_70_1,28,8,0
depots/70/depots_p04_hyp-1_70_2,28,8,0
depots/70/depots_p04_hyp-1_70_3,28,8,0
depots/70/depots_p04_hyp-2_70_1,26,8,1
depots/70/depots_p04_hyp-2_70_2,26,8,1
depots/70/depots_p04_hyp-2_70_3,26,8,1
depots/70/depots_p04_hyp-3_70_1,40,8,2
depots/70/depots_p04_hyp-3_70_2,40,8,2
depots/70/depots_p04_hyp-3_70_3,40,8,2
depots/70/depots_p04_hyp-4_70_1,55,8,3
depots/70/depots_p04_hyp-4_70_2,55,8,3
depots/70/depots_p04_hyp-4_70_3,55,8,3
depots/70/depots_p05_hyp-1_70_1,24,10,0
depots/70/depots_p05_hyp-1_70_2,24,10,0
depots/70/depots_p05_hyp-1_70_3,24,10,0
depots/70/depots_p05_hyp-2_70_1,24,10,4
depots/70/depots_p05_hyp-2_70_2,24,10,4
depots/70/depots_p05_hyp-2_70_3,24,10,4
depots/70/depots_p05_hyp-3_70_1,24,10,6
depots/70/depots_p05_hyp-3_70_2,24,10,6
depots/70/depots_p05_hyp-3_70_3,24,10,6
depots/70/depots_p05_hyp-4_70_1,28,10,8
depots/70/depots_p05_hyp-4_70_2,28,10,8
depots/70/depots_p05_hyp-4_70_3,28,10,8
depots/70/depots_p06_hyp-1_70_1,17,8,0
depots/70/depots_p06_hyp-1_70_2,17,8,0
depots/70/depots_p06_hyp-1_70_3,17,8,0
depots/70/depots_p06_hyp-2_70_1,19,8,2
depots/70/depots_p06_hyp-2_70_2,19,8,2
depots/70/depots_p06_hyp-2_70_3,19,8,2
depots/70/depots_p06_hyp-3_70_1,17,8,4
depots/70/depots_p06_hyp-3_70_2,17,8,4
depots/70/depots_p06_hyp-3_70_3,17,8,4
depots/70/depots_p06_hyp-4_70_1,17,8,6
depots/70/depots_p06_hyp-4_70_2,17,8,6
depots/70/depots_p06_hyp-4_70_3,17,8,6
depots/70/depots_p07_hyp-1_70_1,22,8,0
depots/70/depots_p07_hyp-1_70_2,22,8,0
depots/70/depots_p07_hyp-1_70_3,22,8,0
depots/70/depots_p07_hyp-2_70_1,23,8,2
depots/70/depots_p07_hyp-2_70_2,23,8,2
depots/70/depots_p07_hyp-2_70_3,23,8,2
depots/70/depots_p07_hyp-3_70_1,24,8,4
depots/70/depots_p07_hyp-3_70_2,24,8,4
depots/70/depots_p07_hyp-3_70_3,24,8,4
depots/70/depots_p07_hyp-4_70_1,24,8,6
depots/70/depots_p07_hyp-4_70_2,24,8,6
depots/70/depots_p07_hyp-4_70_3,24,8,6
driverlog/10/driverlog_p01_hyp-1_10_1,2,6,0
driverlog/10/driverlog_p01_hyp-1_10_2,2,6,0
driverlog/10/driverlog_p01_hyp-1_10_3,2,6,0
driverlog/10/driverlog_p01_hyp-2_10_1,2,6,1
driverlog/10/driverlog_p01_hyp-2_10_2,2,6,1
driverlog/10/driverlog_p01_hyp-2_10_3,2,6,1
driverlog/10/driverlog_p01_hyp-3_10_1,2,6,2
driverlog/10/driverlog_p01_hyp-3_10_2,2,6,2
driverlog/10/driverlog_p01_hyp-3_10_3,2,6,2
driverlog/10/driverlog_p01_hyp-4_10_1,2,6,3
driverlog/10/driverlog_p01_hyp-4_10_2,2,6,3
driverlog/10/driverlog_p01_hyp-4_10_3,2,6,3
driverlog/10/driverlog_p02_hyp-1_10_1,2,6,0
driverlog/10/driverlog_p02_hyp-1_10_2,2,6,0
driverlog/10/driverlog_p02_hyp-1_10_3,2,6,0
driverlog/10/driverlog_p02_hyp-2_10_1,2,6,1
driverlog/10/driverlog_p02_hyp-2_10_2,2,6,1
driverlog/10/driverlog_p02_hyp-2_10_3,2,6,1
driverlog/10/driverlog_p02_hyp-3_10_1,2,6,2
driverlog/10/driverlog_p02_hyp-3_10_2,2,6,2
driverlog/10/driverlog_p02_hyp-3_10_3,2,6,2
driverlog/10/driverlog_p02_hyp-4_10_1,2,6,3
driverlog/10/driverlog_p02_hyp-4_10_2,2,6,3
driverlog/10/driverlog_p02_hyp-4_10_3,2,6,3
driverlog/10/driverlog_p03_hyp-1_10_1,1,8,0
driverlog/10/driverlog_p03_hyp-1_10_2,1,8,0
driverlog/10/driverlog_p03_hyp-1_10_3,1,8,0
driverlog/10/driverlog_p03_hyp-2_10_1,2,8,1
driverlog/10/driverlog_p03_hyp-2_10_2,2,8,1
driverlog/10/driverlog_p03_hyp-2_10_3,2,8,1
driverlog/10/driverlog_p03_hyp-3_10_1,1,8,2
driverlog/10/driverlog_p03_hyp-3_10_2,1,8,2
driverlog/10/driverlog_p03_hyp-3_10_3,1,8,2
driverlog/10/driverlog_p03_hyp-4_10_1,1,8,3
driverlog/10/driverlog_p03_hyp-4_10_2,1,8,3
driverlog/10/driverlog_p03_hyp-4_10_3,1,8,3
driverlog/10/driverlog_p04_hyp-1_10_1,3,6,0
driverlog/10/driverlog_p04_hyp-1_10_2,3,6,0
driverlog/10/driverlog_p04_hyp-1_10_3,3,6,0
driverlog/10/driverlog_p04_hyp-2_10_1,3,6,1
driverlog/10/driverlog_p04_hyp-2_10_2,3,6,1
driverlog/10/driverlog_p04_hyp-2_10_3,3,6,1
driverlog/10/driverlog_p04_hyp-3_10_1,3,6,2
driverlog/10/driverlog_p04_hyp-3_10_2,3,6,2
driverlog/10/driverlog_p04_hyp-3_10_3,3,6,2
driverlog/10/driverlog_p04_hyp-4_10_1,3,6,3
driverlog/10/driverlog_p04_hyp-4_10_2,3,6,3
driverlog/10/driverlog_p04_hyp-4_10_3,3,6,3
driverlog/10/driverlog_p05_hyp-1_10_1,3,6,0
driverlog/10/driverlog_p05_hyp-1_10_2,3,6,0
driverlog/10/driverlog_p05_hyp-1_10_3,3,6,0
driverlog/10/driverlog_p05_hyp-2_10_1,2,6,1
driverlog/10/driverlog_p05_hyp-2_10_2,2,6,1
driverlog/10/driverlog_p05_hyp-2_10_3,2,6,1
driverlog/10/driverlog_p05_hyp-3_10_1,3,6,2
driverlog/10/driverlog_p05_hyp-3_10_2,3,6,2
driverlog/10/driverlog_p05_hyp-3_10_3,3,6,2
driverlog/10/driverlog_p05_hyp-4_10_1,2,6,3
driverlog/10/driverlog_p05_hyp-4_10_2,2,6,3
driverlog/10/driverlog_p05_hyp-4_10_3,2,6,3
driverlog/10/driverlog_p06_hyp-1_10_1,3,10,0
driverlog/10/driverlog_p06_hyp-1_10_2,3,10,0
driverlog/10/driverlog_p06_hyp-1_10_3,3,10,0
driverlog/10/driverlog_p06_hyp-2_10_1,3,10,4
driverlog/10/driverlog_p06_hyp-2_10_2,3,10,4
driverlog/10/driverlog_p06_hyp-2_10_3,3,10,4
driverlog/10/driverlog_p06_hyp-3_10_1,3,10,6
driverlog/10/driverlog_p06_hyp-3_10_2,3,10,6
driverlog/10/driverlog_p06_hyp-3_10_3,3,10,6
driverlog/10/driverlog_p06_hyp-4_10_1,5,10,8
driverlog/10/driverlog_p06_hyp-4_10_2,5,10,8
driverlog/10/driverlog_p06_hyp-4_10_3,5,10,8
driverlog/10/driverlog_p07_hyp-1_10_1,3,8,0
driverlog/10/driverlog_p07_hyp-1_10_2,3,8,0
driverlog/10/driverlog_p07_hyp-1_10_3,3,8,0
driverlog/10/driverlog_p07_hyp-2_10_1,3,8,2
driverlog/10/driverlog_p07_hyp-2_10_2,3,8,2
driverlog/10/driverlog_p07_hyp-2_10_3,3,8,2
driverlog/10/driverlog_p07_hyp-3_10_1,5,8,5
driverlog/10/driverlog_p07_hyp-3_10_2,5,8,5
driverlog/10/driverlog_p07_hyp-3_10_3,5,8,5
driverlog/10/driverlog_p07_hyp-4_10_1,5,8,6
driverlog/10/driverlog_p07_hyp-4_10_2,5,8,6
driverlog/10/driverlog_p07_hyp-4_10_3,5,8,6
driverlog/100/driverlog_p01_hyp-1_full,13,6,0
driverlog/100/driverlog_p01_hyp-2_full,15,6,1
driverlog/100/driverlog_p01_hyp-3_full,15,6,2
driverlog/100/driverlog_p01_hyp-4_full,17,6,3
driverlog/100/driverlog_p02_hyp-1_full,11,6,0
driverlog/100/driverlog_p02_hyp-2_full,15,6,1
driverlog/100/driverlog_p02_hyp-3_full,13,6,2
driverlog/100/driverlog_p02_hyp-4_full,16,6,3
driverlog/100/driverlog_p03_hyp-1_full,8,8,0
driverlog/100/driverlog_p03_hyp-2_full,13,8,1
driverlog/100/driverlog_p03_hyp-3_full,10,8,2
driverlog/100/driverlog_p03_hyp-4_full,8,8,3
driverlog/100/driverlog_p04_hyp-1_full,27,6,0
driverlog/100/driverlog_p04_hyp-2_full,27,6,1
driverlog/100/driverlog_p04_hyp-3_full,28,6,2
driverlog/100/driverlog_p04_hyp-4_full,29,6,3
driverlog/100/driverlog_p05_hyp-1_full,23,6,0
driverlog/100/driverlog_p05_hyp-2_full,20,6,1
driverlog/100/driverlog_p05_hyp-3_full,21,6,2
driverlog/100/driverlog_p05_hyp-4_full,20,6,3
driverlog/100/driverlog_p06_hyp-1_full,27,10,0
driverlog/100/driverlog_p06_hyp-2_full,27,10,4
driverlog/100/driverlog_p06_hyp-3_full,28,10,6
driverlog/100/driverlog_p06_hyp-4_full,42,10,8
driverlog/100/driverlog_p07_hyp-1_full,26,8,0
driverlog/100/driverlog_p07_hyp-2_full,25,8,2
driverlog/100/driverlog_p07_hyp-3_full,43,8,5
driverlog/100/driverlog_p07_hyp-4_full,41,8,6
driverlog/30/driverlog_p01_hyp-1_30_1,4,6,0
driverlog/30/driverlog_p01_hyp-1_30_2,4,6,0
driverlog/30/driverlog_p01_hyp-1_30_3,4,6,0
driverlog/30/driverlog_p01_hyp-2_30_1,5,6,1
driverlog/30/driverlog_p01_hyp-2_30_2,5,6,1
driverlog/30/driverlog_p01_hyp-2_30_3,5,6,1
driverlog/30/driverlog_p01_hyp-3_30_1,5,6,2
driverlog/30/driverlog_p01_hyp-3_30_2,5,6,2
driverlog/30/driverlog_p01_hyp-3_30_3,5,6,2
driverlog/30/driverlog_p01_hyp-4_30_1,6,6,3
driverlog/30/driverlog_p01_hyp-4_30_2,6,6,3
driverlog/30/driverlog_p01_hyp-4_30_3,6,6,3
driverlog/30/driverlog_p02_hyp-1_30_1,4,6,0
driverlog/30/driverlog_p02_hyp-1_30_2,4,6,0
driverlog/30/driverlog_p02_hyp-1_30_3,4,6,0
driverlog/30/driverlog_p02_hyp-2_30_1,5,6,1
driverlog/30/driverlog_p02_hyp-2_30_2,5,6,1
driverlog/30/driverlog_p02_hyp-2_30_3,5,6,1
driverlog/30/driverlog_p02_hyp-3_30_1,4,6,2
driverlog/30/driverlog_p02_hyp-3_30_2,4,6,2
driverlog/30/driverlog_p02_hyp-3_30_3,4,6,2
driverlog/30/driverlog_p02_hyp-4_30_1,5,6,3
driverlog/30/driverlog_p02_hyp-4_30_2,5,6,3
driverlog/30/driverlog_p02_hyp-4_30_3,5,6,3
driverlog/30/driverlog_p03_hyp-1_30_1,3,8,0
driverlog/30/driverlog_p03_hyp-1_30_2,3,8,0
driverlog/30/driverlog_p03_hyp-1_30_3,3,8,0
driverlog/30/driverlog_p03_hyp-2_30_1,4,8,1
driverlog/30/driverlog_p03_hyp-2_30_2,4,8,1
driverlog/30/driverlog_p03_hyp-2_30_3,4,8,1
driverlog/30/driverlog_p03_hyp-3_30_1,3,8,2
driverlog/30/driverlog_p03_hyp-3_30_2,3,8,2
driverlog/30/driverlog_p03_hyp-3_30_3,3,8,2
driverlog/30/driverlog_p03_hyp-4_30_1,3,8,3
driverlog/30/driverlog_p03_hyp-4_30_2,3,8,3
driverlog/30/driverlog_p03_hyp-4_30_3,3,8,3
driverlog/30/driverlog_p04_hyp-1_30_1,9,6,0
driverlog/30/driverlog_p04_hyp-1_30_2,9,6,0
driverlog/30/driverlog_p04_hyp-1_30_3,9,6,0
driverlog/30/driverlog_p04_hyp-2_30_1,9,6,1
driverlog/30/driverlog_p04_hyp-2_30_2,9,6,1
driverlog/30/driverlog_p04_hyp-2_30_3,9,6,1
driverlog/30/driverlog_p04_hyp-3_30_1,9,6,2
driverlog/30/driverlog_p04_hyp-3_30_2,9,6,2
driverlog/30/driverlog_p04_hyp-3_30_3,9,6,2
driverlog/30/driverlog_p04_hyp-4_30_1,9,6,3
driverlog/30/driverlog_p04_hyp-4_30_2,9,6,3
driverlog/30/driverlog_p04_hyp-4_30_3,9,6,3
driverlog/30/driverlog_p05_hyp-1_30_1,7,6,0
driverlog/30/driverlog_p05_hyp-1_30_2,7,6,0
driverlog/30/driverlog_p05_hyp-1_30_3,7,6,0
driverlog/30/driverlog_p05_hyp-2_30_1,6,6,1
driverlog/30/driverlog_p05_hyp-2_30_2,6,6,1
driverlog/30/driverlog_p05_hyp-2_30_3,6,6,1
driverlog/30/driverlog_p05_hyp-3_30_1,7,6,2
driverlog/30/driverlog_p05_hyp-3_30_2,7,6,2
driverlog/30/driverlog_p05_hyp-3_30_3,7,6,2
driverlog/30/driverlog_p05_hyp-4_30_1,6,6,3
driverlog/30/driverlog_p05_hyp-4_30_2,6,6,3
driverlog/30/driverlog_p05_hyp-4_30_3,6,6,3
driverlog/30/driverlog_p06_hyp-1_30_1,9,10,0
driverlog/30/driverlog_p06_hyp-1_30_2,9,10,0
driverlog/30/driverlog_p06_hyp-1_30_3,9,10,0
driverlog/30/driverlog_p06_hyp-2_30_1,9,10,4
driverlog/30/driverlog_p06_hyp-2_30_2,9,10,4
driverlog/30/driverlog_p06_hyp-2_30_3,9,10,4
driverlog/30/driverlog_p06_hyp-3_30_1,9,10,6
driverlog/30/driverlog_p06_hyp-3_30_2,9,10,6
driverlog/30/driverlog_p06_hyp-3_30_3,9,10,6
driverlog/30/driverlog_p06_hyp-4_30_1,13,10,8
driverlog/30/driverlog_p06_hyp-4_30_2,13,10,8
driverlog/30/driverlog_p06_hyp-4_30_3,13,10,8
driverlog/30/driverlog_p07_hyp-1_30_1,8,8,0
driverlog/30/driverlog_p07_hyp-1_30_2,8,8,0
driverlog/30/driverlog_p07_hyp-1_30_3,8,8,0
driverlog/30/driverlog_p07_hyp-2_30_1,8,8,2
driverlog/30/driverlog_p07_hyp-2_30_2,8,8,2
driverlog/30/driverlog_p07_hyp-2_30_3,8,8,2
driverlog/30/driverlog_p07_hyp-3_30_1,13,8,5
driverlog/30/driverlog_p07_hyp-3_30_2,13,8,5
driverlog/30/driverlog_p07_hyp-3_30_3,13,8,5
driverlog/30/driverlog_p07_hyp-4_30_1,13,8,6
driverlog/30/driverlog_p07_hyp-4_30_2,13,8,6
driverlog/30/driverlog_p07_hyp-4_30_3,13,8,6
driverlog/50/driverlog_p01_hyp-1_50_1,7,6,0
driverlog/50/driverlog_p01_hyp-1_50_2,7,6,0
driverlog/50/driverlog_p01_hyp-1_50_3,7,6,0
driverlog/50/driverlog_p01_hyp-2_50_1,8,6,1
driverlog/50/driverlog_p01_hyp-2_50_2,8,6,1
driverlog/50/driverlog_p01_hyp-2_50_3,8,6,1
driverlog/50/driverlog_p01_hyp-3_50_1,8,6,2
driverlog/50/driverlog_p01_hyp-3_50_2,8,6,2
driverlog/50/driverlog_p01_hyp-3_50_3,8,6,2
driverlog/50/driverlog_p01_hyp-4_50_1,9,6,3
driverlog/50/driverlog_p01_hyp-4_50_2,9,6,3
driverlog/50/driverlog_p01_hyp-4_50_3,9,6,3
driverlog/50/driverlog_p02_hyp-1_50_1,6,6,0
driverlog/50/driverlog_p02_hyp-1_50_2,6,6,0
driverlog/50/driverlog_p02_hyp-1_50_3,6,6,0
driverlog/50/driverlog_p02_hyp-2_50_1,8,6,1
driverlog/50/driverlog_p02_hyp-2_50_2,8,6,1
driverlog/50/driverlog_p02_hyp-2_50_3,8,6,1
driverlog/50/driverlog_p02_hyp-3_50_1,7,6,2
driverlog/50/driverlog_p02_hyp-3_50_2,7,6,2
driverlog/50/driverlog_p02_hyp-3_50_3,7,6,2
driverlog/50/driverlog_p02_hyp-4_50_1,8,6,3
driverlog/50/driverlog_p02_hyp-4_50_2,8,6,3
driverlog/50/driverlog_p02_hyp-4_50_3,8,6,3
driverlog/50/driverlog_p03_hyp-1_50_1,4,8,0
driverlog/50/driverlog_p03_hyp-1_50_2,4,8,0
driverlog/50/driverlog_p03_hyp-1_50_3,4,8,0
driverlog/50/driverlog_p03_hyp-2_50_1,7,8,1
driverlog/50/driverlog_p03_hyp-2_50_2,7,8,1
driverlog/50/driverlog_p03_hyp-2_50_3,7,8,1
driverlog/50/driverlog_p03_hyp-3_50_1,5,8,2
driverlog/50/driverlog_p03_hyp-3_50_2,5,8,2
driverlog/50/driverlog_p03_hyp-3_50_3,5,8,2
driverlog/50/driverlog_p03_hyp-4_50_1,4,8,3
driverlog/50/driverlog_p03_hyp-4_50_2,4,8,3
driverlog/50/driverlog_p03_hyp-4_50_3,4,8,3
driverlog/50/driverlog_p04_hyp-1_50_1,14,6,0
driverlog/50/driverlog_p04_hyp-1_50_2,14,6,0
driverlog/50/driverlog_p04_hyp-1_50_3,14,6,0
driverlog/50/driverlog_p04_hyp-2_50_1,14,6,1
driverlog/50/driverlog_p04_hyp-2_50_2,14,6,1
driverlog/50/driverlog_p04_hyp-2_50_3,14,6,1
driverlog/50/driverlog_p04_hyp-3_50_1,14,6,2
driverlog/50/driverlog_p04_hyp-3_50_2,14,6,2
driverlog/50/driverlog_p04_hyp-3_50_3,14,6,2
driverlog/50/driverlog_p04_hyp-4_50_1,15,6,3
driverlog/50/driverlog_p04_hyp-4_50_2,15,6,3
driverlog/50/driverlog_p04_hyp-4_50_3,15,6,3
driverlog/50/driverlog_p05_hyp-1_50_1,12,6,0
driverlog/50/driverlog_p05_hyp-1_50_2,12,6,0
driverlog/50/driverlog_p05_hyp-1_50_3,12,6,0
driverlog/50/driverlog_p05_hyp-2_50_1,10,6,1
driverlog/50/driverlog_p05_hyp-2_50_2,10,6,1
driverlog/50/driverlog_p05_hyp-2_50_3,10,6,1
driverlog/50/driverlog_p05_hyp-3_50_1,11,6,2
driverlog/50/driverlog_p05_hyp-3_50_2,11,6,2
driverlog/50/driverlog_p05_hyp-3_50_3,11,6,2
driverlog/50/driverlog_p05_hyp-4_50_1,10,6,3
driverlog/50/driverlog_p05_hyp-4_50_2,10,6,3
driverlog/50/driverlog_p05_hyp-4_50_3,10,6,3
driverlog/50/driverlog_p06_hyp-1_50_1,14,10,0
driverlog/50/driverlog_p06_hyp-1_50_2,14,10,0
driverlog/50/driverlog_p06_hyp-1_50_3,14,10,0
driverlog/50/driverlog_p06_hyp-2_50_1,14,10,4
driverlog/50/driverlog_p06_hyp-2_50_2,14,10,4
driverlog/50/driverlog_p06_hyp-2_50_3,14,10,4
driverlog/50/driverlog_p06_hyp-3_50_1,14,10,6
driverlog/50/driverlog_p06_hyp-3_50_2,14,10,6
driverlog/50/driverlog_p06_hyp-3_50_3,14,10,6
driverlog/50/driverlog_p06_hyp-4_50_1,21,10,8
driverlog/50/driverlog_p06_hyp-4_50_2,21,10,8
driverlog/50/driverlog_p06_hyp-4_50_3,21,10,8
driverlog/50/driverlog_p07_hyp-1_50_1,13,8,0
driverlog/50/driverlog_p07_hyp-1_50_2,13,8,0
driverlog/50/driverlog_p07_hyp-1_50_3,13,8,0
driverlog/50/driverlog_p07_hyp-2_50_1,13,8,2
driverlog/50/driverlog_p07_hyp-2_50_2,13,8,2
driverlog/50/driverlog_p07_hyp-2_50_3,13,8,2
driverlog/50/driverlog_p07_hyp-3_50_1,22,8,5
driverlog/50/driverlog_p07_hyp-3_50_2,22,8,5
driverlog/50/driverlog_p07_hyp-3_50_3,22,8,5
driverlog/50/driverlog_p07_hyp-4_50_1,21,8,6
driverlog/50/driverlog_p07_hyp-4_50_2,21,8,6
driverlog/50/driverlog_p07_hyp-4_50_3,21,8,6
driverlog/70/driverlog_p01_hyp-1_70_1,10,6,0
driverlog/70/driverlog_p01_hyp-1_70_2,10,6,0
driverlog/70/driverlog_p01_hyp-1_70_3,10,6,0
driverlog/70/driverlog_p01_hyp-2_70_1,11,6,1
driverlog/70/driverlog_p01_hyp-2_70_2,11,6,1
driverlog/70/driverlog_p01_hyp-2_70_3,11,6,1
driverlog/70/driverlog_p01_hyp-3_70_1,11,6,2
driverlog/70/driverlog_p01_hyp-3_70_2,11,6,2
driverlog/70/driverlog_p01_hyp-3_70_3,11,6,2
driverlog/70/driverlog_p01_hyp-4_70_1,12,6,3
driverlog/70/driverlog_p01_hyp-4_70_2,12,6,3
driverlog/70/driverlog_p01_hyp-4_70_3,12,6,3
driverlog/70/driverlog_p02_hyp-1_70_1,8,6,0
driverlog/70/driverlog_p02_hyp-1_70_2,8,6,0
driverlog/70/driverlog_p02_hyp-1_70_3,8,6,0
driverlog/70/driverlog_p02_hyp-2_70_1,11,6,1
driverlog/70/driverlog_p02_hyp-2_70_2,11,6,1
driverlog/70/driverlog_p02_hyp-2_70_3,11,6,1
driverlog/70/driverlog_p02_hyp-3_70_1,10,6,2
driverlog/70/driverlog_p02_hyp-3_70_2,10,6,2
driverlog/70/driverlog_p02_hyp-3_70_3,10,6,2
driverlog/70/driverlog_p02_hyp-4_70_1,12,6,3
driverlog/70/driverlog_p02_hyp-4_70_2,12,6,3
driverlog/70/driverlog_p02_hyp-4_70_3,12,6,3
driverlog/70/driverlog_p03_hyp-1_70_1,6,8,0
driverlog/70/driverlog_p03_hyp-1_70_2,6,8,0
driverlog/70/driverlog_p03_hyp-1_70_3,6,8,0
driverlog/70/driverlog_p03_hyp-2_70_1,10,8,1
driverlog/70/driverlog_p03_hyp-2_70_2,10,8,1
driverlog/70/driverlog_p03_hyp-2_70_3,10,8,1
driverlog/70/driverlog_p03_hyp-3_70_1,7,8,2
driverlog/70/driverlog_p03_hyp-3_70_2,7,8,2
driverlog/70/driverlog_p03_hyp-3_70_3,7,8,2
driverlog/70/driverlog_p03_hyp-4_70_1,6,8,3
driverlog/70/driverlog_p03_hyp-4_70_2,6,8,3
driverlog/70/driverlog_p03_hyp-4_70_3,6,8,3
driverlog/70/driverlog_p04_hyp-1_70_1,19,6,0
driverlog/70/driverlog_p04_hyp-1_70_2,19,6,0
driverlog/70/driverlog_p04_hyp-1_70_3,19,6,0
driverlog/70/driverlog_p04_hyp-2_70_1,19,6,1
driverlog/70/driverlog_p04_hyp-2_70_2,19,6,1
driverlog/70/driverlog_p04_hyp-2_70_3,19,6,1
driverlog/70/driverlog_p04_hyp-3_70_1,20,6,2
driverlog/70/driverlog_p04_hyp-3_70_2,20,6,2
driverlog/70/driverlog_p04_hyp-3_70_3,20,6,2
driverlog/70/driverlog_p04_hyp-4_70_1,21,6,3
driverlog/70/driverlog_p04_hyp-4_70_2,21,6,3
driverlog/70/driverlog_p04_hyp-4_70_3,21,6,3
driverlog/70/driverlog_p05_hyp-1_70_1,17,6,0
driverlog/70/driverlog_p05_hyp-1_70_2,17,6,0
driverlog/70/driverlog_p05_hyp-1_70_3,17,6,0
driverlog/70/driverlog_p05_hyp-2_70_1,14,6,1
driverlog/70/driverlog_p05_hyp-2_70_2,14,6,1
driverlog/70/driverlog_p05_hyp-2_70_3,14,6,1
driverlog/70/driverlog_p05_hyp-3_70_1,15,6,2
driverlog/70/driverlog_p05_hyp-3_70_2,15,6,2
driverlog/70/driverlog_p05_hyp-3_70_3,15,6,2
driverlog/70/driverlog_p05_hyp-4_70_1,14,6,3
driverlog/70/driverlog_p05_hyp-4_70_2,14,6,3
driverlog/70/driverlog_p05_hyp-4_70_3,14,6,3
driverlog/70/driverlog_p06_hyp-1_70_1,19,10,0
driverlog/70/driverlog_p06_hyp-1_70_2,19,10,0
driverlog/70/driverlog_p06_hyp-1_70_3,19,10,0
driverlog/70/driverlog_p06_hyp-2_70_1,19,10,4
driverlog/70/driverlog_p06_hyp-2_70_2,19,10,4
driverlog/70/driverlog_p06_hyp-2_70_3,19,10,4
driverlog/70/driverlog_p06_hyp-3_70_1,20,10,6
driverlog/70/driverlog_p06_hyp-3_70_2,20,10,6
driverlog/70/driverlog_p06_hyp-3_70_3,20,10,6
driverlog/70/driverlog_p06_hyp-4_70_1,30,10,8
driverlog/70/driverlog_p06_hyp-4_70_2,30,10,8
driverlog/70/driverlog_p06_hyp-4_70_3,30,10,8
driverlog/70/driverlog_p07_hyp-1_70_1,19,8,0
driverlog/70/driverlog_p07_hyp-1_70_2,19,8,0
driverlog/70/driverlog_p07_hyp-1_70_3,19,8,0
driverlog/70/driverlog_p07_hyp-2_70_1,18,8,2
driverlog/70/driverlog_p07_hyp-2_70_2,18,8,2
driverlog/70/driverlog_p07_hyp-2_70_3,18,8,2
driverlog/70/driverlog_p07_hyp-3_70_1,31,8,5
driverlog/70/driverlog_p07_hyp-3_70_2,31,8,5
driverlog/70/driverlog_p07_hyp-3_70_3,31,8,5
driverlog/70/driverlog_p07_hyp-4_70_1,29,8,6
driverlog/70/driverlog_p07_hyp-4_70_2,29,8,6
driverlog/70/driverlog_p07_hyp-4_70_3,29,8,6
dwr/10/dwr_p01_hyp-1_10_1,3,6,0
dwr/10/dwr_p01_hyp-1_10_2,3,6,0
dwr/10/dwr_p01_hyp-1_10_3,3,6,0
dwr/10/dwr_p01_hyp-2_10_1,4,6,1
dwr/10/dwr_p01_hyp-2_10_2,4,6,1
dwr/10/dwr_p01_hyp-2_10_3,4,6,1
dwr/10/dwr_p01_hyp-3_10_1,4,6,2
dwr/10/dwr_p01_hyp-3_10_2,4,6,2
dwr/10/dwr_p01_hyp-3_10_3,4,6,2
dwr/10/dwr_p01_hyp-4_10_1,4,6,3
dwr/10/dwr_p01_hyp-4_10_2,4,6,3
dwr/10/dwr_p01_hyp-4_10_3,4,6,3
dwr/10/dwr_p02_hyp-1_10_1,2,8,0
dwr/10/dwr_p02_hyp-1_10_2,2,8,0
dwr/10/dwr_p02_hyp-1_10_3,2,8,0
dwr/10/dwr_p02_hyp-2_10_1,2,8,1
dwr/10/dwr_p02_hyp-2_10_2,2,8,1
dwr/10/dwr_p02_hyp-2_10_3,2,8,1
dwr/10/dwr_p02_hyp-3_10_1,2,8,2
dwr/10/dwr_p02_hyp-3_10_2,2,8,2
dwr/10/dwr_p02_hyp-3_10_3,2,8,2
dwr/10/dwr_p02_hyp-4_10_1,2,8,3
dwr/10/dwr_p02_hyp-4_10_2,2,8,3
dwr/10/dwr_p02_hyp-4_10_3,2,8,3
dwr/10/dwr_p03_hyp-1_10_1,7,7,0
dwr/10/dwr_p03_hyp-1_10_2,7,7,0
dwr/10/dwr_p03_hyp-1_10_3,7,7,0
dwr/10/dwr_p03_hyp-2_10_1,7,7,1
dwr/10/dwr_p03_hyp-2_10_2,7,7,1
dwr/10/dwr_p03_hyp-2_10_3,7,7,1
dwr/10/dwr_p03_hyp-3_10_1,6,7,2
dwr/10/dwr_p03_hyp-3_10_2,6,7,2
dwr/10/dwr_p03_hyp-3_10_3,6,7,2
dwr/10/dwr_p03_hyp-4_10_1,6,7,3
dwr/10/dwr_p03_hyp-4_10_2,6,7,3
dwr/10/dwr_p03_hyp-4_10_3,6,7,3
dwr/10/dwr_p04_hyp-1_10_1,8,6,0
dwr/10/dwr_p04_hyp-1_10_2,8,6,0
dwr/10/dwr_p04_hyp-1_10_3,8,6,0
dwr/10/dwr_p04_hyp-2_10_1,7,6,1
dwr/10/dwr_p04_hyp-2_10_2,7,6,1
dwr/10/dwr_p04_hyp-2_10_3,7,6,1
dwr/10/dwr_p04_hyp-3_10_1,8,6,2
dwr/10/dwr_p04_hyp-3_10_2,8,6,2
dwr/10/dwr_p04_hyp-3_10_3,8,6,2
dwr/10/dwr_p04_hyp-4_10_1,8,6,3
dwr/10/dwr_p04_hyp-4_10_2,8,6,3
dwr/10/dwr_p04_hyp-4_10_3,8,6,3
dwr/10/dwr_p05_hyp-1_10_1,6,8,0
dwr/10/dwr_p05_hyp-1_10_2,6,8,0
dwr/10/dwr_p05_hyp-1_10_3,6,8,0
dwr/10/dwr_p05_hyp-2_10_1,6,8,2
dwr/10/dwr_p05_hyp-2_10_2,6,8,2
dwr/10/dwr_p05_hyp-2_10_3,6,8,2
dwr/10/dwr_p05_hyp-3_10_1,6,8,4
dwr/10/dwr_p05_hyp-3_10_2,6,8,4
dwr/10/dwr_p05_hyp-3_10_3,6,8,4
dwr/10/dwr_p05_hyp-4_10_1,12,8,6
dwr/10/dwr_p05_hyp-4_10_2,12,8,6
dwr/10/dwr_p05_hyp-4_10_3,12,8,6
dwr/10/dwr_p06_hyp-1_10_1,5,8,0
dwr/10/dwr_p06_hyp-1_10_2,5,8,0
dwr/10/dwr_p06_hyp-1_10_3,5,8,0
dwr/10/dwr_p06_hyp-2_10_1,7,8,2
dwr/10/dwr_p06_hyp-2_10_2,7,8,2
dwr/10/dwr_p06_hyp-2_10_3,7,8,2
dwr/10/dwr_p06_hyp-3_10_1,6,8,4
dwr/10/dwr_p06_hyp-3_10_2,6,8,4
dwr/10/dwr_p06_hyp-3_10_3,6,8,4
dwr/10/dwr_p06_hyp-4_10_1,9,8,6
dwr/10/dwr_p06_hyp-4_10_2,9,8,6
dwr/10/dwr_p06_hyp-4_10_3,9,8,6
dwr/10/dwr_p07_hyp-1_10_1,5,8,0
dwr/10/dwr_p07_hyp-1_10_2,5,8,0
dwr/10/dwr_p07_hyp-1_10_3,5,8,0
dwr/10/dwr_p07_hyp-2_10_1,5,8,1
dwr/10/dwr_p07_hyp-2_10_2,5,8,1
dwr/10/dwr_p07_hyp-2_10_3,5,8,1
dwr/10/dwr_p07_hyp-3_10_1,5,8,2
dwr/10/dwr_p07_hyp-3_10_2,5,8,2
dwr/10/dwr_p07_hyp-3_10_3,5,8,2
dwr/10/dwr_p07_hyp-4_10_1,8,8,3
dwr/10/dwr_p07_hyp-4_10_2,8,8,3
dwr/10/dwr_p07_hyp-4_10_3,8,8,3
dwr/100/dwr_p01_hyp-1_full,30,6,0
dwr/100/dwr_p01_hyp-2_full,31,6,1
dwr/100/dwr_p01_hyp-3_full,31,6,2
dwr/100/dwr_p01_hyp-4_full,31,6,3
dwr/100/dwr_p02_hyp-1_full,13,8,0
dwr/100/dwr_p02_hyp-2_full,13,8,1
dwr/100/dwr_p02_hyp-3_full,13,8,2
dwr/100/dwr_p02_hyp-4_full,13,8,3
dwr/100/dwr_p03_hyp-1_full,66,7,0
dwr/100/dwr_p03_hyp-2_full,61,7,1
dwr/100/dwr_p03_hyp-3_full,59,7,2
dwr/100/dwr_p03_hyp-4_full,58,7,3
dwr/100/dwr_p04_hyp-1_full,72,6,0
dwr/100/dwr_p04_hyp-2_full,67,6,1
dwr/100/dwr_p04_hyp-3_full,78,6,2
dwr/100/dwr_p04_hyp-4_full,78,6,3
dwr/100/dwr_p05_hyp-1_full,54,8,0
dwr/100/dwr_p05_hyp-2_full,59,8,2
dwr/100/dwr_p05_hyp-3_full,56,8,4
dwr/100/dwr_p05_hyp-4_full,116,8,6
dwr/100/dwr_p06_hyp-1_full,44,8,0
dwr/100/dwr_p06_hyp-2_full,61,8,2
dwr/100/dwr_p06_hyp-3_full,52,8,4
dwr/100/dwr_p06_hyp-4_full,83,8,6
dwr/100/dwr_p07_hyp-1_full,48,8,0
dwr/100/dwr_p07_hyp-2_full,49,8,1
dwr/100/dwr_p07_hyp-3_full,43,8,2
dwr/100/dwr_p07_hyp-4_full,74,8,3
dwr/30/dwr_p01_hyp-1_30_1,9,6,0
dwr/30/dwr_p01_hyp-1_30_2,9,6,0
dwr/30/dwr_p01_hyp-1_30_3,9,6,0
dwr/30/dwr_p01_hyp-2_30_1,10,6,1
dwr/30/dwr_p01_hyp-2_30_2,10,6,1
dwr/30/dwr_p01_hyp-2_30_3,10,6,1
dwr/30/dwr_p01_hyp-3_30_1,10,6,2
dwr/30/dwr_p01_hyp-3_30_2,10,6,2
dwr/30/dwr_p01_hyp-3_30_3,10,6,2
dwr/30/dwr_p01_hyp-4_30_1,10,6,3
dwr/30/dwr_p01_hyp-4_30_2,10,6,3
dwr/30/dwr_p01_hyp-4_30_3,10,6,3
dwr/30/dwr_p02_hyp-1_30_1,4,8,0
dwr/30/dwr_p02_hyp-1_30_2,4,8,0
dwr/30/dwr_p02_hyp-1_30_3,4,8,0
dwr/30/dwr_p02_hyp-2_30_1,4,8,1
dwr/30/dwr_p02_hyp-2_30_2,4,8,1
dwr/30/dwr_p02_hyp-2_30_3,4,8,1
dwr/30/dwr_p02_hyp-3_30_1,4,8,2
dwr/30/dwr_p02_hyp-3_30_2,4,8,2
dwr/30/dwr_p02_hyp-3_30_3,4,8,2
dwr/30/dwr_p02_hyp-4_30_1,4,8,3
dwr/30/dwr_p02_hyp-4_30_2,4,8,3
dwr/30/dwr_p02_hyp-4_30_3,4,8,3
dwr/30/dwr_p03_hyp-1_30_1,20,7,0
dwr/30/dwr_p03_hyp-1_30_2,20,7,0
dwr/30/dwr_p03_hyp-1_30_3,20,7,0
dwr/30/dwr_p03_hyp-2_30_1,19,7,1
dwr/30/dwr_p03_hyp-2_30_2,19,7,1
dwr/30/dwr_p03_hyp-2_30_3,19,7,1
dwr/30/dwr_p03_hyp-3_30_1,18,7,2
dwr/30/dwr_p03_hyp-3_30_2,18,7,2
dwr/30/dwr_p03_hyp-3_30_3,18,7,2
dwr/30/dwr_p03_hyp-4_30_1,18,7,3
dwr/30/dwr_p03_hyp-4_30_2,18,7,3
dwr/30/dwr_p03_hyp-4_30_3,18,7,3
dwr/30/dwr_p04_hyp-1_30_1,22,6,0
dwr/30/dwr_p04_hyp-1_30_2,22,6,0
dwr/30/dwr_p04_hyp-1_30_3,22,6,0
dwr/30/dwr_p04_hyp-2_30_1,21,6,1
dwr/30/dwr_p04_hyp-2_30_2,21,6,1
dwr/30/dwr_p04_hyp-2_30_3,21,6,1
dwr/30/dwr_p04_hyp-3_30_1,24,6,2
dwr/30/dwr_p04_hyp-3_30_2,24,6,2
dwr/30/dwr_p04_hyp-3_30_3,24,6,2
dwr/30/dwr_p04_hyp-4_30_1,24,6,3
dwr/30/dwr_p04_hyp-4_30_2,24,6,3
dwr/30/dwr_p04_hyp-4_30_3,24,6,3
dwr/30/dwr_p05_hyp-1_30_1,17,8,0
dwr/30/dwr_p05_hyp-1_30_2,17,8,0
dwr/30/dwr_p05_hyp-1_30_3,17,8,0
dwr/30/dwr_p05_hyp-2_30_1,18,8,2
dwr/30/dwr_p05_hyp-2_30_2,18,8,2
dwr/30/dwr_p05_hyp-2_30_3,18,8,2
dwr/30/dwr_p05_hyp-3_30_1,17,8,4
dwr/30/dwr_p05_hyp-3_30_2,17,8,4
dwr/30/dwr_p05_hyp-3_30_3,17,8,4
dwr/30/dwr_p05_hyp-4_30_1,35,8,6
dwr/30/dwr_p05_hyp-4_30_2,35,8,6
dwr/30/dwr_p05_hyp-4_30_3,35,8,6
dwr/30/dwr_p06_hyp-1_30_1,14,8,0
dwr/30/dwr_p06_hyp-1_30_2,14,8,0
dwr/30/dwr_p06_hyp-1_30_3,14,8,0
dwr/30/dwr_p06_hyp-2_30_1,19,8,2
dwr/30/dwr_p06_hyp-2_30_2,19,8,2
dwr/30/dwr_p06_hyp-2_30_3,19,8,2
dwr/30/dwr_p06_hyp-3_30_1,16,8,4
dwr/30/dwr_p06_hyp-3_30_2,16,8,4
dwr/30/dwr_p06_hyp-3_30_3,16,8,4
dwr/30/dwr_p06_hyp-4_30_1,25,8,6
dwr/30/dwr_p06_hyp-4_30_2,25,8,6
dwr/30/dwr_p06_hyp-4_30_3,25,8,6
dwr/30/dwr_p07_hyp-1_30_1,15,8,0
dwr/30/dwr_p07_hyp-1_30_2,15,8,0
dwr/30/dwr_p07_hyp-1_30_3,15,8,0
dwr/30/dwr_p07_hyp-2_30_1,15,8,1
dwr/30/dwr_p07_hyp-2_30_2,15,8,1
dwr/30/dwr_p07_hyp-2_30_3,15,8,1
dwr/30/dwr_p07_hyp-3_30_1,13,8,2
dwr/30/dwr_p07_hyp-3_30_2,13,8,2
dwr/30/dwr_p07_hyp-3_30_3,13,8,2
dwr/30/dwr_p07_hyp-4_30_1,23,8,3
dwr/30/dwr_p07_hyp-4_30_2,23,8,3
dwr/30/dwr_p07_hyp-4_30_3,23,8,3
dwr/50/dwr_p01_hyp-1_50_1,15,6,0
dwr/50/dwr_p01_hyp-1_50_2,15,6,0
dwr/50/dwr_p01_hyp-1_50_3,15,6,0
dwr/50/dwr_p01_hyp-2_50_1,16,6,1
dwr/50/dwr_p01_hyp-2_50_2,16,6,1
dwr/50/dwr_p01_hyp-2_50_3,16,6,1
dwr/50/dwr_p01_hyp-3_50_1,16,6,2
dwr/50/dwr_p01_hyp-3_50_2,16,6,2
dwr/50/dwr_p01_hyp-3_50_3,16,6,2
dwr/50/dwr_p01_hyp-4_50_1,16,6,3
dwr/50/dwr_p01_hyp-4_50_2,16,6,3
dwr/50/dwr_p01_hyp-4_50_3,16,6,3
dwr/50/dwr_p02_hyp-1_50_1,7,8,0
dwr/50/dwr_p02_hyp-1_50_2,7,8,0
dwr/50/dwr_p02_hyp-1_50_3,7,8,0
dwr/50/dwr_p02_hyp-2_50_1,7,8,1
dwr/50/dwr_p02_hyp-2_50_2,7,8,1
dwr/50/dwr_p02_hyp-2_50_3,7,8,1
dwr/50/dwr_p02_hyp-3_50_1,7,8,2
dwr/50/dwr_p02_hyp-3_50_2,7,8,2
dwr/50/dwr_p02_hyp-3_50_3,7,8,2
dwr/50/dwr_p02_hyp-4_50_1,7,8,3
dwr/50/dwr_p02_hyp-4_50_2,7,8,3
dwr/50/dwr_p02_hyp-4_50_3,7,8,3
dwr/50/dwr_p03_hyp-1_50_1,33,7,0
dwr/50/dwr_p03_hyp-1_50_2,33,7,0
dwr/50/dwr_p03_hyp-1_50_3,33,7,0
dwr/50/dwr_p03_hyp-2_50_1,31,7,1
dwr/50/dwr_p03_hyp-2_50_2,31,7,1
dwr/50/dwr_p03_hyp-2_50_3,31,7,1
dwr/50/dwr_p03_hyp-3_50_1,30,7,2
dwr/50/dwr_p03_hyp-3_50_2,30,7,2
dwr/50/dwr_p03_hyp-3_50_3,30,7,2
dwr/50/dwr_p03_hyp-4_50_1,29,7,3
dwr/50/dwr_p03_hyp-4_50_2,29,7,3
dwr/50/dwr_p03_hyp-4_50_3,29,7,3
dwr/50/dwr_p04_hyp-1_50_1,36,6,0
dwr/50/dwr_p04_hyp-1_50_2,36,6,0
dwr/50/dwr_p04_hyp-1_50_3,36,6,0
dwr/50/dwr_p04_hyp-2_50_1,34,6,1
dwr/50/dwr_p04_hyp-2_50_2,34,6,1
dwr/50/dwr_p04_hyp-2_50_3,34,6,1
dwr/50/dwr_p04_hyp-3_50_1,39,6,2
dwr/50/dwr_p04_hyp-3_50_2,39,6,2
dwr/50/dwr_p04_hyp-3_50_3,39,6,2
dwr/50/dwr_p04_hyp-4_50_1,39,6,3
dwr/50/dwr_p04_hyp-4_50_2,39,6,3
dwr/50/dwr_p04_hyp-4_50_3,39,6,3
dwr/50/dwr_p05_hyp-1_50_1,27,8,0
dwr/50/dwr_p05_hyp-1_50_2,27,8,0
dwr/50/dwr_p05_hyp-1_50_3,27,8,0
dwr/50/dwr_p05_hyp-2_50_1,30,8,2
dwr/50/dwr_p05_hyp-2_50_2,30,8,2
dwr/50/dwr_p05_hyp-2_50_3,30,8,2
dwr/50/dwr_p05_hyp-3_50_1,28,8,4
dwr/50/dwr_p05_hyp-3_50_2,28,8,4
dwr/50/dwr_p05_hyp-3_50_3,28,8,4
dwr/50/dwr_p05_hyp-4_50_1,58,8,6
dwr/50/dwr_p05_hyp-4_50_2,58,8,6
dwr/50/dwr_p05_hyp-4_50_3,58,8,6
dwr/50/dwr_p06_hyp-1_50_1,22,8,0
dwr/50/dwr_p06_hyp-1_50_2,22,8,0
dwr/50/dwr_p06_hyp-1_50_3,22,8,0
dwr/50/dwr_p06_hyp-2_50_1,31,8,2
dwr/50/dwr_p06_hyp-2_50_2,31,8,2
dwr/50/dwr_p06_hyp-2_50_3,31,8,2
dwr/50/dwr_p06_hyp-3_50_1,26,8,4
dwr/50/dwr_p06_hyp-3_50_2,26,8,4
dwr/50/dwr_p06_hyp-3_50_3,26,8,4
dwr/50/dwr_p06_hyp-4_50_1,42,8,6
dwr/50/dwr_p06_hyp-4_50_2,42,8,6
dwr/50/dwr_p06_hyp-4_50_3,42,8,6
dwr/50/dwr_p07_hyp-1_50_1,24,8,0
dwr/50/dwr_p07_hyp-1_50_2,24,8,0
dwr/50/dwr_p07_hyp-1_50_3,24,8,0
dwr/50/dwr_p07_hyp-2_50_1,25,8,1
dwr/50/dwr_p07_hyp-2_50_2,25,8,1
dwr/50/dwr_p07_hyp-2_50_3,25,8,1
dwr/50/dwr_p07_hyp-3_50_1,22,8,2
dwr/50/dwr_p07_hyp-3_50_2,22,8,2
dwr/50/dwr_p07_hyp-3_50_3,22,8,2
dwr/50/dwr_p07_hyp-4_50_1,37,8,3
dwr/50/dwr_p07_hyp-4_50_2,37,8,3
dwr/50/dwr_p07_hyp-4_50_3,37,8,3
dwr/70/dwr_p01_hyp-1_70_1,21,6,0
dwr/70/dwr_p01_hyp-1_70_2,21,6,0
dwr/70/dwr_p01_hyp-1_70_3,21,6,0
dwr/70/dwr_p01_hyp-2_70_1,22,6,1
dwr/70/dwr_p01_hyp-2_70_2,22,6,1
dwr/70/dwr_p01_hyp-2_70_3,22,6,1
dwr/70/dwr_p01_hyp-3_70_1,22,6,2
dwr/70/dwr_p01_hyp-3_70_2,22,6,2
dwr/70/dwr_p01_hyp-3_70_3,22,6,2
dwr/70/dwr_p01_hyp-4_70_1,22,6,3
dwr/70/dwr_p01_hyp-4_70_2,22,6,3
dwr/70/dwr_p01_hyp-4_70_3,22,6,3
dwr/70/dwr_p02_hyp-1_70_1,10,8,0
dwr/70/dwr_p02_hyp-1_70_2,10,8,0
dwr/70/dwr_p02_hyp-1_70_3,10,8,0
dwr/70/dwr_p02_hyp-2_70_1,10,8,1
dwr/70/dwr_p02_hyp-2_70_2,10,8,1
dwr/70/dwr_p02_hyp-2_70_3,10,8,1
dwr/70/dwr_p02_hyp-3_70_1,10,8,2
dwr/70/dwr_p02_hyp-3_70_2,10,8,2
dwr/70/dwr_p02_hyp-3_70_3,10,8,2
dwr/70/dwr_p02_hyp-4_70_1,10,8,3
dwr/70/dwr_p02_hyp-4_70_2,10,8,3
dwr/70/dwr_p02_hyp-4_70_3,10,8,3
dwr/70/dwr_p03_hyp-1_70_1,47,7,0
dwr/70/dwr_p03_hyp-1_70_2,47,7,0
dwr/70/dwr_p03_hyp-1_70_3,47,7,0
dwr/70/dwr_p03_hyp-2_70_1,43,7,1
dwr/70/dwr_p03_hyp-2_70_2,43,7,1
dwr/70/dwr_p03_hyp-2_70_3,43,7,1
dwr/70/dwr_p03_hyp-3_70_1,42,7,2
dwr/70/dwr_p03_hyp-3_70_2,42,7,2
dwr/70/dwr_p03_hyp-3_70_3,42,7,2
dwr/70/dwr_p03_hyp-4_70_1,41,7,3
dwr/70/dwr_p03_hyp-4_70_2,41,7,3
dwr/70/dwr_p03_hyp-4_70_3,41,7,3
dwr/70/dwr_p04_hyp-1_70_1,51,6,0
dwr/70/dwr_p04_hyp-1_70_2,51,6,0
dwr/70/dwr_p04_hyp-1_70_3,51,6,0
dwr/70/dwr_p04_hyp-2_70_1,47,6,1
dwr/70/dwr_p04_hyp-2_70_2,47,6,1
dwr/70/dwr_p04_hyp-2_70_3,47,6,1
dwr/70/dwr_p04_hyp-3_70_1,55,6,2
dwr/70/dwr_p04_hyp-3_70_2,55,6,2
dwr/70/dwr_p04_hyp-3_70_3,55,6,2
dwr/70/dwr_p04_hyp-4_70_1,55,6,3
dwr/70/dwr_p04_hyp-4_70_2,55,6,3
dwr/70/dwr_p04_hyp-4_70_3,55,6,3
dwr/70/dwr_p05_hyp-1_70_1,38,8,0
dwr/70/dwr_p05_hyp-1_70_2,38,8,0
dwr/70/dwr_p05_hyp-1_70_3,38,8,0
dwr/70/dwr_p05_hyp-2_70_1,42,8,2
dwr/70/dwr_p05_hyp-2_70_2,42,8,2
dwr/70/dwr_p05_hyp-2_70_3,42,8,2
dwr/70/dwr_p05_hyp-3_70_1,40,8,4
dwr/70/dwr_p05_hyp-3_70_2,40,8,4
dwr/70/dwr_p05_hyp-3_70_3,40,8,4
dwr/70/dwr_p05_hyp-4_70_1,82,8,6
dwr/70/dwr_p05_hyp-4_70_2,82,8,6
dwr/70/dwr_p05_hyp-4_70_3,82,8,6
dwr/70/dwr_p06_hyp-1_70_1,31,8,0
dwr/70/dwr_p06_hyp-1_70_2,31,8,0
dwr/70/dwr_p06_hyp-1_70_3,31,8,0
dwr/70/dwr_p06_hyp-2_70_1,43,8,2
dwr/70/dwr_p06_hyp-2_70_2,43,8,2
dwr/70/dwr_p06_hyp-2_70_3,43,8,2
dwr/70/dwr_p06_hyp-3_70_1,37,8,4
dwr/70/dwr_p06_hyp-3_70_2,37,8,4
dwr/70/dwr_p06_hyp-3_70_3,37,8,4
dwr/70/dwr_p06_hyp-4_70_1,59,8,6
dwr/70/dwr_p06_hyp-4_70_2,59,8,6
dwr/70/dwr_p06_hyp-4_70_3,59,8,6
dwr/70/dwr_p07_hyp-1_70_1,34,8,0
dwr/70/dwr_p07_hyp-1_70_2,34,8,0
dwr/70/dwr_p07_hyp-1_70_3,34,8,0
dwr/70/dwr_p07_hyp-2_70_1,35,8,1
dwr/70/dwr_p07_hyp-2_70_2,35,8,1
dwr/70/dwr_p07_hyp-2_70_3,35,8,1
dwr/70/dwr_p07_hyp-3_70_1,31,8,2
dwr/70/dwr_p07_hyp-3_70_2,31,8,2
dwr/70/dwr_p07_hyp-3_70_3,31,8,2
dwr/70/dwr_p07_hyp-4_70_1,52,8,3
dwr/70/dwr_p07_hyp-4_70_2,52,8,3
dwr/70/dwr_p07_hyp-4_70_3,52,8,3
easy-ipc-grid/10/easy-ipc-grid-aaai_p10-5-5_hyp-0_10_0,2,5,0
easy-ipc-grid/10/easy-ipc-grid-aaai_p10-5-5_hyp-1_10_0,2,5,1
easy-ipc-grid/10/easy-ipc-grid-aaai_p10-5-5_hyp-2_10_0,2,5,2
easy-ipc-grid/10/easy-ipc-grid-aaai_p10-5-5_hyp-3_10_0,2,5,3
easy-ipc-grid/10/easy-ipc-grid-aaai_p10-5-5_hyp-4_10_0,2,5,4
easy-ipc-grid/10/easy-ipc-grid-aaai_p5-10-10_hyp-0_10_0,1,10,0
easy-ipc-grid/10/easy-ipc-grid-aaai_p5-10-10_hyp-1_10_0,2,10,1
easy-ipc-grid/10/easy-ipc-grid-aaai_p5-10-10_hyp-2_10_0,1,10,2
easy-ipc-grid/10/easy-ipc-grid-aaai_p5-10-10_hyp-3_10_0,2,10,3
easy-ipc-grid/10/easy-ipc-grid-aaai_p5-10-10_hyp-4_10_0,2,10,4
easy-ipc-grid/10/easy-ipc-grid-aaai_p5-5-5_hyp-0_10_0,1,5,0
easy-ipc-grid/10/easy-ipc-grid-aaai_p5-5-5_hyp-1_10_0,1,5,1
easy-ipc-grid/10/easy-ipc-grid-aaai_p5-5-5_hyp-2_10_0,1,5,2
easy-ipc-grid/10/easy-ipc-grid-aaai_p5-5-5_hyp-3_10_0,1,5,3
easy-ipc-grid/10/easy-ipc-grid-aaai_p5-5-5_hyp-4_10_0,1,5,4
easy-ipc-grid/10/easy-ipc-grid_p04_hyp-1_10_1,7,10,3
easy-ipc-grid/10/easy-ipc-grid_p04_hyp-1_10_2,7,10,3
easy-ipc-grid/10/easy-ipc-grid_p04_hyp-1_10_3,7,10,3
easy-ipc-grid/10/easy-ipc-grid_p04_hyp-2_10_1,5,10,5
easy-ipc-grid/10/easy-ipc-grid_p04_hyp-2_10_2,5,10,5
easy-ipc-grid/10/easy-ipc-grid_p04_hyp-2_10_3,5,10,5
easy-ipc-grid/10/easy-ipc-grid_p04_hyp-3_10_1,4,10,7
easy-ipc-grid/10/easy-ipc-grid_p04_hyp-3_10_2,4,10,7
easy-ipc-grid/10/easy-ipc-grid_p04_hyp-3_10_3,4,10,7
easy-ipc-grid/10/easy-ipc-grid_p04_hyp-4_10_1,8,10,9
easy-ipc-grid/10/easy-ipc-grid_p04_hyp-4_10_2,8,10,9
easy-ipc-grid/10/easy-ipc-grid_p04_hyp-4_10_3,8,10,9
easy-ipc-grid/10/easy-ipc-grid_p05_hyp-1_10_1,4,10,3
easy-ipc-grid/10/easy-ipc-grid_p05_hyp-1_10_2,4,10,3
easy-ipc-grid/10/easy-ipc-grid_p05_hyp-1_10_3,4,10,3
easy-ipc-grid/10/easy-ipc-grid_p05_hyp-2_10_1,4,10,6
easy-ipc-grid/10/easy-ipc-grid_p05_hyp-2_10_2,4,10,6
easy-ipc-grid/10/easy-ipc-grid_p05_hyp-2_10_3,4,10,6
easy-ipc-grid/10/easy-ipc-grid_p05_hyp-3_10_1,4,10,7
easy-ipc-grid/10/easy-ipc-grid_p05_hyp-3_10_2,4,10,7
easy-ipc-grid/10/easy-ipc-grid_p05_hyp-3_10_3,4,10,7
easy-ipc-grid/10/easy-ipc-grid_p05_hyp-4_10_1,4,10,9
easy-ipc-grid/10/easy-ipc-grid_p05_hyp-4_10_2,4,10,9
easy-ipc-grid/10/easy-ipc-grid_p05_hyp-4_10_3,4,10,9
easy-ipc-grid/10/easy-ipc-grid_p06_hyp-1_10_1,4,10,3
easy-ipc-grid/10/easy-ipc-grid_p06_hyp-1_10_2,4,10,3
easy-ipc-grid/10/easy-ipc-grid_p06_hyp-1_10_3,4,10,3
easy-ipc-grid/10/easy-ipc-grid_p06_hyp-2_10_1,6,10,5
easy-ipc-grid/10/easy-ipc-grid_p06_hyp-2_10_2,6,10,5
easy-ipc-grid/10/easy-ipc-grid_p06_hyp-2_10_3,6,10,5
easy-ipc-grid/10/easy-ipc-grid_p06_hyp-3_10_1,5,10,8
easy-ipc-grid/10/easy-ipc-grid_p06_hyp-3_10_2,5,10,8
easy-ipc-grid/10/easy-ipc-grid_p06_hyp-3_10_3,5,10,8
easy-ipc-grid/10/easy-ipc-grid_p06_hyp-4_10_1,5,10,2
easy-ipc-grid/10/easy-ipc-grid_p06_hyp-4_10_2,5,10,2
easy-ipc-grid/10/easy-ipc-grid_p06_hyp-4_10_3,5,10,2
easy-ipc-grid/10/easy-ipc-grid_p07_hyp-1_10_1,5,10,9
easy-ipc-grid/10/easy-ipc-grid_p07_hyp-1_10_2,5,10,9
easy-ipc-grid/10/easy-ipc-grid_p07_hyp-1_10_3,5,10,9
easy-ipc-grid/10/easy-ipc-grid_p07_hyp-2_10_1,4,10,7
easy-ipc-grid/10/easy-ipc-grid_p07_hyp-2_10_2,4,10,7
easy-ipc-grid/10/easy-ipc-grid_p07_hyp-2_10_3,4,10,7
easy-ipc-grid/10/easy-ipc-grid_p07_hyp-3_10_1,5,10,4
easy-ipc-grid/10/easy-ipc-grid_p07_hyp-3_10_2,5,10,4
easy-ipc-grid/10/easy-ipc-grid_p07_hyp-3_10_3,5,10,4
easy-ipc-grid/10/easy-ipc-grid_p07_hyp-4_10_1,7,10,3
easy-ipc-grid/10/easy-ipc-grid_p07_hyp-4_10_2,7,10,3
easy-ipc-grid/10/easy-ipc-grid_p07_hyp-4_10_3,7,10,3
easy-ipc-grid/10/easy-ipc-grid_p10-10-10_hyp-0_10_0,2,10,0
easy-ipc-grid/10/easy-ipc-grid_p10-10-10_hyp-0_10_1,2,10,0
easy-ipc-grid/10/easy-ipc-grid_p10-10-10_hyp-0_10_2,2,10,0
easy-ipc-grid/10/easy-ipc-grid_p10-10-10_hyp-1_10_0,1,10,1
easy-ipc-grid/10/easy-ipc-grid_p10-10-10_hyp-1_10_1,1,10,1
easy-ipc-grid/10/easy-ipc-grid_p10-10-10_hyp-1_10_2,1,10,1
easy-ipc-grid/10/easy-ipc-grid_p10-10-10_hyp-2_10_0,3,10,2
easy-ipc-grid/10/easy-ipc-grid_p10-10-10_hyp-2_10_1,3,10,2
easy-ipc-grid/10/easy-ipc-grid_p10-10-10_hyp-2_10_2,3,10,2
easy-ipc-grid/10/easy-ipc-grid_p10-10-10_hyp-3_10_0,2,10,3
easy-ipc-grid/10/easy-ipc-grid_p10-10-10_hyp-3_10_1,2,10,3
easy-ipc-grid/10/easy-ipc-grid_p10-10-10_hyp-3_10_2,2,10,3
easy-ipc-grid/10/easy-ipc-grid_p10-10-10_hyp-4_10_0,2,10,4
easy-ipc-grid/10/easy-ipc-grid_p10-10-10_hyp-4_10_1,2,10,4
easy-ipc-grid/10/easy-ipc-grid_p10-10-10_hyp-4_10_2,2,10,4
easy-ipc-grid/10/easy-ipc-grid_p10-10-10_hyp-5_10_0,2,10,5
easy-ipc-grid/10/easy-ipc-grid_p10-10-10_hyp-5_10_1,2,10,5
easy-ipc-grid/10/easy-ipc-grid_p10-10-10_hyp-5_10_2,2,10,5
easy-ipc-grid/10/easy-ipc-grid_p10-10-10_hyp-6_10_0,2,10,6
easy-ipc-grid/10/easy-ipc-grid_p10-10-10_hyp-6_10_1,2,10,6
easy-ipc-grid/10/easy-ipc-grid_p10-10-10_hyp-6_10_2,2,10,6
easy-ipc-grid/10/easy-ipc-grid_p10-10-10_hyp-7_10_0,2,10,7
easy-ipc-grid/10/easy-ipc-grid_p10-10-10_hyp-7_10_1,2,10,7
easy-ipc-grid/10/easy-ipc-grid_p10-10-10_hyp-7_10_2,2,10,7
easy-ipc-grid/10/easy-ipc-grid_p10-10-10_hyp-8_10_0,3,10,8
easy-ipc-grid/10/easy-ipc-grid_p10-10-10_hyp-8_10_1,3,10,8
easy-ipc-grid/10/easy-ipc-grid_p10-10-10_hyp-8_10_2,3,10,8
easy-ipc-grid/10/easy-ipc-grid_p10-10-10_hyp-9_10_0,2,10,9
easy-ipc-grid/10/easy-ipc-grid_p10-10-10_hyp-9_10_1,2,10,9
easy-ipc-grid/10/easy-ipc-grid_p10-10-10_hyp-9_10_2,2,10,9
easy-ipc-grid/10/easy-ipc-grid_p10-5-5_hyp-0_10_0,2,5,0
easy-ipc-grid/10/easy-ipc-grid_p10-5-5_hyp-0_10_1,2,5,0
easy-ipc-grid/10/easy-ipc-grid_p10-5-5_hyp-0_10_2,2,5,0
easy-ipc-grid/10/easy-ipc-grid_p10-5-5_hyp-1_10_0,2,5,1
easy-ipc-grid/10/easy-ipc-grid_p10-5-5_hyp-1_10_1,2,5,1
easy-ipc-grid/10/easy-ipc-grid_p10-5-5_hyp-1_10_2,2,5,1
easy-ipc-grid/10/easy-ipc-grid_p10-5-5_hyp-2_10_0,2,5,2
easy-ipc-grid/10/easy-ipc-grid_p10-5-5_hyp-2_10_1,2,5,2
easy-ipc-grid/10/easy-ipc-grid_p10-5-5_hyp-2_10_2,2,5,2
easy-ipc-grid/10/easy-ipc-grid_p10-5-5_hyp-3_10_0,2,5,3
easy-ipc-grid/10/easy-ipc-grid_p10-5-5_hyp-3_10_1,2,5,3
easy-ipc-grid/10/easy-ipc-grid_p10-5-5_hyp-3_10_2,2,5,3
easy-ipc-grid/10/easy-ipc-grid_p10-5-5_hyp-4_10_0,2,5,4
easy-ipc-grid/10/easy-ipc-grid_p10-5-5_hyp-4_10_1,2,5,4
easy-ipc-grid/10/easy-ipc-grid_p10-5-5_hyp-4_10_2,2,5,4
easy-ipc-grid/10/easy-ipc-grid_p5-10-10_hyp-0_10_0,1,10,0
easy-ipc-grid/10/easy-ipc-grid_p5-10-10_hyp-0_10_1,1,10,0
easy-ipc-grid/10/easy-ipc-grid_p5-10-10_hyp-0_10_2,1,10,0
easy-ipc-grid/10/easy-ipc-grid_p5-10-10_hyp-1_10_0,2,10,1
easy-ipc-grid/10/easy-ipc-grid_p5-10-10_hyp-1_10_1,2,10,1
easy-ipc-grid/10/easy-ipc-grid_p5-10-10_hyp-1_10_2,2,10,1
easy-ipc-grid/10/easy-ipc-grid_p5-10-10_hyp-2_10_0,1,10,2
easy-ipc-grid/10/easy-ipc-grid_p5-10-10_hyp-2_10_1,1,10,2
easy-ipc-grid/10/easy-ipc-grid_p5-10-10_hyp-2_10_2,1,10,2
easy-ipc-grid/10/easy-ipc-grid_p5-10-10_hyp-3_10_0,2,10,3
easy-ipc-grid/10/easy-ipc-grid_p5-10-10_hyp-3_10_1,2,10,3
easy-ipc-grid/10/easy-ipc-grid_p5-10-10_hyp-3_10_2,2,10,3
easy-ipc-grid/10/easy-ipc-grid_p5-10-10_hyp-4_10_0,2,10,4
easy-ipc-grid/10/easy-ipc-grid_p5-10-10_hyp-4_10_1,2,10,4
easy-ipc-grid/10/easy-ipc-grid_p5-10-10_hyp-4_10_2,2,10,4
easy-ipc-grid/10/easy-ipc-grid_p5-10-10_hyp-5_10_0,2,10,5
easy-ipc-grid/10/easy-ipc-grid_p5-10-10_hyp-5_10_1,2,10,5
easy-ipc-grid/10/easy-ipc-grid_p5-10-10_hyp-5_10_2,2,10,5
easy-ipc-grid/10/easy-ipc-grid_p5-10-10_hyp-6_10_0,2,10,6
easy-ipc-grid/10/easy-ipc-grid_p5-10-10_hyp-6_10_1,2,10,6
easy-ipc-grid/10/easy-ipc-grid_p5-10-10_hyp-6_10_2,2,10,6
easy-ipc-grid/10/easy-ipc-grid_p5-10-10_hyp-7_10_0,2,10,7
easy-ipc-grid/10/easy-ipc-grid_p5-10-10_hyp-7_10_1,2,10,7
easy-ipc-grid/10/easy-ipc-grid_p5-10-10_hyp-7_10_2,2,10,7
easy-ipc-grid/10/easy-ipc-grid_p5-10-10_hyp-8_10_0,2,10,8
easy-ipc-grid/10/easy-ipc-grid_p5-10-10_hyp-8_10_1,2,10,8
easy-ipc-grid/10/easy-ipc-grid_p5-10-10_hyp-8_10_2,2,10,8
easy-ipc-grid/10/easy-ipc-grid_p5-10-10_hyp-9_10_0,2,10,9
easy-ipc-grid/10/easy-ipc-grid_p5-10-10_hyp-9_10_1,2,10,9
easy-ipc-grid/10/easy-ipc-grid_p5-10-10_hyp-9_10_2,2,10,9
easy-ipc-grid/10/easy-ipc-grid_p5-5-5_hyp-0_10_0,1,5,0
easy-ipc-grid/10/easy-ipc-grid_p5-5-5_hyp-0_10_1,1,5,0
easy-ipc-grid/10/easy-ipc-grid_p5-5-5_hyp-0_10_2,1,5,0
easy-ipc-grid/10/easy-ipc-grid_p5-5-5_hyp-1_10_0,1,5,1
easy-ipc-grid/10/easy-ipc-grid_p5-5-5_hyp-1_10_1,1,5,1
easy-ipc-grid/10/easy-ipc-grid_p5-5-5_hyp-1_10_2,1,5,1
easy-ipc-grid/10/easy-ipc-grid_p5-5-5_hyp-2_10_0,1,5,2
easy-ipc-grid/10/easy-ipc-grid_p5-5-5_hyp-2_10_1,1,5,2
easy-ipc-grid/10/easy-ipc-grid_p5-5-5_hyp-2_10_2,1,5,2
easy-ipc-grid/10/easy-ipc-grid_p5-5-5_hyp-3_10_0,1,5,3
easy-ipc-grid/10/easy-ipc-grid_p5-5-5_hyp-3_10_1,1,5,3
easy-ipc-grid/10/easy-ipc-grid_p5-5-5_hyp-3_10_2,1,5,3
easy-ipc-grid/10/easy-ipc-grid_p5-5-5_hyp-4_10_0,1,5,4
easy-ipc-grid/10/easy-ipc-grid_p5-5-5_hyp-4_10_1,1,5,4
easy-ipc-grid/10/easy-ipc-grid_p5-5-5_hyp-4_10_2,1,5,4
easy-ipc-grid/100/easy-ipc-grid-aaai_p10-5-5_hyp-0_full,13,5,0
easy-ipc-grid/100/easy-ipc-grid-aaai_p10-5-5_hyp-1_full,14,5,1
easy-ipc-grid/100/easy-ipc-grid-aaai_p10-5-5_hyp-2_full,13,5,2
easy-ipc-grid/100/easy-ipc-grid-aaai_p10-5-5_hyp-3_full,12,5,3
easy-ipc-grid/100/easy-ipc-grid-aaai_p10-5-5_hyp-4_full,13,5,4
easy-ipc-grid/100/easy-ipc-grid-aaai_p5-10-10_hyp-0_full,20,10,6
easy-ipc-grid/100/easy-ipc-grid-aaai_p5-10-10_hyp-1_full,12,10,8
easy-ipc-grid/100/easy-ipc-grid-aaai_p5-10-10_hyp-2_full,13,10,9
easy-ipc-grid/100/easy-ipc-grid-aaai_p5-10-10_hyp-3_full,19,10,5
easy-ipc-grid/100/easy-ipc-grid-aaai_p5-10-10_hyp-4_full,13,10,7
easy-ipc-grid/100/easy-ipc-grid-aaai_p5-5-5_hyp-0_full,6,5,0
easy-ipc-grid/100/easy-ipc-grid-aaai_p5-5-5_hyp-1_full,7,5,1
easy-ipc-grid/100/easy-ipc-grid-aaai_p5-5-5_hyp-2_full,10,5,2
easy-ipc-grid/100/easy-ipc-grid-aaai_p5-5-5_hyp-3_full,9,5,3
easy-ipc-grid/100/easy-ipc-grid-aaai_p5-5-5_hyp-4_full,10,5,4
easy-ipc-grid/100/easy-ipc-grid_p04_hyp-1_full,70,10,3
easy-ipc-grid/100/easy-ipc-grid_p04_hyp-2_full,41,10,5
easy-ipc-grid/100/easy-ipc-grid_p04_hyp-3_full,37,10,7
easy-ipc-grid/100/easy-ipc-grid_p04_hyp-4_full,79,10,9
easy-ipc-grid/100/easy-ipc-grid_p05_hyp-1_full,36,10,3
easy-ipc-grid/100/easy-ipc-grid_p05_hyp-2_full,35,10,6
easy-ipc-grid/100/easy-ipc-grid_p05_hyp-3_full,36,10,7
easy-ipc-grid/100/easy-ipc-grid_p05_hyp-4_full,40,10,9
easy-ipc-grid/100/easy-ipc-grid_p06_hyp-1_full,38,10,3
easy-ipc-grid/100/easy-ipc-grid_p06_hyp-2_full,52,10,5
easy-ipc-grid/100/easy-ipc-grid_p06_hyp-3_full,43,10,8
easy-ipc-grid/100/easy-ipc-grid_p06_hyp-4_full,45,10,2
easy-ipc-grid/100/easy-ipc-grid_p07_hyp-1_full,48,10,9
easy-ipc-grid/100/easy-ipc-grid_p07_hyp-2_full,38,10,7
easy-ipc-grid/100/easy-ipc-grid_p07_hyp-3_full,41,10,4
easy-ipc-grid/100/easy-ipc-grid_p07_hyp-4_full,66,10,3
easy-ipc-grid/100/easy-ipc-grid_p10-10-10_hyp-0_full,11,10,0
easy-ipc-grid/100/easy-ipc-grid_p10-10-10_hyp-1_full,10,10,1
easy-ipc-grid/100/easy-ipc-grid_p10-10-10_hyp-2_full,21,10,2
easy-ipc-grid/100/easy-ipc-grid_p10-10-10_hyp-3_full,20,10,3
easy-ipc-grid/100/easy-ipc-grid_p10-10-10_hyp-4_full,13,10,4
easy-ipc-grid/100/easy-ipc-grid_p10-10-10_hyp-5_full,14,10,5
easy-ipc-grid/100/easy-ipc-grid_p10-10-10_hyp-6_full,15,10,6
easy-ipc-grid/100/easy-ipc-grid_p10-10-10_hyp-7_full,16,10,7
easy-ipc-grid/100/easy-ipc-grid_p10-10-10_hyp-8_full,21,10,8
easy-ipc-grid/100/easy-ipc-grid_p10-10-10_hyp-9_full,20,10,9
easy-ipc-grid/100/easy-ipc-grid_p10-5-5_hyp-0_full,13,5,0
easy-ipc-grid/100/easy-ipc-grid_p10-5-5_hyp-1_full,14,5,1
easy-ipc-grid/100/easy-ipc-grid_p10-5-5_hyp-2_full,13,5,2
easy-ipc-grid/100/easy-ipc-grid_p10-5-5_hyp-3_full,12,5,3
easy-ipc-grid/100/easy-ipc-grid_p10-5-5_hyp-4_full,13,5,4
easy-ipc-grid/100/easy-ipc-grid_p5-10-10_hyp-0_full,4,10,0
easy-ipc-grid/100/easy-ipc-grid_p5-10-10_hyp-1_full,17,10,1
easy-ipc-grid/100/easy-ipc-grid_p5-10-10_hyp-2_full,8,10,2
easy-ipc-grid/100/easy-ipc-grid_p5-10-10_hyp-3_full,15,10,3
easy-ipc-grid/100/easy-ipc-grid_p5-10-10_hyp-4_full,14,10,4
easy-ipc-grid/100/easy-ipc-grid_p5-10-10_hyp-5_full,19,10,5
easy-ipc-grid/100/easy-ipc-grid_p5-10-10_hyp-6_full,20,10,6
easy-ipc-grid/100/easy-ipc-grid_p5-10-10_hyp-7_full,13,10,7
easy-ipc-grid/100/easy-ipc-grid_p5-10-10_hyp-8_full,12,10,8
easy-ipc-grid/100/easy-ipc-grid_p5-10-10_hyp-9_full,13,10,9
easy-ipc-grid/100/easy-ipc-grid_p5-5-5_hyp-0_full,6,5,0
easy-ipc-grid/100/easy-ipc-grid_p5-5-5_hyp-1_full,7,5,1
easy-ipc-grid/100/easy-ipc-grid_p5-5-5_hyp-2_full,10,5,2
easy-ipc-grid/100/easy-ipc-grid_p5-5-5_hyp-3_full,9,5,3
easy-ipc-grid/100/easy-ipc-grid_p5-5-5_hyp-4_full,10,5,4
easy-ipc-grid/30/easy-ipc-grid-aaai_p10-5-5_hyp-0_30_0,4,5,0
easy-ipc-grid/30/easy-ipc-grid-aaai_p10-5-5_hyp-1_30_0,5,5,1
easy-ipc-grid/30/easy-ipc-grid-aaai_p10-5-5_hyp-2_30_0,4,5,2
easy-ipc-grid/30/easy-ipc-grid-aaai_p10-5-5_hyp-3_30_0,4,5,3
easy-ipc-grid/30/easy-ipc-grid-aaai_p10-5-5_hyp-4_30_0,4,5,4
easy-ipc-grid/30/easy-ipc-grid-aaai_p5-10-10_hyp-0_30_0,6,10,6
easy-ipc-grid/30/easy-ipc-grid-aaai_p5-10-10_hyp-1_30_0,4,10,7
easy-ipc-grid/30/easy-ipc-grid-aaai_p5-10-10_hyp-2_30_0,4,10,8
easy-ipc-grid/30/easy-ipc-grid-aaai_p5-10-10_hyp-3_30_0,6,10,5
easy-ipc-grid/30/easy-ipc-grid-aaai_p5-10-10_hyp-4_30_0,5,10,4
easy-ipc-grid/30/easy-ipc-grid-aaai_p5-5-5_hyp-0_30_0,2,5,0
easy-ipc-grid/30/easy-ipc-grid-aaai_p5-5-5_hyp-1_30_0,3,5,1
easy-ipc-grid/30/easy-ipc-grid-aaai_p5-5-5_hyp-2_30_0,3,5,2
easy-ipc-grid/30/easy-ipc-grid-aaai_p5-5-5_hyp-3_30_0,3,5,3
easy-ipc-grid/30/easy-ipc-grid-aaai_p5-5-5_hyp-4_30_0,3,5,4
easy-ipc-grid/30/easy-ipc-grid_p04_hyp-1_30_1,21,10,3
easy-ipc-grid/30/easy-ipc-grid_p04_hyp-1_30_2,21,10,3
easy-ipc-grid/30/easy-ipc-grid_p04_hyp-1_30_3,21,10,3
easy-ipc-grid/30/easy-ipc-grid_p04_hyp-2_30_1,13,10,5
easy-ipc-grid/30/easy-ipc-grid_p04_hyp-2_30_2,13,10,5
easy-ipc-grid/30/easy-ipc-grid_p04_hyp-2_30_3,13,10,5
easy-ipc-grid/30/easy-ipc-grid_p04_hyp-3_30_1,12,10,7
easy-ipc-grid/30/easy-ipc-grid_p04_hyp-3_30_2,12,10,7
easy-ipc-grid/30/easy-ipc-grid_p04_hyp-3_30_3,12,10,7
easy-ipc-grid/30/easy-ipc-grid_p04_hyp-4_30_1,24,10,9
easy-ipc-grid/30/easy-ipc-grid_p04_hyp-4_30_2,24,10,9
easy-ipc-grid/30/easy-ipc-grid_p04_hyp-4_30_3,24,10,9
easy-ipc-grid/30/easy-ipc-grid_p05_hyp-1_30_1,11,10,3
easy-ipc-grid/30/easy-ipc-grid_p05_hyp-1_30_2,11,10,3
easy-ipc-grid/30/easy-ipc-grid_p05_hyp-1_30_3,11,10,3
easy-ipc-grid/30/easy-ipc-grid_p05_hyp-2_30_1,11,10,6
easy-ipc-grid/30/easy-ipc-grid_p05_hyp-2_30_2,11,10,6
easy-ipc-grid/30/easy-ipc-grid_p05_hyp-2_30_3,11,10,6
easy-ipc-grid/30/easy-ipc-grid_p05_hyp-3_30_1,11,10,7
easy-ipc-grid/30/easy-ipc-grid_p05_hyp-3_30_2,11,10,7
easy-ipc-grid/30/easy-ipc-grid_p05_hyp-3_30_3,11,10,7
easy-ipc-grid/30/easy-ipc-grid_p05_hyp-4_30_1,12,10,9
easy-ipc-grid/30/easy-ipc-grid_p05_hyp-4_30_2,12,10,9
easy-ipc-grid/30/easy-ipc-grid_p05_hyp-4_30_3,12,10,9
easy-ipc-grid/30/easy-ipc-grid_p06_hyp-1_30_1,12,10,3
easy-ipc-grid/30/easy-ipc-grid_p06_hyp-1_30_2,12,10,3
easy-ipc-grid/30/easy-ipc-grid_p06_hyp-1_30_3,12,10,3
easy-ipc-grid/30/easy-ipc-grid_p06_hyp-2_30_1,16,10,5
easy-ipc-grid/30/easy-ipc-grid_p06_hyp-2_30_2,16,10,5
easy-ipc-grid/30/easy-ipc-grid_p06_hyp-2_30_3,16,10,5
easy-ipc-grid/30/easy-ipc-grid_p06_hyp-3_30_1,13,10,8
easy-ipc-grid/30/easy-ipc-grid_p06_hyp-3_30_2,13,10,8
easy-ipc-grid/30/easy-ipc-grid_p06_hyp-3_30_3,13,10,8
easy-ipc-grid/30/easy-ipc-grid_p06_hyp-4_30_1,14,10,2
easy-ipc-grid/30/easy-ipc-grid_p06_hyp-4_30_2,14,10,2
easy-ipc-grid/30/easy-ipc-grid_p06_hyp-4_30_3,14,10,2
easy-ipc-grid/30/easy-ipc-grid_p07_hyp-1_30_1,15,10,9
easy-ipc-grid/30/easy-ipc-grid_p07_hyp-1_30_2,15,10,9
easy-ipc-grid/30/easy-ipc-grid_p07_hyp-1_30_3,15,10,9
easy-ipc-grid/30/easy-ipc-grid_p07_hyp-2_30_1,12,10,7
easy-ipc-grid/30/easy-ipc-grid_p07_hyp-2_30_2,12,10,7
easy-ipc-grid/30/easy-ipc-grid_p07_hyp-2_30_3,12,10,7
easy-ipc-grid/30/easy-ipc-grid_p07_hyp-3_30_1,13,10,4
easy-ipc-grid/30/easy-ipc-grid_p07_hyp-3_30_2,13,10,4
easy-ipc-grid/30/easy-ipc-grid_p07_hyp-3_30_3,13,10,4
easy-ipc-grid/30/easy-ipc-grid_p07_hyp-4_30_1,20,10,3
easy-ipc-grid/30/easy-ipc-grid_p07_hyp-4_30_2,20,10,3
easy-ipc-grid/30/easy-ipc-grid_p07_hyp-4_30_3,20,10,3
easy-ipc-grid/30/easy-ipc-grid_p10-10-10_hyp-0_30_0,4,10,0
easy-ipc-grid/30/easy-ipc-grid_p10-10-10_hyp-0_30_1,4,10,0
easy-ipc-grid/30/easy-ipc-grid_p10-10-10_hyp-0_30_2,4,10,0
easy-ipc-grid/30/easy-ipc-grid_p10-10-10_hyp-1_30_0,3,10,1
easy-ipc-grid/30/easy-ipc-grid_p10-10-10_hyp-1_30_1,3,10,1
easy-ipc-grid/30/easy-ipc-grid_p10-10-10_hyp-1_30_2,3,10,1
easy-ipc-grid/30/easy-ipc-grid_p10-10-10_hyp-2_30_0,7,10,2
easy-ipc-grid/30/easy-ipc-grid_p10-10-10_hyp-2_30_1,7,10,2
easy-ipc-grid/30/easy-ipc-grid_p10-10-10_hyp-2_30_2,7,10,2
easy-ipc-grid/30/easy-ipc-grid_p10-10-10_hyp-3_30_0,6,10,3
easy-ipc-grid/30/easy-ipc-grid_p10-10-10_hyp-3_30_1,6,10,3
easy-ipc-grid/30/easy-ipc-grid_p10-10-10_hyp-3_30_2,6,10,3
easy-ipc-grid/30/easy-ipc-grid_p10-10-10_hyp-4_30_0,4,10,4
easy-ipc-grid/30/easy-ipc-grid_p10-10-10_hyp-4_30_1,4,10,4
easy-ipc-grid/30/easy-ipc-grid_p10-10-10_hyp-4_30_2,4,10,4
easy-ipc-grid/30/easy-ipc-grid_p10-10-10_hyp-5_30_0,5,10,5
easy-ipc-grid/30/easy-ipc-grid_p10-10-10_hyp-5_30_1,5,10,5
easy-ipc-grid/30/easy-ipc-grid_p10-10-10_hyp-5_30_2,5,10,5
easy-ipc-grid/30/easy-ipc-grid_p10-10-10_hyp-6_30_0,5,10,6
easy-ipc-grid/30/easy-ipc-grid_p10-10-10_hyp-6_30_1,5,10,6
easy-ipc-grid/30/easy-ipc-grid_p10-10-10_hyp-6_30_2,5,10,6
easy-ipc-grid/30/easy-ipc-grid_p10-10-10_hyp-7_30_0,5,10,7
easy-ipc-grid/30/easy-ipc-grid_p10-10-10_hyp-7_30_1,5,10,7
easy-ipc-grid/30/easy-ipc-grid_p10-10-10_hyp-7_30_2,5,10,7
easy-ipc-grid/30/easy-ipc-grid_p10-10-10_hyp-8_30_0,7,10,8
easy-ipc-grid/30/easy-ipc-grid_p10-10-10_hyp-8_30_1,7,10,8
easy-ipc-grid/30/easy-ipc-grid_p10-10-10_hyp-8_30_2,7,10,8
easy-ipc-grid/30/easy-ipc-grid_p10-10-10_hyp-9_30_0,6,10,9
easy-ipc-grid/30/easy-ipc-grid_p10-10-10_hyp-9_30_1,6,10,9
easy-ipc-grid/30/easy-ipc-grid_p10-10-10_hyp-9_30_2,6,10,9
easy-ipc-grid/30/easy-ipc-grid_p10-5-5_hyp-0_30_0,4,5,0
easy-ipc-grid/30/easy-ipc-grid_p10-5-5_hyp-0_30_1,4,5,0
easy-ipc-grid/30/easy-ipc-grid_p10-5-5_hyp-0_30_2,4,5,0
easy-ipc-grid/30/easy-ipc-grid_p10-5-5_hyp-1_30_0,5,5,1
easy-ipc-grid/30/easy-ipc-grid_p10-5-5_hyp-1_30_1,5,5,1
easy-ipc-grid/30/easy-ipc-grid_p10-5-5_hyp-1_30_2,5,5,1
easy-ipc-grid/30/easy-ipc-grid_p10-5-5_hyp-2_30_0,4,5,2
easy-ipc-grid/30/easy-ipc-grid_p10-5-5_hyp-2_30_1,4,5,2
easy-ipc-grid/30/easy-ipc-grid_p10-5-5_hyp-2_30_2,4,5,2
easy-ipc-grid/30/easy-ipc-grid_p10-5-5_hyp-3_30_0,4,5,3
easy-ipc-grid/30/easy-ipc-grid_p10-5-5_hyp-3_30_1,4,5,3
easy-ipc-grid/30/easy-ipc-grid_p10-5-5_hyp-3_30_2,4,5,3
easy-ipc-grid/30/easy-ipc-grid_p10-5-5_hyp-4_30_0,4,5,4
easy-ipc-grid/30/easy-ipc-grid_p10-5-5_hyp-4_30_1,4,5,4
easy-ipc-grid/30/easy-ipc-grid_p10-5-5_hyp-4_30_2,4,5,4
easy-ipc-grid/30/easy-ipc-grid_p5-10-10_hyp-0_30_0,2,10,0
easy-ipc-grid/30/easy-ipc-grid_p5-10-10_hyp-0_30_1,2,10,0
easy-ipc-grid/30/easy-ipc-grid_p5-10-10_hyp-0_30_2,2,10,0
easy-ipc-grid/30/easy-ipc-grid_p5-10-10_hyp-1_30_0,6,10,1
easy-ipc-grid/30/easy-ipc-grid_p5-10-10_hyp-1_30_1,6,10,1
easy-ipc-grid/30/easy-ipc-grid_p5-10-10_hyp-1_30_2,6,10,1
easy-ipc-grid/30/easy-ipc-grid_p5-10-10_hyp-2_30_0,3,10,2
easy-ipc-grid/30/easy-ipc-grid_p5-10-10_hyp-2_30_1,3,10,2
easy-ipc-grid/30/easy-ipc-grid_p5-10-10_hyp-2_30_2,3,10,2
easy-ipc-grid/30/easy-ipc-grid_p5-10-10_hyp-3_30_0,5,10,3
easy-ipc-grid/30/easy-ipc-grid_p5-10-10_hyp-3_30_1,5,10,3
easy-ipc-grid/30/easy-ipc-grid_p5-10-10_hyp-3_30_2,5,10,3
easy-ipc-grid/30/easy-ipc-grid_p5-10-10_hyp-4_30_0,5,10,4
easy-ipc-grid/30/easy-ipc-grid_p5-10-10_hyp-4_30_1,5,10,4
easy-ipc-grid/30/easy-ipc-grid_p5-10-10_hyp-4_30_2,5,10,4
easy-ipc-grid/30/easy-ipc-grid_p5-10-10_hyp-5_30_0,6,10,5
easy-ipc-grid/30/easy-ipc-grid_p5-10-10_hyp-5_30_1,6,10,5
easy-ipc-grid/30/easy-ipc-grid_p5-10-10_hyp-5_30_2,6,10,5
easy-ipc-grid/30/easy-ipc-grid_p5-10-10_hyp-6_30_0,6,10,6
easy-ipc-grid/30/easy-ipc-grid_p5-10-10_hyp-6_30_1,6,10,6
easy-ipc-grid/30/easy-ipc-grid_p5-10-10_hyp-6_30_2,6,10,6
easy-ipc-grid/30/easy-ipc-grid_p5-10-10_hyp-7_30_0,4,10,7
easy-ipc-grid/30/easy-ipc-grid_p5-10-10_hyp-7_30_1,4,10,7
easy-ipc-grid/30/easy-ipc-grid_p5-10-10_hyp-7_30_2,4,10,7
easy-ipc-grid/30/easy-ipc-grid_p5-10-10_hyp-8_30_0,4,10,8
easy-ipc-grid/30/easy-ipc-grid_p5-10-10_hyp-8_30_1,4,10,8
easy-ipc-grid/30/easy-ipc-grid_p5-10-10_hyp-8_30_2,4,10,8
easy-ipc-grid/30/easy-ipc-grid_p5-10-10_hyp-9_30_0,4,10,9
easy-ipc-grid/30/easy-ipc-grid_p5-10-10_hyp-9_30_1,4,10,9
easy-ipc-grid/30/easy-ipc-grid_p5-10-10_hyp-9_30_2,4,10,9
easy-ipc-grid/30/easy-ipc-grid_p5-5-5_hyp-0_30_0,2,5,0
easy-ipc-grid/30/easy-ipc-grid_p5-5-5_hyp-0_30_1,2,5,0
easy-ipc-grid/30/easy-ipc-grid_p5-5-5_hyp-0_30_2,2,5,0
easy-ipc-grid/30/easy-ipc-grid_p5-5-5_hyp-1_30_0,3,5,1
easy-ipc-grid/30/easy-ipc-grid_p5-5-5_hyp-1_30_1,3,5,1
easy-ipc-grid/30/easy-ipc-grid_p5-5-5_hyp-1_30_2,3,5,1
easy-ipc-grid/30/easy-ipc-grid_p5-5-5_hyp-2_30_0,3,5,2
easy-ipc-grid/30/easy-ipc-grid_p5-5-5_hyp-2_30_1,3,5,2
easy-ipc-grid/30/easy-ipc-grid_p5-5-5_hyp-2_30_2,3,5,2
easy-ipc-grid/30/easy-ipc-grid_p5-5-5_hyp-3_30_0,3,5,3
easy-ipc-grid/30/easy-ipc-grid_p5-5-5_hyp-3_30_1,3,5,3
easy-ipc-grid/30/easy-ipc-grid_p5-5-5_hyp-3_30_2,3,5,3
easy-ipc-grid/30/easy-ipc-grid_p5-5-5_hyp-4_30_0,3,5,4
easy-ipc-grid/30/easy-ipc-grid_p5-5-5_hyp-4_30_1,3,5,4
easy-ipc-grid/30/easy-ipc-grid_p5-5-5_hyp-4_30_2,3,5,4
easy-ipc-grid/50/easy-ipc-grid-aaai_p10-5-5_hyp-0_50_0,7,5,0
easy-ipc-grid/50/easy-ipc-grid-aaai_p10-5-5_hyp-1_50_0,7,5,1
easy-ipc-grid/50/easy-ipc-grid-aaai_p10-5-5_hyp-2_50_0,7,5,2
easy-ipc-grid/50/easy-ipc-grid-aaai_p10-5-5_hyp-3_50_0,6,5,3
easy-ipc-grid/50/easy-ipc-grid-aaai_p10-5-5_hyp-4_50_0,7,5,4
easy-ipc-grid/50/easy-ipc-grid-aaai_p5-10-10_hyp-0_50_0,2,10,0
easy-ipc-grid/50/easy-ipc-grid-aaai_p5-10-10_hyp-1_50_0,9,10,1
easy-ipc-grid/50/easy-ipc-grid-aaai_p5-10-10_hyp-2_50_0,4,10,2
easy-ipc-grid/50/easy-ipc-grid-aaai_p5-10-10_hyp-3_50_0,6,10,8
easy-ipc-grid/50/easy-ipc-grid-aaai_p5-10-10_hyp-4_50_0,7,10,9
easy-ipc-grid/50/easy-ipc-grid-aaai_p5-5-5_hyp-0_50_0,3,5,0
easy-ipc-grid/50/easy-ipc-grid-aaai_p5-5-5_hyp-1_50_0,4,5,1
easy-ipc-grid/50/easy-ipc-grid-aaai_p5-5-5_hyp-2_50_0,5,5,2
easy-ipc-grid/50/easy-ipc-grid-aaai_p5-5-5_hyp-3_50_0,5,5,3
easy-ipc-grid/50/easy-ipc-grid-aaai_p5-5-5_hyp-4_50_0,5,5,4
easy-ipc-grid/50/easy-ipc-grid_p04_hyp-1_50_1,35,10,3
easy-ipc-grid/50/easy-ipc-grid_p04_hyp-1_50_2,35,10,3
easy-ipc-grid/50/easy-ipc-grid_p04_hyp-1_50_3,35,10,3
easy-ipc-grid/50/easy-ipc-grid_p04_hyp-2_50_1,21,10,5
easy-ipc-grid/50/easy-ipc-grid_p04_hyp-2_50_2,21,10,5
easy-ipc-grid/50/easy-ipc-grid_p04_hyp-2_50_3,21,10,5
easy-ipc-grid/50/easy-ipc-grid_p04_hyp-3_50_1,19,10,7
easy-ipc-grid/50/easy-ipc-grid_p04_hyp-3_50_2,19,10,7
easy-ipc-grid/50/easy-ipc-grid_p04_hyp-3_50_3,19,10,7
easy-ipc-grid/50/easy-ipc-grid_p04_hyp-4_50_1,40,10,9
easy-ipc-grid/50/easy-ipc-grid_p04_hyp-4_50_2,40,10,9
easy-ipc-grid/50/easy-ipc-grid_p04_hyp-4_50_3,40,10,9
easy-ipc-grid/50/easy-ipc-grid_p05_hyp-1_50_1,18,10,3
easy-ipc-grid/50/easy-ipc-grid_p05_hyp-1_50_2,18,10,3
easy-ipc-grid/50/easy-ipc-grid_p05_hyp-1_50_3,18,10,3
easy-ipc-grid/50/easy-ipc-grid_p05_hyp-2_50_1,18,10,6
easy-ipc-grid/50/easy-ipc-grid_p05_hyp-2_50_2,18,10,6
easy-ipc-grid/50/easy-ipc-grid_p05_hyp-2_50_3,18,10,6
easy-ipc-grid/50/easy-ipc-grid_p05_hyp-3_50_1,18,10,7
easy-ipc-grid/50/easy-ipc-grid_p05_hyp-3_50_2,18,10,7
easy-ipc-grid/50/easy-ipc-grid_p05_hyp-3_50_3,18,10,7
easy-ipc-grid/50/easy-ipc-grid_p05_hyp-4_50_1,20,10,9
easy-ipc-grid/50/easy-ipc-grid_p05_hyp-4_50_2,20,10,9
easy-ipc-grid/50/easy-ipc-grid_p05_hyp-4_50_3,20,10,9
easy-ipc-grid/50/easy-ipc-grid_p06_hyp-1_50_1,19,10,3
easy-ipc-grid/50/easy-ipc-grid_p06_hyp-1_50_2,19,10,3
easy-ipc-grid/50/easy-ipc-grid_p06_hyp-1_50_3,19,10,3
easy-ipc-grid/50/easy-ipc-grid_p06_hyp-2_50_1,26,10,5
easy-ipc-grid/50/easy-ipc-grid_p06_hyp-2_50_2,26,10,5
easy-ipc-grid/50/easy-ipc-grid_p06_hyp-2_50_3,26,10,5
easy-ipc-grid/50/easy-ipc-grid_p06_hyp-3_50_1,22,10,8
easy-ipc-grid/50/easy-ipc-grid_p06_hyp-3_50_2,22,10,8
easy-ipc-grid/50/easy-ipc-grid_p06_hyp-3_50_3,22,10,8
easy-ipc-grid/50/easy-ipc-grid_p06_hyp-4_50_1,23,10,2
easy-ipc-grid/50/easy-ipc-grid_p06_hyp-4_50_2,23,10,2
easy-ipc-grid/50/easy-ipc-grid_p06_hyp-4_50_3,23,10,2
easy-ipc-grid/50/easy-ipc-grid_p07_hyp-1_50_1,24,10,9
easy-ipc-grid/50/easy-ipc-grid_p07_hyp-1_50_2,24,10,9
easy-ipc-grid/50/easy-ipc-grid_p07_hyp-1_50_3,24,10,9
easy-ipc-grid/50/easy-ipc-grid_p07_hyp-2_50_1,19,10,7
easy-ipc-grid/50/easy-ipc-grid_p07_hyp-2_50_2,19,10,7
easy-ipc-grid/50/easy-ipc-grid_p07_hyp-2_50_3,19,10,7
easy-ipc-grid/50/easy-ipc-grid_p07_hyp-3_50_1,21,10,4
easy-ipc-grid/50/easy-ipc-grid_p07_hyp-3_50_2,21,10,4
easy-ipc-grid/50/easy-ipc-grid_p07_hyp-3_50_3,21,10,4
easy-ipc-grid/50/easy-ipc-grid_p07_hyp-4_50_1,33,10,3
easy-ipc-grid/50/easy-ipc-grid_p07_hyp-4_50_2,33,10,3
easy-ipc-grid/50/easy-ipc-grid_p07_hyp-4_50_3,33,10,3
easy-ipc-grid/50/easy-ipc-grid_p10-10-10_hyp-0_50_0,6,10,0
easy-ipc-grid/50/easy-ipc-grid_p10-10-10_hyp-0_50_1,6,10,0
easy-ipc-grid/50/easy-ipc-grid_p10-10-10_hyp-0_50_2,6,10,0
easy-ipc-grid/50/easy-ipc-grid_p10-10-10_hyp-1_50_0,5,10,1
easy-ipc-grid/50/easy-ipc-grid_p10-10-10_hyp-1_50_1,5,10,1
easy-ipc-grid/50/easy-ipc-grid_p10-10-10_hyp-1_50_2,5,10,1
easy-ipc-grid/50/easy-ipc-grid_p10-10-10_hyp-2_50_0,11,10,2
easy-ipc-grid/50/easy-ipc-grid_p10-10-10_hyp-2_50_1,11,10,2
easy-ipc-grid/50/easy-ipc-grid_p10-10-10_hyp-2_50_2,11,10,2
easy-ipc-grid/50/easy-ipc-grid_p10-10-10_hyp-3_50_0,10,10,3
easy-ipc-grid/50/easy-ipc-grid_p10-10-10_hyp-3_50_1,10,10,3
easy-ipc-grid/50/easy-ipc-grid_p10-10-10_hyp-3_50_2,10,10,3
easy-ipc-grid/50/easy-ipc-grid_p10-10-10_hyp-4_50_0,7,10,4
easy-ipc-grid/50/easy-ipc-grid_p10-10-10_hyp-4_50_1,7,10,4
easy-ipc-grid/50/easy-ipc-grid_p10-10-10_hyp-4_50_2,7,10,4
easy-ipc-grid/50/easy-ipc-grid_p10-10-10_hyp-5_50_0,7,10,5
easy-ipc-grid/50/easy-ipc-grid_p10-10-10_hyp-5_50_1,7,10,5
easy-ipc-grid/50/easy-ipc-grid_p10-10-10_hyp-5_50_2,7,10,5
easy-ipc-grid/50/easy-ipc-grid_p10-10-10_hyp-6_50_0,8,10,6
easy-ipc-grid/50/easy-ipc-grid_p10-10-10_hyp-6_50_1,8,10,6
easy-ipc-grid/50/easy-ipc-grid_p10-10-10_hyp-6_50_2,8,10,6
easy-ipc-grid/50/easy-ipc-grid_p10-10-10_hyp-7_50_0,8,10,7
easy-ipc-grid/50/easy-ipc-grid_p10-10-10_hyp-7_50_1,8,10,7
easy-ipc-grid/50/easy-ipc-grid_p10-10-10_hyp-7_50_2,8,10,7
easy-ipc-grid/50/easy-ipc-grid_p10-10-10_hyp-8_50_0,11,10,8
easy-ipc-grid/50/easy-ipc-grid_p10-10-10_hyp-8_50_1,11,10,8
easy-ipc-grid/50/easy-ipc-grid_p10-10-10_hyp-8_50_2,11,10,8
easy-ipc-grid/50/easy-ipc-grid_p10-10-10_hyp-9_50_0,10,10,9
easy-ipc-grid/50/easy-ipc-grid_p10-10-10_hyp-9_50_1,10,10,9
easy-ipc-grid/50/easy-ipc-grid_p10-10-10_hyp-9_50_2,10,10,9
easy-ipc-grid/50/easy-ipc-grid_p10-5-5_hyp-0_50_0,7,5,0
easy-ipc-grid/50/easy-ipc-grid_p10-5-5_hyp-0_50_1,7,5,0
easy-ipc-grid/50/easy-ipc-grid_p10-5-5_hyp-0_50_2,7,5,0
easy-ipc-grid/50/easy-ipc-grid_p10-5-5_hyp-1_50_0,7,5,1
easy-ipc-grid/50/easy-ipc-grid_p10-5-5_hyp-1_50_1,7,5,1
easy-ipc-grid/50/easy-ipc-grid_p10-5-5_hyp-1_50_2,7,5,1
easy-ipc-grid/50/easy-ipc-grid_p10-5-5_hyp-2_50_0,7,5,2
easy-ipc-grid/50/easy-ipc-grid_p10-5-5_hyp-2_50_1,7,5,2
easy-ipc-grid/50/easy-ipc-grid_p10-5-5_hyp-2_50_2,7,5,2
easy-ipc-grid/50/easy-ipc-grid_p10-5-5_hyp-3_50_0,6,5,3
easy-ipc-grid/50/easy-ipc-grid_p10-5-5_hyp-3_50_1,6,5,3
easy-ipc-grid/50/easy-ipc-grid_p10-5-5_hyp-3_50_2,6,5,3
easy-ipc-grid/50/easy-ipc-grid_p10-5-5_hyp-4_50_0,7,5,4
easy-ipc-grid/50/easy-ipc-grid_p10-5-5_hyp-4_50_1,7,5,4
easy-ipc-grid/50/easy-ipc-grid_p10-5-5_hyp-4_50_2,7,5,4
easy-ipc-grid/50/easy-ipc-grid_p5-10-10_hyp-0_50_0,2,10,0
easy-ipc-grid/50/easy-ipc-grid_p5-10-10_hyp-0_50_1,2,10,0
easy-ipc-grid/50/easy-ipc-grid_p5-10-10_hyp-0_50_2,2,10,0
easy-ipc-grid/50/easy-ipc-grid_p5-10-10_hyp-1_50_0,9,10,1
easy-ipc-grid/50/easy-ipc-grid_p5-10-10_hyp-1_50_1,9,10,1
easy-ipc-grid/50/easy-ipc-grid_p5-10-10_hyp-1_50_2,9,10,1
easy-ipc-grid/50/easy-ipc-grid_p5-10-10_hyp-2_50_0,4,10,2
easy-ipc-grid/50/easy-ipc-grid_p5-10-10_hyp-2_50_1,4,10,2
easy-ipc-grid/50/easy-ipc-grid_p5-10-10_hyp-2_50_2,4,10,2
easy-ipc-grid/50/easy-ipc-grid_p5-10-10_hyp-3_50_0,8,10,3
easy-ipc-grid/50/easy-ipc-grid_p5-10-10_hyp-3_50_1,8,10,3
easy-ipc-grid/50/easy-ipc-grid_p5-10-10_hyp-3_50_2,8,10,3
easy-ipc-grid/50/easy-ipc-grid_p5-10-10_hyp-4_50_0,7,10,4
easy-ipc-grid/50/easy-ipc-grid_p5-10-10_hyp-4_50_1,7,10,4
easy-ipc-grid/50/easy-ipc-grid_p5-10-10_hyp-4_50_2,7,10,4
easy-ipc-grid/50/easy-ipc-grid_p5-10-10_hyp-5_50_0,10,10,5
easy-ipc-grid/50/easy-ipc-grid_p5-10-10_hyp-5_50_1,10,10,5
easy-ipc-grid/50/easy-ipc-grid_p5-10-10_hyp-5_50_2,10,10,5
easy-ipc-grid/50/easy-ipc-grid_p5-10-10_hyp-6_50_0,10,10,6
easy-ipc-grid/50/easy-ipc-grid_p5-10-10_hyp-6_50_1,10,10,6
easy-ipc-grid/50/easy-ipc-grid_p5-10-10_hyp-6_50_2,10,10,6
easy-ipc-grid/50/easy-ipc-grid_p5-10-10_hyp-7_50_0,7,10,7
easy-ipc-grid/50/easy-ipc-grid_p5-10-10_hyp-7_50_1,7,10,7
easy-ipc-grid/50/easy-ipc-grid_p5-10-10_hyp-7_50_2,7,10,7
easy-ipc-grid/50/easy-ipc-grid_p5-10-10_hyp-8_50_0,6,10,8
easy-ipc-grid/50/easy-ipc-grid_p5-10-10_hyp-8_50_1,6,10,8
easy-ipc-grid/50/easy-ipc-grid_p5-10-10_hyp-8_50_2,6,10,8
easy-ipc-grid/50/easy-ipc-grid_p5-10-10_hyp-9_50_0,7,10,9
easy-ipc-grid/50/easy-ipc-grid_p5-10-10_hyp-9_50_1,7,10,9
easy-ipc-grid/50/easy-ipc-grid_p5-10-10_hyp-9_50_2,7,10,9
easy-ipc-grid/50/easy-ipc-grid_p5-5-5_hyp-0_50_0,3,5,0
easy-ipc-grid/50/easy-ipc-grid_p5-5-5_hyp-0_50_1,3,5,0
easy-ipc-grid/50/easy-ipc-grid_p5-5-5_hyp-0_50_2,3,5,0
easy-ipc-grid/50/easy-ipc-grid_p5-5-5_hyp-1_50_0,4,5,1
easy-ipc-grid/50/easy-ipc-grid_p5-5-5_hyp-1_50_1,4,5,1
easy-ipc-grid/50/easy-ipc-grid_p5-5-5_hyp-1_50_2,4,5,1
easy-ipc-grid/50/easy-ipc-grid_p5-5-5_hyp-2_50_0,5,5,2
easy-ipc-grid/50/easy-ipc-grid_p5-5-5_hyp-2_50_1,5,5,2
easy-ipc-grid/50/easy-ipc-grid_p5-5-5_hyp-2_50_2,5,5,2
easy-ipc-grid/50/easy-ipc-grid_p5-5-5_hyp-3_50_0,5,5,3
easy-ipc-grid/50/easy-ipc-grid_p5-5-5_hyp-3_50_1,5,5,3
easy-ipc-grid/50/easy-ipc-grid_p5-5-5_hyp-3_50_2,5,5,3
easy-ipc-grid/50/easy-ipc-grid_p5-5-5_hyp-4_50_0,5,5,4
easy-ipc-grid/50/easy-ipc-grid_p5-5-5_hyp-4_50_1,5,5,4
easy-ipc-grid/50/easy-ipc-grid_p5-5-5_hyp-4_50_2,5,5,4
easy-ipc-grid/70/easy-ipc-grid-aaai_p10-5-5_hyp-0_70_0,10,5,0
easy-ipc-grid/70/easy-ipc-grid-aaai_p10-5-5_hyp-1_70_0,10,5,1
easy-ipc-grid/70/easy-ipc-grid-aaai_p10-5-5_hyp-2_70_0,10,5,2
easy-ipc-grid/70/easy-ipc-grid-aaai_p10-5-5_hyp-3_70_0,9,5,3
easy-ipc-grid/70/easy-ipc-grid-aaai_p10-5-5_hyp-4_70_0,10,5,4
easy-ipc-grid/70/easy-ipc-grid-aaai_p5-10-10_hyp-0_70_0,14,10,5
easy-ipc-grid/70/easy-ipc-grid-aaai_p5-10-10_hyp-1_70_0,14,10,6
easy-ipc-grid/70/easy-ipc-grid-aaai_p5-10-10_hyp-2_70_0,6,10,2
easy-ipc-grid/70/easy-ipc-grid-aaai_p5-10-10_hyp-3_70_0,11,10,3
easy-ipc-grid/70/easy-ipc-grid-aaai_p5-10-10_hyp-4_70_0,10,10,4
easy-ipc-grid/70/easy-ipc-grid-aaai_p5-5-5_hyp-0_70_0,10,5,0
easy-ipc-grid/70/easy-ipc-grid-aaai_p5-5-5_hyp-1_70_0,10,5,1
easy-ipc-grid/70/easy-ipc-grid-aaai_p5-5-5_hyp-2_70_0,10,5,2
easy-ipc-grid/70/easy-ipc-grid-aaai_p5-5-5_hyp-3_70_0,9,5,3
easy-ipc-grid/70/easy-ipc-grid-aaai_p5-5-5_hyp-4_70_0,10,5,4
easy-ipc-grid/70/easy-ipc-grid_p04_hyp-1_70_1,49,10,3
easy-ipc-grid/70/easy-ipc-grid_p04_hyp-1_70_2,49,10,3
easy-ipc-grid/70/easy-ipc-grid_p04_hyp-1_70_3,49,10,3
easy-ipc-grid/70/easy-ipc-grid_p04_hyp-2_70_1,29,10,5
easy-ipc-grid/70/easy-ipc-grid_p04_hyp-2_70_2,29,10,5
easy-ipc-grid/70/easy-ipc-grid_p04_hyp-2_70_3,29,10,5
easy-ipc-grid/70/easy-ipc-grid_p04_hyp-3_70_1,26,10,7
easy-ipc-grid/70/easy-ipc-grid_p04_hyp-3_70_2,26,10,7
easy-ipc-grid/70/easy-ipc-grid_p04_hyp-3_70_3,26,10,7
easy-ipc-grid/70/easy-ipc-grid_p04_hyp-4_70_1,56,10,9
easy-ipc-grid/70/easy-ipc-grid_p04_hyp-4_70_2,56,10,9
easy-ipc-grid/70/easy-ipc-grid_p04_hyp-4_70_3,56,10,9
easy-ipc-grid/70/easy-ipc-grid_p05_hyp-1_70_1,26,10,3
easy-ipc-grid/70/easy-ipc-grid_p05_hyp-1_70_2,26,10,3
easy-ipc-grid/70/easy-ipc-grid_p05_hyp-1_70_3,26,10,3
easy-ipc-grid/70/easy-ipc-grid_p05_hyp-2_70_1,25,10,6
easy-ipc-grid/70/easy-ipc-grid_p05_hyp-2_70_2,25,10,6
easy-ipc-grid/70/easy-ipc-grid_p05_hyp-2_70_3,25,10,6
easy-ipc-grid/70/easy-ipc-grid_p05_hyp-3_70_1,26,10,7
easy-ipc-grid/70/easy-ipc-grid_p05_hyp-3_70_2,26,10,7
easy-ipc-grid/70/easy-ipc-grid_p05_hyp-3_70_3,26,10,7
easy-ipc-grid/70/easy-ipc-grid_p05_hyp-4_70_1,28,10,9
easy-ipc-grid/70/easy-ipc-grid_p05_hyp-4_70_2,28,10,9
easy-ipc-grid/70/easy-ipc-grid_p05_hyp-4_70_3,28,10,9
easy-ipc-grid/70/easy-ipc-grid_p06_hyp-1_70_1,27,10,3
easy-ipc-grid/70/easy-ipc-grid_p06_hyp-1_70_2,27,10,3
easy-ipc-grid/70/easy-ipc-grid_p06_hyp-1_70_3,27,10,3
easy-ipc-grid/70/easy-ipc-grid_p06_hyp-2_70_1,37,10,5
easy-ipc-grid/70/easy-ipc-grid_p06_hyp-2_70_2,37,10,5
easy-ipc-grid/70/easy-ipc-grid_p06_hyp-2_70_3,37,10,5
easy-ipc-grid/70/easy-ipc-grid_p06_hyp-3_70_1,31,10,8
easy-ipc-grid/70/easy-ipc-grid_p06_hyp-3_70_2,31,10,8
easy-ipc-grid/70/easy-ipc-grid_p06_hyp-3_70_3,31,10,8
easy-ipc-grid/70/easy-ipc-grid_p06_hyp-4_70_1,32,10,2
easy-ipc-grid/70/easy-ipc-grid_p06_hyp-4_70_2,32,10,2
easy-ipc-grid/70/easy-ipc-grid_p06_hyp-4_70_3,32,10,2
easy-ipc-grid/70/easy-ipc-grid_p07_hyp-1_70_1,34,10,9
easy-ipc-grid/70/easy-ipc-grid_p07_hyp-1_70_2,34,10,9
easy-ipc-grid/70/easy-ipc-grid_p07_hyp-1_70_3,34,10,9
easy-ipc-grid/70/easy-ipc-grid_p07_hyp-2_70_1,27,10,7
easy-ipc-grid/70/easy-ipc-grid_p07_hyp-2_70_2,27,10,7
easy-ipc-grid/70/easy-ipc-grid_p07_hyp-2_70_3,27,10,7
easy-ipc-grid/70/easy-ipc-grid_p07_hyp-3_70_1,29,10,4
easy-ipc-grid/70/easy-ipc-grid_p07_hyp-3_70_2,29,10,4
easy-ipc-grid/70/easy-ipc-grid_p07_hyp-3_70_3,29,10,4
easy-ipc-grid/70/easy-ipc-grid_p07_hyp-4_70_1,47,10,3
easy-ipc-grid/70/easy-ipc-grid_p07_hyp-4_70_2,47,10,3
easy-ipc-grid/70/easy-ipc-grid_p07_hyp-4_70_3,47,10,3
easy-ipc-grid/70/easy-ipc-grid_p10-10-10_hyp-0_70_0,8,10,0
easy-ipc-grid/70/easy-ipc-grid_p10-10-10_hyp-0_70_1,8,10,0
easy-ipc-grid/70/easy-ipc-grid_p10-10-10_hyp-0_70_2,8,10,0
easy-ipc-grid/70/easy-ipc-grid_p10-10-10_hyp-1_70_0,7,10,1
easy-ipc-grid/70/easy-ipc-grid_p10-10-10_hyp-1_70_1,7,10,1
easy-ipc-grid/70/easy-ipc-grid_p10-10-10_hyp-1_70_2,7,10,1
easy-ipc-grid/70/easy-ipc-grid_p10-10-10_hyp-2_70_0,15,10,2
easy-ipc-grid/70/easy-ipc-grid_p10-10-10_hyp-2_70_1,15,10,2
easy-ipc-grid/70/easy-ipc-grid_p10-10-10_hyp-2_70_2,15,10,2
easy-ipc-grid/70/easy-ipc-grid_p10-10-10_hyp-3_70_0,14,10,3
easy-ipc-grid/70/easy-ipc-grid_p10-10-10_hyp-3_70_1,14,10,3
easy-ipc-grid/70/easy-ipc-grid_p10-10-10_hyp-3_70_2,14,10,3
easy-ipc-grid/70/easy-ipc-grid_p10-10-10_hyp-4_70_0,10,10,4
easy-ipc-grid/70/easy-ipc-grid_p10-10-10_hyp-4_70_1,10,10,4
easy-ipc-grid/70/easy-ipc-grid_p10-10-10_hyp-4_70_2,10,10,4
easy-ipc-grid/70/easy-ipc-grid_p10-10-10_hyp-5_70_0,10,10,5
easy-ipc-grid/70/easy-ipc-grid_p10-10-10_hyp-5_70_1,10,10,5
easy-ipc-grid/70/easy-ipc-grid_p10-10-10_hyp-5_70_2,10,10,5
easy-ipc-grid/70/easy-ipc-grid_p10-10-10_hyp-6_70_0,11,10,6
easy-ipc-grid/70/easy-ipc-grid_p10-10-10_hyp-6_70_1,11,10,6
easy-ipc-grid/70/easy-ipc-grid_p10-10-10_hyp-6_70_2,11,10,6
easy-ipc-grid/70/easy-ipc-grid_p10-10-10_hyp-7_70_0,12,10,7
easy-ipc-grid/70/easy-ipc-grid_p10-10-10_hyp-7_70_1,12,10,7
easy-ipc-grid/70/easy-ipc-grid_p10-10-10_hyp-7_70_2,12,10,7
easy-ipc-grid/70/easy-ipc-grid_p10-10-10_hyp-8_70_0,15,10,8
easy-ipc-grid/70/easy-ipc-grid_p10-10-10_hyp-8_70_1,15,10,8
easy-ipc-grid/70/easy-ipc-grid_p10-10-10_hyp-8_70_2,15,10,8
easy-ipc-grid/70/easy-ipc-grid_p10-10-10_hyp-9_70_0,14,10,9
easy-ipc-grid/70/easy-ipc-grid_p10-10-10_hyp-9_70_1,14,10,9
easy-ipc-grid/70/easy-ipc-grid_p10-10-10_hyp-9_70_2,14,10,9
easy-ipc-grid/70/easy-ipc-grid_p10-5-5_hyp-0_70_0,10,5,0
easy-ipc-grid/70/easy-ipc-grid_p10-5-5_hyp-0_70_1,10,5,0
easy-ipc-grid/70/easy-ipc-grid_p10-5-5_hyp-0_70_2,10,5,0
easy-ipc-grid/70/easy-ipc-grid_p10-5-5_hyp-1_70_0,10,5,1
easy-ipc-grid/70/easy-ipc-grid_p10-5-5_hyp-1_70_1,10,5,1
easy-ipc-grid/70/easy-ipc-grid_p10-5-5_hyp-1_70_2,10,5,1
easy-ipc-grid/70/easy-ipc-grid_p10-5-5_hyp-2_70_0,10,5,2
easy-ipc-grid/70/easy-ipc-grid_p10-5-5_hyp-2_70_1,10,5,2
easy-ipc-grid/70/easy-ipc-grid_p10-5-5_hyp-2_70_2,10,5,2
easy-ipc-grid/70/easy-ipc-grid_p10-5-5_hyp-3_70_0,9,5,3
easy-ipc-grid/70/easy-ipc-grid_p10-5-5_hyp-3_70_1,9,5,3
easy-ipc-grid/70/easy-ipc-grid_p10-5-5_hyp-3_70_2,9,5,3
easy-ipc-grid/70/easy-ipc-grid_p10-5-5_hyp-4_70_0,10,5,4
easy-ipc-grid/70/easy-ipc-grid_p10-5-5_hyp-4_70_1,10,5,4
easy-ipc-grid/70/easy-ipc-grid_p10-5-5_hyp-4_70_2,10,5,4
easy-ipc-grid/70/easy-ipc-grid_p5-10-10_hyp-0_70_0,3,10,0
easy-ipc-grid/70/easy-ipc-grid_p5-10-10_hyp-0_70_1,3,10,0
easy-ipc-grid/70/easy-ipc-grid_p5-10-10_hyp-0_70_2,3,10,0
easy-ipc-grid/70/easy-ipc-grid_p5-10-10_hyp-1_70_0,12,10,1
easy-ipc-grid/70/easy-ipc-grid_p5-10-10_hyp-1_70_1,12,10,1
easy-ipc-grid/70/easy-ipc-grid_p5-10-10_hyp-1_70_2,12,10,1
easy-ipc-grid/70/easy-ipc-grid_p5-10-10_hyp-2_70_0,6,10,2
easy-ipc-grid/70/easy-ipc-grid_p5-10-10_hyp-2_70_1,6,10,2
easy-ipc-grid/70/easy-ipc-grid_p5-10-10_hyp-2_70_2,6,10,2
easy-ipc-grid/70/easy-ipc-grid_p5-10-10_hyp-3_70_0,11,10,3
easy-ipc-grid/70/easy-ipc-grid_p5-10-10_hyp-3_70_1,11,10,3
easy-ipc-grid/70/easy-ipc-grid_p5-10-10_hyp-3_70_2,11,10,3
easy-ipc-grid/70/easy-ipc-grid_p5-10-10_hyp-4_70_0,10,10,4
easy-ipc-grid/70/easy-ipc-grid_p5-10-10_hyp-4_70_1,10,10,4
easy-ipc-grid/70/easy-ipc-grid_p5-10-10_hyp-4_70_2,10,10,4
easy-ipc-grid/70/easy-ipc-grid_p5-10-10_hyp-5_70_0,14,10,5
easy-ipc-grid/70/easy-ipc-grid_p5-10-10_hyp-5_70_1,14,10,5
easy-ipc-grid/70/easy-ipc-grid_p5-10-10_hyp-5_70_2,14,10,5
easy-ipc-grid/70/easy-ipc-grid_p5-10-10_hyp-6_70_0,14,10,6
easy-ipc-grid/70/easy-ipc-grid_p5-10-10_hyp-6_70_1,14,10,6
easy-ipc-grid/70/easy-ipc-grid_p5-10-10_hyp-6_70_2,14,10,6
easy-ipc-grid/70/easy-ipc-grid_p5-10-10_hyp-7_70_0,10,10,7
easy-ipc-grid/70/easy-ipc-grid_p5-10-10_hyp-7_70_1,10,10,7
easy-ipc-grid/70/easy-ipc-grid_p5-10-10_hyp-7_70_2,10,10,7
easy-ipc-grid/70/easy-ipc-grid_p5-10-10_hyp-8_70_0,9,10,8
easy-ipc-grid/70/easy-ipc-grid_p5-10-10_hyp-8_70_1,9,10,8
easy-ipc-grid/70/easy-ipc-grid_p5-10-10_hyp-8_70_2,9,10,8
easy-ipc-grid/70/easy-ipc-grid_p5-10-10_hyp-9_70_0,10,10,9
easy-ipc-grid/70/easy-ipc-grid_p5-10-10_hyp-9_70_1,10,10,9
easy-ipc-grid/70/easy-ipc-grid_p5-10-10_hyp-9_70_2,10,10,9
easy-ipc-grid/70/easy-ipc-grid_p5-5-5_hyp-0_70_0,5,5,0
easy-ipc-grid/70/easy-ipc-grid_p5-5-5_hyp-0_70_1,5,5,0
easy-ipc-grid/70/easy-ipc-grid_p5-5-5_hyp-0_70_2,5,5,0
easy-ipc-grid/70/easy-ipc-grid_p5-5-5_hyp-1_70_0,5,5,1
easy-ipc-grid/70/easy-ipc-grid_p5-5-5_hyp-1_70_1,5,5,1
easy-ipc-grid/70/easy-ipc-grid_p5-5-5_hyp-1_70_2,5,5,1
easy-ipc-grid/70/easy-ipc-grid_p5-5-5_hyp-2_70_0,7,5,2
easy-ipc-grid/70/easy-ipc-grid_p5-5-5_hyp-2_70_1,7,5,2
easy-ipc-grid/70/easy-ipc-grid_p5-5-5_hyp-2_70_2,7,5,2
easy-ipc-grid/70/easy-ipc-grid_p5-5-5_hyp-3_70_0,7,5,3
easy-ipc-grid/70/easy-ipc-grid_p5-5-5_hyp-3_70_1,7,5,3
easy-ipc-grid/70/easy-ipc-grid_p5-5-5_hyp-3_70_2,7,5,3
easy-ipc-grid/70/easy-ipc-grid_p5-5-5_hyp-4_70_0,7,5,4
easy-ipc-grid/70/easy-ipc-grid_p5-5-5_hyp-4_70_1,7,5,4
easy-ipc-grid/70/easy-ipc-grid_p5-5-5_hyp-4_70_2,7,5,4
ferry/10/ferry_p01_hyp-1_10_1,3,7,0
ferry/10/ferry_p01_hyp-1_10_2,3,7,0
ferry/10/ferry_p01_hyp-1_10_3,3,7,0
ferry/10/ferry_p01_hyp-2_10_1,3,7,1
ferry/10/ferry_p01_hyp-2_10_2,3,7,1
ferry/10/ferry_p01_hyp-2_10_3,3,7,1
ferry/10/ferry_p01_hyp-3_10_1,3,7,2
ferry/10/ferry_p01_hyp-3_10_2,3,7,2
ferry/10/ferry_p01_hyp-3_10_3,3,7,2
ferry/10/ferry_p01_hyp-4_10_1,3,7,3
ferry/10/ferry_p01_hyp-4_10_2,3,7,3
ferry/10/ferry_p01_hyp-4_10_3,3,7,3
ferry/10/ferry_p02_hyp-1_10_1,2,8,0
ferry/10/ferry_p02_hyp-1_10_2,2,8,0
ferry/10/ferry_p02_hyp-1_10_3,2,8,0
ferry/10/ferry_p02_hyp-2_10_1,2,8,1
ferry/10/ferry_p02_hyp-2_10_2,2,8,1
ferry/10/ferry_p02_hyp-2_10_3,2,8,1
ferry/10/ferry_p02_hyp-3_10_1,3,8,2
ferry/10/ferry_p02_hyp-3_10_2,3,8,2
ferry/10/ferry_p02_hyp-3_10_3,3,8,2
ferry/10/ferry_p02_hyp-4_10_1,3,8,3
ferry/10/ferry_p02_hyp-4_10_2,3,8,3
ferry/10/ferry_p02_hyp-4_10_3,3,8,3
ferry/10/ferry_p03_hyp-1_10_1,3,6,0
ferry/10/ferry_p03_hyp-1_10_2,3,6,0
ferry/10/ferry_p03_hyp-1_10_3,3,6,0
ferry/10/ferry_p03_hyp-2_10_1,2,6,1
ferry/10/ferry_p03_hyp-2_10_2,2,6,1
ferry/10/ferry_p03_hyp-2_10_3,2,6,1
ferry/10/ferry_p03_hyp-3_10_1,2,6,2
ferry/10/ferry_p03_hyp-3_10_2,2,6,2
ferry/10/ferry_p03_hyp-3_10_3,2,6,2
ferry/10/ferry_p03_hyp-4_10_1,2,6,3
ferry/10/ferry_p03_hyp-4_10_2,2,6,3
ferry/10/ferry_p03_hyp-4_10_3,2,6,3
ferry/10/ferry_p04_hyp-1_10_1,3,8,0
ferry/10/ferry_p04_hyp-1_10_2,3,8,0
ferry/10/ferry_p04_hyp-1_10_3,3,8,0
ferry/10/ferry_p04_hyp-2_10_1,3,8,1
ferry/10/ferry_p04_hyp-2_10_2,3,8,1
ferry/10/ferry_p04_hyp-2_10_3,3,8,1
ferry/10/ferry_p04_hyp-3_10_1,3,8,2
ferry/10/ferry_p04_hyp-3_10_2,3,8,2
ferry/10/ferry_p04_hyp-3_10_3,3,8,2
ferry/10/ferry_p04_hyp-4_10_1,3,8,3
ferry/10/ferry_p04_hyp-4_10_2,3,8,3
ferry/10/ferry_p04_hyp-4_10_3,3,8,3
ferry/10/ferry_p05_hyp-1_10_1,3,8,0
ferry/10/ferry_p05_hyp-1_10_2,3,8,0
ferry/10/ferry_p05_hyp-1_10_3,3,8,0
ferry/10/ferry_p05_hyp-2_10_1,3,8,3
ferry/10/ferry_p05_hyp-2_10_2,3,8,3
ferry/10/ferry_p05_hyp-2_10_3,3,8,3
ferry/10/ferry_p05_hyp-3_10_1,3,8,4
ferry/10/ferry_p05_hyp-3_10_2,3,8,4
ferry/10/ferry_p05_hyp-3_10_3,3,8,4
ferry/10/ferry_p05_hyp-4_10_1,3,8,6
ferry/10/ferry_p05_hyp-4_10_2,3,8,6
ferry/10/ferry_p05_hyp-4_10_3,3,8,6
ferry/10/ferry_p06_hyp-1_10_1,3,8,0
ferry/10/ferry_p06_hyp-1_10_2,3,8,0
ferry/10/ferry_p06_hyp-1_10_3,3,8,0
ferry/10/ferry_p06_hyp-2_10_1,3,8,2
ferry/10/ferry_p06_hyp-2_10_2,3,8,2
ferry/10/ferry_p06_hyp-2_10_3,3,8,2
ferry/10/ferry_p06_hyp-3_10_1,3,8,4
ferry/10/ferry_p06_hyp-3_10_2,3,8,4
ferry/10/ferry_p06_hyp-3_10_3,3,8,4
ferry/10/ferry_p06_hyp-4_10_1,4,8,6
ferry/10/ferry_p06_hyp-4_10_2,4,8,6
ferry/10/ferry_p06_hyp-4_10_3,4,8,6
ferry/10/ferry_p07_hyp-1_10_1,3,8,0
ferry/10/ferry_p07_hyp-1_10_2,3,8,0
ferry/10/ferry_p07_hyp-1_10_3,3,8,0
ferry/10/ferry_p07_hyp-2_10_1,4,8,2
ferry/10/ferry_p07_hyp-2_10_2,4,8,2
ferry/10/ferry_p07_hyp-2_10_3,4,8,2
ferry/10/ferry_p07_hyp-3_10_1,3,8,4
ferry/10/ferry_p07_hyp-3_10_2,3,8,4
ferry/10/ferry_p07_hyp-3_10_3,3,8,4
ferry/10/ferry_p07_hyp-4_10_1,4,8,6
ferry/10/ferry_p07_hyp-4_10_2,4,8,6
ferry/10/ferry_p07_hyp-4_10_3,4,8,6
ferry/100/ferry_p01_hyp-1_full,24,7,0
ferry/100/ferry_p01_hyp-2_full,25,7,1
ferry/100/ferry_p01_hyp-3_full,23,7,2
ferry/100/ferry_p01_hyp-4_full,29,7,3
ferry/100/ferry_p02_hyp-1_full,19,8,0
ferry/100/ferry_p02_hyp-2_full,20,8,1
ferry/100/ferry_p02_hyp-3_full,21,8,2
ferry/100/ferry_p02_hyp-4_full,21,8,3
ferry/100/ferry_p03_hyp-1_full,21,6,0
ferry/100/ferry_p03_hyp-2_full,20,6,1
ferry/100/ferry_p03_hyp-3_full,20,6,2
ferry/100/ferry_p03_hyp-4_full,20,6,3
ferry/100/ferry_p04_hyp-1_full,21,8,0
ferry/100/ferry_p04_hyp-2_full,22,8,1
ferry/100/ferry_p04_hyp-3_full,22,8,2
ferry/100/ferry_p04_hyp-4_full,24,8,3
ferry/100/ferry_p05_hyp-1_full,22,8,0
ferry/100/ferry_p05_hyp-2_full,23,8,3
ferry/100/ferry_p05_hyp-3_full,27,8,4
ferry/100/ferry_p05_hyp-4_full,24,8,6
ferry/100/ferry_p06_hyp-1_full,23,8,0
ferry/100/ferry_p06_hyp-2_full,25,8,2
ferry/100/ferry_p06_hyp-3_full,22,8,4
ferry/100/ferry_p06_hyp-4_full,31,8,6
ferry/100/ferry_p07_hyp-1_full,28,8,0
ferry/100/ferry_p07_hyp-2_full,35,8,2
ferry/100/ferry_p07_hyp-3_full,30,8,4
ferry/100/ferry_p07_hyp-4_full,36,8,6
ferry/30/ferry_p01_hyp-1_30_1,8,7,0
ferry/30/ferry_p01_hyp-1_30_2,8,7,0
ferry/30/ferry_p01_hyp-1_30_3,8,7,0
ferry/30/ferry_p01_hyp-2_30_1,8,7,1
ferry/30/ferry_p01_hyp-2_30_2,8,7,1
ferry/30/ferry_p01_hyp-2_30_3,8,7,1
ferry/30/ferry_p01_hyp-3_30_1,7,7,2
ferry/30/ferry_p01_hyp-3_30_2,7,7,2
ferry/30/ferry_p01_hyp-3_30_3,7,7,2
ferry/30/ferry_p01_hyp-4_30_1,9,7,3
ferry/30/ferry_p01_hyp-4_30_2,9,7,3
ferry/30/ferry_p01_hyp-4_30_3,9,7,3
ferry/30/ferry_p02_hyp-1_30_1,6,8,0
ferry/30/ferry_p02_hyp-1_30_2,6,8,0
ferry/30/ferry_p02_hyp-1_30_3,6,8,0
ferry/30/ferry_p02_hyp-2_30_1,6,8,1
ferry/30/ferry_p02_hyp-2_30_2,6,8,1
ferry/30/ferry_p02_hyp-2_30_3,6,8,1
ferry/30/ferry_p02_hyp-3_30_1,7,8,2
ferry/30/ferry_p02_hyp-3_30_2,7,8,2
ferry/30/ferry_p02_hyp-3_30_3,7,8,2
ferry/30/ferry_p02_hyp-4_30_1,7,8,3
ferry/30/ferry_p02_hyp-4_30_2,7,8,3
ferry/30/ferry_p02_hyp-4_30_3,7,8,3
ferry/30/ferry_p03_hyp-1_30_1,7,6,0
ferry/30/ferry_p03_hyp-1_30_2,7,6,0
ferry/30/ferry_p03_hyp-1_30_3,7,6,0
ferry/30/ferry_p03_hyp-2_30_1,6,6,1
ferry/30/ferry_p03_hyp-2_30_2,6,6,1
ferry/30/ferry_p03_hyp-2_30_3,6,6,1
ferry/30/ferry_p03_hyp-3_30_1,6,6,2
ferry/30/ferry_p03_hyp-3_30_2,6,6,2
ferry/30/ferry_p03_hyp-3_30_3,6,6,2
ferry/30/ferry_p03_hyp-4_30_1,6,6,3
ferry/30/ferry_p03_hyp-4_30_2,6,6,3
ferry/30/ferry_p03_hyp-4_30_3,6,6,3
ferry/30/ferry_p04_hyp-1_30_1,7,8,0
ferry/30/ferry_p04_hyp-1_30_2,7,8,0
ferry/30/ferry_p04_hyp-1_30_3,7,8,0
ferry/30/ferry_p04_hyp-2_30_1,7,8,1
ferry/30/ferry_p04_hyp-2_30_2,7,8,1
ferry/30/ferry_p04_hyp-2_30_3,7,8,1
ferry/30/ferry_p04_hyp-3_30_1,7,8,2
ferry/30/ferry_p04_hyp-3_30_2,7,8,2
ferry/30/ferry_p04_hyp-3_30_3,7,8,2
ferry/30/ferry_p04_hyp-4_30_1,8,8,3
ferry/30/ferry_p04_hyp-4_30_2,8,8,3
ferry/30/ferry_p04_hyp-4_30_3,8,8,3
ferry/30/ferry_p05_hyp-1_30_1,7,8,0
ferry/30/ferry_p05_hyp-1_30_2,7,8,0
ferry/30/ferry_p05_hyp-1_30_3,7,8,0
ferry/30/ferry_p05_hyp-2_30_1,7,8,3
ferry/30/ferry_p05_hyp-2_30_2,7,8,3
ferry/30/ferry_p05_hyp-2_30_3,7,8,3
ferry/30/ferry_p05_hyp-3_30_1,9,8,4
ferry/30/ferry_p05_hyp-3_30_2,9,8,4
ferry/30/ferry_p05_hyp-3_30_3,9,8,4
ferry/30/ferry_p05_hyp-4_30_1,8,8,6
ferry/30/ferry_p05_hyp-4_30_2,8,8,6
ferry/30/ferry_p05_hyp-4_30_3,8,8,6
ferry/30/ferry_p06_hyp-1_30_1,7,8,0
ferry/30/ferry_p06_hyp-1_30_2,7,8,0
ferry/30/ferry_p06_hyp-1_30_3,7,8,0
ferry/30/ferry_p06_hyp-2_30_1,8,8,2
ferry/30/ferry_p06_hyp-2_30_2,8,8,2
ferry/30/ferry_p06_hyp-2_30_3,8,8,2
ferry/30/ferry_p06_hyp-3_30_1,7,8,4
ferry/30/ferry_p06_hyp-3_30_2,7,8,4
ferry/30/ferry_p06_hyp-3_30_3,7,8,4
ferry/30/ferry_p06_hyp-4_30_1,10,8,6
ferry/30/ferry_p06_hyp-4_30_2,10,8,6
ferry/30/ferry_p06_hyp-4_30_3,10,8,6
ferry/30/ferry_p07_hyp-1_30_1,9,8,0
ferry/30/ferry_p07_hyp-1_30_2,9,8,0
ferry/30/ferry_p07_hyp-1_30_3,9,8,0
ferry/30/ferry_p07_hyp-2_30_1,11,8,2
ferry/30/ferry_p07_hyp-2_30_2,11,8,2
ferry/30/ferry_p07_hyp-2_30_3,11,8,2
ferry/30/ferry_p07_hyp-3_30_1,9,8,4
ferry/30/ferry_p07_hyp-3_30_2,9,8,4
ferry/30/ferry_p07_hyp-3_30_3,9,8,4
ferry/30/ferry_p07_hyp-4_30_1,11,8,6
ferry/30/ferry_p07_hyp-4_30_2,11,8,6
ferry/30/ferry_p07_hyp-4_30_3,11,8,6
ferry/50/ferry_p01_hyp-1_50_1,12,7,0
ferry/50/ferry_p01_hyp-1_50_2,12,7,0
ferry/50/ferry_p01_hyp-1_50_3,12,7,0
ferry/50/ferry_p01_hyp-2_50_1,13,7,1
ferry/50/ferry_p01_hyp-2_50_2,13,7,1
ferry/50/ferry_p01_hyp-2_50_3,13,7,1
ferry/50/ferry_p01_hyp-3_50_1,12,7,2
ferry/50/ferry_p01_hyp-3_50_2,12,7,2
ferry/50/ferry_p01_hyp-3_50_3,12,7,2
ferry/50/ferry_p01_hyp-4_50_1,15,7,3
ferry/50/ferry_p01_hyp-4_50_2,15,7,3
ferry/50/ferry_p01_hyp-4_50_3,15,7,3
ferry/50/ferry_p02_hyp-1_50_1,10,8,0
ferry/50/ferry_p02_hyp-1_50_2,10,8,0
ferry/50/ferry_p02_hyp-1_50_3,10,8,0
ferry/50/ferry_p02_hyp-2_50_1,10,8,1
ferry/50/ferry_p02_hyp-2_50_2,10,8,1
ferry/50/ferry_p02_hyp-2_50_3,10,8,1
ferry/50/ferry_p02_hyp-3_50_1,11,8,2
ferry/50/ferry_p02_hyp-3_50_2,11,8,2
ferry/50/ferry_p02_hyp-3_50_3,11,8,2
ferry/50/ferry_p02_hyp-4_50_1,11,8,3
ferry/50/ferry_p02_hyp-4_50_2,11,8,3
ferry/50/ferry_p02_hyp-4_50_3,11,8,3
ferry/50/ferry_p03_hyp-1_50_1,11,6,0
ferry/50/ferry_p03_hyp-1_50_2,11,6,0
ferry/50/ferry_p03_hyp-1_50_3,11,6,0
ferry/50/ferry_p03_hyp-2_50_1,10,6,1
ferry/50/ferry_p03_hyp-2_50_2,10,6,1
ferry/50/ferry_p03_hyp-2_50_3,10,6,1
ferry/50/ferry_p03_hyp-3_50_1,10,6,2
ferry/50/ferry_p03_hyp-3_50_2,10,6,2
ferry/50/ferry_p03_hyp-3_50_3,10,6,2
ferry/50/ferry_p03_hyp-4_50_1,10,6,3
ferry/50/ferry_p03_hyp-4_50_2,10,6,3
ferry/50/ferry_p03_hyp-4_50_3,10,6,3
ferry/50/ferry_p04_hyp-1_50_1,11,8,0
ferry/50/ferry_p04_hyp-1_50_2,11,8,0
ferry/50/ferry_p04_hyp-1_50_3,11,8,0
ferry/50/ferry_p04_hyp-2_50_1,11,8,1
ferry/50/ferry_p04_hyp-2_50_2,11,8,1
ferry/50/ferry_p04_hyp-2_50_3,11,8,1
ferry/50/ferry_p04_hyp-3_50_1,11,8,2
ferry/50/ferry_p04_hyp-3_50_2,11,8,2
ferry/50/ferry_p04_hyp-3_50_3,11,8,2
ferry/50/ferry_p04_hyp-4_50_1,12,8,3
ferry/50/ferry_p04_hyp-4_50_2,12,8,3
ferry/50/ferry_p04_hyp-4_50_3,12,8,3
ferry/50/ferry_p05_hyp-1_50_1,11,8,0
ferry/50/ferry_p05_hyp-1_50_2,11,8,0
ferry/50/ferry_p05_hyp-1_50_3,11,8,0
ferry/50/ferry_p05_hyp-2_50_1,12,8,3
ferry/50/ferry_p05_hyp-2_50_2,12,8,3
ferry/50/ferry_p05_hyp-2_50_3,12,8,3
ferry/50/ferry_p05_hyp-3_50_1,14,8,4
ferry/50/ferry_p05_hyp-3_50_2,14,8,4
ferry/50/ferry_p05_hyp-3_50_3,14,8,4
ferry/50/ferry_p05_hyp-4_50_1,12,8,6
ferry/50/ferry_p05_hyp-4_50_2,12,8,6
ferry/50/ferry_p05_hyp-4_50_3,12,8,6
ferry/50/ferry_p06_hyp-1_50_1,12,8,0
ferry/50/ferry_p06_hyp-1_50_2,12,8,0
ferry/50/ferry_p06_hyp-1_50_3,12,8,0
ferry/50/ferry_p06_hyp-2_50_1,13,8,2
ferry/50/ferry_p06_hyp-2_50_2,13,8,2
ferry/50/ferry_p06_hyp-2_50_3,13,8,2
ferry/50/ferry_p06_hyp-3_50_1,11,8,4
ferry/50/ferry_p06_hyp-3_50_2,11,8,4
ferry/50/ferry_p06_hyp-3_50_3,11,8,4
ferry/50/ferry_p06_hyp-4_50_1,16,8,6
ferry/50/ferry_p06_hyp-4_50_2,16,8,6
ferry/50/ferry_p06_hyp-4_50_3,16,8,6
ferry/50/ferry_p07_hyp-1_50_1,14,8,0
ferry/50/ferry_p07_hyp-1_50_2,14,8,0
ferry/50/ferry_p07_hyp-1_50_3,14,8,0
ferry/50/ferry_p07_hyp-2_50_1,18,8,2
ferry/50/ferry_p07_hyp-2_50_2,18,8,2
ferry/50/ferry_p07_hyp-2_50_3,18,8,2
ferry/50/ferry_p07_hyp-3_50_1,15,8,4
ferry/50/ferry_p07_hyp-3_50_2,15,8,4
ferry/50/ferry_p07_hyp-3_50_3,15,8,4
ferry/50/ferry_p07_hyp-4_50_1,18,8,6
ferry/50/ferry_p07_hyp-4_50_2,18,8,6
ferry/50/ferry_p07_hyp-4_50_3,18,8,6
ferry/70/ferry_p01_hyp-1_70_1,17,7,0
ferry/70/ferry_p01_hyp-1_70_2,17,7,0
ferry/70/ferry_p01_hyp-1_70_3,17,7,0
ferry/70/ferry_p01_hyp-2_70_1,18,7,1
ferry/70/ferry_p01_hyp-2_70_2,18,7,1
ferry/70/ferry_p01_hyp-2_70_3,18,7,1
ferry/70/ferry_p01_hyp-3_70_1,17,7,2
ferry/70/ferry_p01_hyp-3_70_2,17,7,2
ferry/70/ferry_p01_hyp-3_70_3,17,7,2
ferry/70/ferry_p01_hyp-4_70_1,21,7,3
ferry/70/ferry_p01_hyp-4_70_2,21,7,3
ferry/70/ferry_p01_hyp-4_70_3,21,7,3
ferry/70/ferry_p02_hyp-1_70_1,14,8,0
ferry/70/ferry_p02_hyp-1_70_2,14,8,0
ferry/70/ferry_p02_hyp-1_70_3,14,8,0
ferry/70/ferry_p02_hyp-2_70_1,14,8,1
ferry/70/ferry_p02_hyp-2_70_2,14,8,1
ferry/70/ferry_p02_hyp-2_70_3,14,8,1
ferry/70/ferry_p02_hyp-3_70_1,15,8,2
ferry/70/ferry_p02_hyp-3_70_2,15,8,2
ferry/70/ferry_p02_hyp-3_70_3,15,8,2
ferry/70/ferry_p02_hyp-4_70_1,15,8,3
ferry/70/ferry_p02_hyp-4_70_2,15,8,3
ferry/70/ferry_p02_hyp-4_70_3,15,8,3
ferry/70/ferry_p03_hyp-1_70_1,15,6,0
ferry/70/ferry_p03_hyp-1_70_2,15,6,0
ferry/70/ferry_p03_hyp-1_70_3,15,6,0
ferry/70/ferry_p03_hyp-2_70_1,14,6,1
ferry/70/ferry_p03_hyp-2_70_2,14,6,1
ferry/70/ferry_p03_hyp-2_70_3,14,6,1
ferry/70/ferry_p03_hyp-3_70_1,14,6,2
ferry/70/ferry_p03_hyp-3_70_2,14,6,2
ferry/70/ferry_p03_hyp-3_70_3,14,6,2
ferry/70/ferry_p03_hyp-4_70_1,14,6,3
ferry/70/ferry_p03_hyp-4_70_2,14,6,3
ferry/70/ferry_p03_hyp-4_70_3,14,6,3
ferry/70/ferry_p04_hyp-1_70_1,15,8,0
ferry/70/ferry_p04_hyp-1_70_2,15,8,0
ferry/70/ferry_p04_hyp-1_70_3,15,8,0
ferry/70/ferry_p04_hyp-2_70_1,16,8,1
ferry/70/ferry_p04_hyp-2_70_2,16,8,1
ferry/70/ferry_p04_hyp-2_70_3,16,8,1
ferry/70/ferry_p04_hyp-3_70_1,16,8,2
ferry/70/ferry_p04_hyp-3_70_2,16,8,2
ferry/70/ferry_p04_hyp-3_70_3,16,8,2
ferry/70/ferry_p04_hyp-4_70_1,17,8,3
ferry/70/ferry_p04_hyp-4_70_2,17,8,3
ferry/70/ferry_p04_hyp-4_70_3,17,8,3
ferry/70/ferry_p05_hyp-1_70_1,16,8,0
ferry/70/ferry_p05_hyp-1_70_2,16,8,0
ferry/70/ferry_p05_hyp-1_70_3,16,8,0
ferry/70/ferry_p05_hyp-2_70_1,17,8,3
ferry/70/ferry_p05_hyp-2_70_2,17,8,3
ferry/70/ferry_p05_hyp-2_70_3,17,8,3
ferry/70/ferry_p05_hyp-3_70_1,19,8,4
ferry/70/ferry_p05_hyp-3_70_2,19,8,4
ferry/70/ferry_p05_hyp-3_70_3,19,8,4
ferry/70/ferry_p05_hyp-4_70_1,17,8,6
ferry/70/ferry_p05_hyp-4_70_2,17,8,6
ferry/70/ferry_p05_hyp-4_70_3,17,8,6
ferry/70/ferry_p06_hyp-1_70_1,17,8,0
ferry/70/ferry_p06_hyp-1_70_2,17,8,0
ferry/70/ferry_p06_hyp-1_70_3,17,8,0
ferry/70/ferry_p06_hyp-2_70_1,18,8,2
ferry/70/ferry_p06_hyp-2_70_2,18,8,2
ferry/70/ferry_p06_hyp-2_70_3,18,8,2
ferry/70/ferry_p06_hyp-3_70_1,16,8,4
ferry/70/ferry_p06_hyp-3_70_2,16,8,4
ferry/70/ferry_p06_hyp-3_70_3,16,8,4
ferry/70/ferry_p06_hyp-4_70_1,22,8,6
ferry/70/ferry_p06_hyp-4_70_2,22,8,6
ferry/70/ferry_p06_hyp-4_70_3,22,8,6
ferry/70/ferry_p07_hyp-1_70_1,20,8,0
ferry/70/ferry_p07_hyp-1_70_2,20,8,0
ferry/70/ferry_p07_hyp-1_70_3,20,8,0
ferry/70/ferry_p07_hyp-2_70_1,25,8,2
ferry/70/ferry_p07_hyp-2_70_2,25,8,2
ferry/70/ferry_p07_hyp-2_70_3,25,8,2
ferry/70/ferry_p07_hyp-3_70_1,21,8,4
ferry/70/ferry_p07_hyp-3_70_2,21,8,4
ferry/70/ferry_p07_hyp-3_70_3,21,8,4
ferry/70/ferry_p07_hyp-4_70_1,26,8,6
ferry/70/ferry_p07_hyp-4_70_2,26,8,6
ferry/70/ferry_p07_hyp-4_70_3,26,8,6
intrusion-detection/10/intrusion-detection-aaai_p10_hyp-0_10_0,1,10,0
intrusion-detection/10/intrusion-detection-aaai_p10_hyp-1_10_0,2,10,1
intrusion-detection/10/intrusion-detection-aaai_p10_hyp-2_10_0,2,10,2
intrusion-detection/10/intrusion-detection-aaai_p10_hyp-3_10_0,2,10,3
intrusion-detection/10/intrusion-detection-aaai_p10_hyp-4_10_0,2,10,4
intrusion-detection/10/intrusion-detection-aaai_p20_hyp-0_10_0,1,20,0
intrusion-detection/10/intrusion-detection-aaai_p20_hyp-1_10_0,2,20,1
intrusion-detection/10/intrusion-detection-aaai_p20_hyp-2_10_0,2,20,2
intrusion-detection/10/intrusion-detection-aaai_p20_hyp-3_10_0,2,20,3
intrusion-detection/10/intrusion-detection-aaai_p20_hyp-4_10_0,2,20,4
intrusion-detection/10/intrusion-detection-aaai_p20_hyp-5_10_0,2,20,10
intrusion-detection/10/intrusion-detection-aaai_p20_hyp-6_10_0,2,20,11
intrusion-detection/10/intrusion-detection-aaai_p20_hyp-7_10_0,2,20,7
intrusion-detection/10/intrusion-detection-aaai_p20_hyp-8_10_0,2,20,8
intrusion-detection/10/intrusion-detection-aaai_p20_hyp-9_10_0,2,20,9
intrusion-detection/10/intrusion-detection_p10_hyp-0_10_0,1,10,0
intrusion-detection/10/intrusion-detection_p10_hyp-0_10_1,1,10,0
intrusion-detection/10/intrusion-detection_p10_hyp-0_10_2,1,10,0
intrusion-detection/10/intrusion-detection_p10_hyp-1_10_0,2,10,1
intrusion-detection/10/intrusion-detection_p10_hyp-1_10_1,2,10,1
intrusion-detection/10/intrusion-detection_p10_hyp-1_10_2,2,10,1
intrusion-detection/10/intrusion-detection_p10_hyp-2_10_0,2,10,2
intrusion-detection/10/intrusion-detection_p10_hyp-2_10_1,2,10,2
intrusion-detection/10/intrusion-detection_p10_hyp-2_10_2,2,10,2
intrusion-detection/10/intrusion-detection_p10_hyp-3_10_0,2,10,3
intrusion-detection/10/intrusion-detection_p10_hyp-3_10_1,2,10,3
intrusion-detection/10/intrusion-detection_p10_hyp-3_10_2,2,10,3
intrusion-detection/10/intrusion-detection_p10_hyp-4_10_0,2,10,4
intrusion-detection/10/intrusion-detection_p10_hyp-4_10_1,2,10,4
intrusion-detection/10/intrusion-detection_p10_hyp-4_10_2,2,10,4
intrusion-detection/10/intrusion-detection_p10_hyp-5_10_0,2,10,5
intrusion-detection/10/intrusion-detection_p10_hyp-5_10_1,2,10,5
intrusion-detection/10/intrusion-detection_p10_hyp-5_10_2,2,10,5
intrusion-detection/10/intrusion-detection_p10_hyp-6_10_0,2,10,6
intrusion-detection/10/intrusion-detection_p10_hyp-6_10_1,2,10,6
intrusion-detection/10/intrusion-detection_p10_hyp-6_10_2,2,10,6
intrusion-detection/10/intrusion-detection_p10_hyp-7_10_0,2,10,7
intrusion-detection/10/intrusion-detection_p10_hyp-7_10_1,2,10,7
intrusion-detection/10/intrusion-detection_p10_hyp-7_10_2,2,10,7
intrusion-detection/10/intrusion-detection_p10_hyp-8_10_0,2,10,8
intrusion-detection/10/intrusion-detection_p10_hyp-8_10_1,2,10,8
intrusion-detection/10/intrusion-detection_p10_hyp-8_10_2,2,10,8
intrusion-detection/10/intrusion-detection_p10_hyp-9_10_0,2,10,9
intrusion-detection/10/intrusion-detection_p10_hyp-9_10_1,2,10,9
intrusion-detection/10/intrusion-detection_p10_hyp-9_10_2,2,10,9
intrusion-detection/10/intrusion-detection_p20_hyp-0_10_0,1,20,0
intrusion-detection/10/intrusion-detection_p20_hyp-0_10_1,1,20,0
intrusion-detection/10/intrusion-detection_p20_hyp-0_10_2,1,20,0
intrusion-detection/10/intrusion-detection_p20_hyp-10_10_0,2,20,10
intrusion-detection/10/intrusion-detection_p20_hyp-10_10_1,2,20,10
intrusion-detection/10/intrusion-detection_p20_hyp-10_10_2,2,20,10
intrusion-detection/10/intrusion-detection_p20_hyp-11_10_0,2,20,11
intrusion-detection/10/intrusion-detection_p20_hyp-11_10_1,2,20,11
intrusion-detection/10/intrusion-detection_p20_hyp-11_10_2,2,20,11
intrusion-detection/10/intrusion-detection_p20_hyp-12_10_0,2,20,12
intrusion-detection/10/intrusion-detection_p20_hyp-12_10_1,2,20,12
intrusion-detection/10/intrusion-detection_p20_hyp-12_10_2,2,20,12
intrusion-detection/10/intrusion-detection_p20_hyp-13_10_0,2,20,13
intrusion-detection/10/intrusion-detection_p20_hyp-13_10_1,2,20,13
intrusion-detection/10/intrusion-detection_p20_hyp-13_10_2,2,20,13
intrusion-detection/10/intrusion-detection_p20_hyp-14_10_0,2,20,14
intrusion-detection/10/intrusion-detection_p20_hyp-14_10_1,2,20,14
intrusion-detection/10/intrusion-detection_p20_hyp-14_10_2,2,20,14
intrusion-detection/10/intrusion-detection_p20_hyp-15_10_0,2,20,15
intrusion-detection/10/intrusion-detection_p20_hyp-15_10_1,2,20,15
intrusion-detection/10/intrusion-detection_p20_hyp-15_10_2,2,20,15
intrusion-detection/10/intrusion-detection_p20_hyp-16_10_0,2,20,16
intrusion-detection/10/intrusion-detection_p20_hyp-16_10_1,2,20,16
intrusion-detection/10/intrusion-detection_p20_hyp-16_10_2,2,20,16
intrusion-detection/10/intrusion-detection_p20_hyp-17_10_0,2,20,17
intrusion-detection/10/intrusion-detection_p20_hyp-17_10_1,2,20,17
intrusion-detection/10/intrusion-detection_p20_hyp-17_10_2,2,20,17
intrusion-detection/10/intrusion-detection_p20_hyp-18_10_0,2,20,18
intrusion-detection/10/intrusion-detection_p20_hyp-18_10_1,2,20,18
intrusion-detection/10/intrusion-detection_p20_hyp-18_10_2,2,20,18
intrusion-detection/10/intrusion-detection_p20_hyp-19_10_0,2,20,19
intrusion-detection/10/intrusion-detection_p20_hyp-19_10_1,2,20,19
intrusion-detection/10/intrusion-detection_p20_hyp-19_10_2,2,20,19
intrusion-detection/10/intrusion-detection_p20_hyp-1_10_0,2,20,1
intrusion-detection/10/intrusion-detection_p20_hyp-1_10_1,2,20,1
intrusion-detection/10/intrusion-detection_p20_hyp-1_10_2,2,20,1
intrusion-detection/10/intrusion-detection_p20_hyp-2_10_0,2,20,2
intrusion-detection/10/intrusion-detection_p20_hyp-2_10_1,2,20,2
intrusion-detection/10/intrusion-detection_p20_hyp-2_10_2,2,20,2
intrusion-detection/10/intrusion-detection_p20_hyp-3_10_0,2,20,3
intrusion-detection/10/intrusion-detection_p20_hyp-3_10_1,2,20,3
intrusion-detection/10/intrusion-detection_p20_hyp-3_10_2,2,20,3
intrusion-detection/10/intrusion-detection_p20_hyp-4_10_0,2,20,4
intrusion-detection/10/intrusion-detection_p20_hyp-4_10_1,2,20,4
intrusion-detection/10/intrusion-detection_p20_hyp-4_10_2,2,20,4
intrusion-detection/10/intrusion-detection_p20_hyp-5_10_0,2,20,5
intrusion-detection/10/intrusion-detection_p20_hyp-5_10_1,2,20,5
intrusion-detection/10/intrusion-detection_p20_hyp-5_10_2,2,20,5
intrusion-detection/10/intrusion-detection_p20_hyp-6_10_0,2,20,6
intrusion-detection/10/intrusion-detection_p20_hyp-6_10_1,2,20,6
intrusion-detection/10/intrusion-detection_p20_hyp-6_10_2,2,20,6
intrusion-detection/10/intrusion-detection_p20_hyp-7_10_0,2,20,7
intrusion-detection/10/intrusion-detection_p20_hyp-7_10_1,2,20,7
intrusion-detection/10/intrusion-detection_p20_hyp-7_10_2,2,20,7
intrusion-detection/10/intrusion-detection_p20_hyp-8_10_0,2,20,8
intrusion-detection/10/intrusion-detection_p20_hyp-8_10_1,2,20,8
intrusion-detection/10/intrusion-detection_p20_hyp-8_10_2,2,20,8
intrusion-detection/10/intrusion-detection_p20_hyp-9_10_0,2,20,9
intrusion-detection/10/intrusion-detection_p20_hyp-9_10_1,2,20,9
intrusion-detection/10/intrusion-detection_p20_hyp-9_10_2,2,20,9
intrusion-detection/100/intrusion-detection-aaai_p10_hyp-0_full,10,10,0
intrusion-detection/100/intrusion-detection-aaai_p10_hyp-1_full,14,10,7
intrusion-detection/100/intrusion-detection-aaai_p10_hyp-2_full,12,10,2
intrusion-detection/100/intrusion-detection-aaai_p10_hyp-3_full,12,10,6
intrusion-detection/100/intrusion-detection-aaai_p10_hyp-4_full,14,10,4
intrusion-detection/100/intrusion-detection-aaai_p20_hyp-0_full,15,20,10
intrusion-detection/100/intrusion-detection-aaai_p20_hyp-1_full,12,20,11
intrusion-detection/100/intrusion-detection-aaai_p20_hyp-2_full,14,20,12
intrusion-detection/100/intrusion-detection-aaai_p20_hyp-3_full,11,20,13
intrusion-detection/100/intrusion-detection-aaai_p20_hyp-4_full,13,20,14
intrusion-detection/100/intrusion-detection-aaai_p20_hyp-5_full,14,20,15
intrusion-detection/100/intrusion-detection-aaai_p20_hyp-6_full,14,20,16
intrusion-detection/100/intrusion-detection-aaai_p20_hyp-7_full,14,20,17
intrusion-detection/100/intrusion-detection-aaai_p20_hyp-8_full,14,20,18
intrusion-detection/100/intrusion-detection-aaai_p20_hyp-9_full,13,20,19
intrusion-detection/100/intrusion-detection_p10_hyp-0_full,10,10,0
intrusion-detection/100/intrusion-detection_p10_hyp-1_full,15,10,1
intrusion-detection/100/intrusion-detection_p10_hyp-2_full,12,10,2
intrusion-detection/100/intrusion-detection_p10_hyp-3_full,11,10,3
intrusion-detection/100/intrusion-detection_p10_hyp-4_full,14,10,4
intrusion-detection/100/intrusion-detection_p10_hyp-5_full,14,10,5
intrusion-detection/100/intrusion-detection_p10_hyp-6_full,12,10,6
intrusion-detection/100/intrusion-detection_p10_hyp-7_full,14,10,7
intrusion-detection/100/intrusion-detection_p10_hyp-8_full,13,10,8
intrusion-detection/100/intrusion-detection_p10_hyp-9_full,14,10,9
intrusion-detection/100/intrusion-detection_p20_hyp-0_full,10,20,0
intrusion-detection/100/intrusion-detection_p20_hyp-10_full,15,20,10
intrusion-detection/100/intrusion-detection_p20_hyp-11_full,12,20,11
intrusion-detection/100/intrusion-detection_p20_hyp-12_full,14,20,12
intrusion-detection/100/intrusion-detection_p20_hyp-13_full,11,20,13
intrusion-detection/100/intrusion-detection_p20_hyp-14_full,13,20,14
intrusion-detection/100/intrusion-detection_p20_hyp-15_full,14,20,15
intrusion-detection/100/intrusion-detection_p20_hyp-16_full,14,20,16
intrusion-detection/100/intrusion-detection_p20_hyp-17_full,14,20,17
intrusion-detection/100/intrusion-detection_p20_hyp-18_full,14,20,18
intrusion-detection/100/intrusion-detection_p20_hyp-19_full,13,20,19
intrusion-detection/100/intrusion-detection_p20_hyp-1_full,15,20,1
intrusion-detection/100/intrusion-detection_p20_hyp-2_full,12,20,2
intrusion-detection/100/intrusion-detection_p20_hyp-3_full,11,20,3
intrusion-detection/100/intrusion-detection_p20_hyp-4_full,14,20,4
intrusion-detection/100/intrusion-detection_p20_hyp-5_full,14,20,5
intrusion-detection/100/intrusion-detection_p20_hyp-6_full,12,20,6
intrusion-detection/100/intrusion-detection_p20_hyp-7_full,14,20,7
intrusion-detection/100/intrusion-detection_p20_hyp-8_full,13,20,8
intrusion-detection/100/intrusion-detection_p20_hyp-9_full,14,20,9
intrusion-detection/30/intrusion-detection-aaai_p10_hyp-0_30_0,5,10,7
intrusion-detection/30/intrusion-detection-aaai_p10_hyp-1_30_0,4,10,8
intrusion-detection/30/intrusion-detection-aaai_p10_hyp-2_30_0,5,10,5
intrusion-detection/30/intrusion-detection-aaai_p10_hyp-3_30_0,4,10,6
intrusion-detection/30/intrusion-detection-aaai_p10_hyp-4_30_0,5,10,4
intrusion-detection/30/intrusion-detection-aaai_p20_hyp-0_30_0,5,20,12
intrusion-detection/30/intrusion-detection-aaai_p20_hyp-1_30_0,5,20,15
intrusion-detection/30/intrusion-detection-aaai_p20_hyp-2_30_0,4,20,14
intrusion-detection/30/intrusion-detection-aaai_p20_hyp-3_30_0,4,20,13
intrusion-detection/30/intrusion-detection-aaai_p20_hyp-4_30_0,5,20,4
intrusion-detection/30/intrusion-detection-aaai_p20_hyp-5_30_0,5,20,5
intrusion-detection/30/intrusion-detection-aaai_p20_hyp-6_30_0,4,20,6
intrusion-detection/30/intrusion-detection-aaai_p20_hyp-7_30_0,5,20,7
intrusion-detection/30/intrusion-detection-aaai_p20_hyp-8_30_0,4,20,8
intrusion-detection/30/intrusion-detection-aaai_p20_hyp-9_30_0,4,20,11
intrusion-detection/30/intrusion-detection_p10_hyp-0_30_0,3,10,0
intrusion-detection/30/intrusion-detection_p10_hyp-0_30_1,3,10,0
intrusion-detection/30/intrusion-detection_p10_hyp-0_30_2,3,10,0
intrusion-detection/30/intrusion-detection_p10_hyp-1_30_0,5,10,1
intrusion-detection/30/intrusion-detection_p10_hyp-1_30_1,5,10,1
intrusion-detection/30/intrusion-detection_p10_hyp-1_30_2,5,10,1
intrusion-detection/30/intrusion-detection_p10_hyp-2_30_0,4,10,2
intrusion-detection/30/intrusion-detection_p10_hyp-2_30_1,4,10,2
intrusion-detection/30/intrusion-detection_p10_hyp-2_30_2,4,10,2
intrusion-detection/30/intrusion-detection_p10_hyp-3_30_0,4,10,3
intrusion-detection/30/intrusion-detection_p10_hyp-3_30_1,4,10,3
intrusion-detection/30/intrusion-detection_p10_hyp-3_30_2,4,10,3
intrusion-detection/30/intrusion-detection_p10_hyp-4_30_0,5,10,4
intrusion-detection/30/intrusion-detection_p10_hyp-4_30_1,5,10,4
intrusion-detection/30/intrusion-detection_p10_hyp-4_30_2,5,10,4
intrusion-detection/30/intrusion-detection_p10_hyp-5_30_0,5,10,5
intrusion-detection/30/intrusion-detection_p10_hyp-5_30_1,5,10,5
intrusion-detection/30/intrusion-detection_p10_hyp-5_30_2,5,10,5
intrusion-detection/30/intrusion-detection_p10_hyp-6_30_0,4,10,6
intrusion-detection/30/intrusion-detection_p10_hyp-6_30_1,4,10,6
intrusion-detection/30/intrusion-detection_p10_hyp-6_30_2,4,10,6
intrusion-detection/30/intrusion-detection_p10_hyp-7_30_0,5,10,7
intrusion-detection/30/intrusion-detection_p10_hyp-7_30_1,5,10,7
intrusion-detection/30/intrusion-detection_p10_hyp-7_30_2,5,10,7
intrusion-detection/30/intrusion-detection_p10_hyp-8_30_0,4,10,8
intrusion-detection/30/intrusion-detection_p10_hyp-8_30_1,4,10,8
intrusion-detection/30/intrusion-detection_p10_hyp-8_30_2,4,10,8
intrusion-detection/30/intrusion-detection_p10_hyp-9_30_0,5,10,9
intrusion-detection/30/intrusion-detection_p10_hyp-9_30_1,5,10,9
intrusion-detection/30/intrusion-detection_p10_hyp-9_30_2,5,10,9
intrusion-detection/30/intrusion-detection_p20_hyp-0_30_0,3,20,0
intrusion-detection/30/intrusion-detection_p20_hyp-0_30_1,3,20,0
intrusion-detection/30/intrusion-detection_p20_hyp-0_30_2,3,20,0
intrusion-detection/30/intrusion-detection_p20_hyp-10_30_0,5,20,10
intrusion-detection/30/intrusion-detection_p20_hyp-10_30_1,5,20,10
intrusion-detection/30/intrusion-detection_p20_hyp-10_30_2,5,20,10
intrusion-detection/30/intrusion-detection_p20_hyp-11_30_0,4,20,11
intrusion-detection/30/intrusion-detection_p20_hyp-11_30_1,4,20,11
intrusion-detection/30/intrusion-detection_p20_hyp-11_30_2,4,20,11
intrusion-detection/30/intrusion-detection_p20_hyp-12_30_0,5,20,12
intrusion-detection/30/intrusion-detection_p20_hyp-12_30_1,5,20,12
intrusion-detection/30/intrusion-detection_p20_hyp-12_30_2,5,20,12
intrusion-detection/30/intrusion-detection_p20_hyp-13_30_0,4,20,13
intrusion-detection/30/intrusion-detection_p20_hyp-13_30_1,4,20,13
intrusion-detection/30/intrusion-detection_p20_hyp-13_30_2,4,20,13
intrusion-detection/30/intrusion-detection_p20_hyp-14_30_0,4,20,14
intrusion-detection/30/intrusion-detection_p20_hyp-14_30_1,4,20,14
intrusion-detection/30/intrusion-detection_p20_hyp-14_30_2,4,20,14
intrusion-detection/30/intrusion-detection_p20_hyp-15_30_0,5,20,15
intrusion-detection/30/intrusion-detection_p20_hyp-15_30_1,5,20,15
intrusion-detection/30/intrusion-detection_p20_hyp-15_30_2,5,20,15
intrusion-detection/30/intrusion-detection_p20_hyp-16_30_0,5,20,16
intrusion-detection/30/intrusion-detection_p20_hyp-16_30_1,5,20,16
intrusion-detection/30/intrusion-detection_p20_hyp-16_30_2,5,20,16
intrusion-detection/30/intrusion-detection_p20_hyp-17_30_0,5,20,17
intrusion-detection/30/intrusion-detection_p20_hyp-17_30_1,5,20,17
intrusion-detection/30/intrusion-detection_p20_hyp-17_30_2,5,20,17
intrusion-detection/30/intrusion-detection_p20_hyp-18_30_0,5,20,18
intrusion-detection/30/intrusion-detection_p20_hyp-18_30_1,5,20,18
intrusion-detection/30/intrusion-detection_p20_hyp-18_30_2,5,20,18
intrusion-detection/30/intrusion-detection_p20_hyp-19_30_0,4,20,19
intrusion-detection/30/intrusion-detection_p20_hyp-19_30_1,4,20,19
intrusion-detection/30/intrusion-detection_p20_hyp-19_30_2,4,20,19
intrusion-detection/30/intrusion-detection_p20_hyp-1_30_0,5,20,1
intrusion-detection/30/intrusion-detection_p20_hyp-1_30_1,5,20,1
intrusion-detection/30/intrusion-detection_p20_hyp-1_30_2,5,20,1
intrusion-detection/30/intrusion-detection_p20_hyp-2_30_0,4,20,2
intrusion-detection/30/intrusion-detection_p20_hyp-2_30_1,4,20,2
intrusion-detection/30/intrusion-detection_p20_hyp-2_30_2,4,20,2
intrusion-detection/30/intrusion-detection_p20_hyp-3_30_0,4,20,3
intrusion-detection/30/intrusion-detection_p20_hyp-3_30_1,4,20,3
intrusion-detection/30/intrusion-detection_p20_hyp-3_30_2,4,20,3
intrusion-detection/30/intrusion-detection_p20_hyp-4_30_0,5,20,4
intrusion-detection/30/intrusion-detection_p20_hyp-4_30_1,5,20,4
intrusion-detection/30/intrusion-detection_p20_hyp-4_30_2,5,20,4
intrusion-detection/30/intrusion-detection_p20_hyp-5_30_0,5,20,5
intrusion-detection/30/intrusion-detection_p20_hyp-5_30_1,5,20,5
intrusion-detection/30/intrusion-detection_p20_hyp-5_30_2,5,20,5
intrusion-detection/30/intrusion-detection_p20_hyp-6_30_0,4,20,6
intrusion-detection/30/intrusion-detection_p20_hyp-6_30_1,4,20,6
intrusion-detection/30/intrusion-detection_p20_hyp-6_30_2,4,20,6
intrusion-detection/30/intrusion-detection_p20_hyp-7_30_0,5,20,7
intrusion-detection/30/intrusion-detection_p20_hyp-7_30_1,5,20,7
intrusion-detection/30/intrusion-detection_p20_hyp-7_30_2,5,20,7
intrusion-detection/30/intrusion-detection_p20_hyp-8_30_0,4,20,8
intrusion-detection/30/intrusion-detection_p20_hyp-8_30_1,4,20,8
intrusion-detection/30/intrusion-detection_p20_hyp-8_30_2,4,20,8
intrusion-detection/30/intrusion-detection_p20_hyp-9_30_0,5,20,9
intrusion-detection/30/intrusion-detection_p20_hyp-9_30_1,5,20,9
intrusion-detection/30/intrusion-detection_p20_hyp-9_30_2,5,20,9
intrusion-detection/50/intrusion-detection-aaai_p10_hyp-0_50_0,7,10,9
intrusion-detection/50/intrusion-detection-aaai_p10_hyp-1_50_0,7,10,8
intrusion-detection/50/intrusion-detection-aaai_p10_hyp-2_50_0,7,10,5
intrusion-detection/50/intrusion-detection-aaai_p10_hyp-3_50_0,6,10,6
intrusion-detection/50/intrusion-detection-aaai_p10_hyp-4_50_0,7,10,7
intrusion-detection/50/intrusion-detection-aaai_p20_hyp-0_50_0,6,20,11
intrusion-detection/50/intrusion-detection-aaai_p20_hyp-1_50_0,7,20,12
intrusion-detection/50/intrusion-detection-aaai_p20_hyp-2_50_0,6,20,2
intrusion-detection/50/intrusion-detection-aaai_p20_hyp-3_50_0,6,20,3
intrusion-detection/50/intrusion-detection-aaai_p20_hyp-4_50_0,7,20,4
intrusion-detection/50/intrusion-detection-aaai_p20_hyp-5_50_0,7,20,5
intrusion-detection/50/intrusion-detection-aaai_p20_hyp-6_50_0,6,20,6
intrusion-detection/50/intrusion-detection-aaai_p20_hyp-7_50_0,8,20,10
intrusion-detection/50/intrusion-detection-aaai_p20_hyp-8_50_0,7,20,8
intrusion-detection/50/intrusion-detection-aaai_p20_hyp-9_50_0,7,20,9
intrusion-detection/50/intrusion-detection_p10_hyp-0_50_0,5,10,0
intrusion-detection/50/intrusion-detection_p10_hyp-0_50_1,5,10,0
intrusion-detection/50/intrusion-detection_p10_hyp-0_50_2,5,10,0
intrusion-detection/50/intrusion-detection_p10_hyp-1_50_0,8,10,1
intrusion-detection/50/intrusion-detection_p10_hyp-1_50_1,8,10,1
intrusion-detection/50/intrusion-detection_p10_hyp-1_50_2,8,10,1
intrusion-detection/50/intrusion-detection_p10_hyp-2_50_0,6,10,2
intrusion-detection/50/intrusion-detection_p10_hyp-2_50_1,6,10,2
intrusion-detection/50/intrusion-detection_p10_hyp-2_50_2,6,10,2
intrusion-detection/50/intrusion-detection_p10_hyp-3_50_0,6,10,3
intrusion-detection/50/intrusion-detection_p10_hyp-3_50_1,6,10,3
intrusion-detection/50/intrusion-detection_p10_hyp-3_50_2,6,10,3
intrusion-detection/50/intrusion-detection_p10_hyp-4_50_0,7,10,4
intrusion-detection/50/intrusion-detection_p10_hyp-4_50_1,7,10,4
intrusion-detection/50/intrusion-detection_p10_hyp-4_50_2,7,10,4
intrusion-detection/50/intrusion-detection_p10_hyp-5_50_0,7,10,5
intrusion-detection/50/intrusion-detection_p10_hyp-5_50_1,7,10,5
intrusion-detection/50/intrusion-detection_p10_hyp-5_50_2,7,10,5
intrusion-detection/50/intrusion-detection_p10_hyp-6_50_0,6,10,6
intrusion-detection/50/intrusion-detection_p10_hyp-6_50_1,6,10,6
intrusion-detection/50/intrusion-detection_p10_hyp-6_50_2,6,10,6
intrusion-detection/50/intrusion-detection_p10_hyp-7_50_0,7,10,7
intrusion-detection/50/intrusion-detection_p10_hyp-7_50_1,7,10,7
intrusion-detection/50/intrusion-detection_p10_hyp-7_50_2,7,10,7
intrusion-detection/50/intrusion-detection_p10_hyp-8_50_0,7,10,8
intrusion-detection/50/intrusion-detection_p10_hyp-8_50_1,7,10,8
intrusion-detection/50/intrusion-detection_p10_hyp-8_50_2,7,10,8
intrusion-detection/50/intrusion-detection_p10_hyp-9_50_0,7,10,9
intrusion-detection/50/intrusion-detection_p10_hyp-9_50_1,7,10,9
intrusion-detection/50/intrusion-detection_p10_hyp-9_50_2,7,10,9
intrusion-detection/50/intrusion-detection_p20_hyp-0_50_0,5,20,0
intrusion-detection/50/intrusion-detection_p20_hyp-0_50_1,5,20,0
intrusion-detection/50/intrusion-detection_p20_hyp-0_50_2,5,20,0
intrusion-detection/50/intrusion-detection_p20_hyp-10_50_0,8,20,10
intrusion-detection/50/intrusion-detection_p20_hyp-10_50_1,8,20,10
intrusion-detection/50/intrusion-detection_p20_hyp-10_50_2,8,20,10
intrusion-detection/50/intrusion-detection_p20_hyp-11_50_0,6,20,11
intrusion-detection/50/intrusion-detection_p20_hyp-11_50_1,6,20,11
intrusion-detection/50/intrusion-detection_p20_hyp-11_50_2,6,20,11
intrusion-detection/50/intrusion-detection_p20_hyp-12_50_0,7,20,12
intrusion-detection/50/intrusion-detection_p20_hyp-12_50_1,7,20,12
intrusion-detection/50/intrusion-detection_p20_hyp-12_50_2,7,20,12
intrusion-detection/50/intrusion-detection_p20_hyp-13_50_0,6,20,13
intrusion-detection/50/intrusion-detection_p20_hyp-13_50_1,6,20,13
intrusion-detection/50/intrusion-detection_p20_hyp-13_50_2,6,20,13
intrusion-detection/50/intrusion-detection_p20_hyp-14_50_0,7,20,14
intrusion-detection/50/intrusion-detection_p20_hyp-14_50_1,7,20,14
intrusion-detection/50/intrusion-detection_p20_hyp-14_50_2,7,20,14
intrusion-detection/50/intrusion-detection_p20_hyp-15_50_0,7,20,15
intrusion-detection/50/intrusion-detection_p20_hyp-15_50_1,7,20,15
intrusion-detection/50/intrusion-detection_p20_hyp-15_50_2,7,20,15
intrusion-detection/50/intrusion-detection_p20_hyp-16_50_0,7,20,16
intrusion-detection/50/intrusion-detection_p20_hyp-16_50_1,7,20,16
intrusion-detection/50/intrusion-detection_p20_hyp-16_50_2,7,20,16
intrusion-detection/50/intrusion-detection_p20_hyp-17_50_0,7,20,17
intrusion-detection/50/intrusion-detection_p20_hyp-17_50_1,7,20,17
intrusion-detection/50/intrusion-detection_p20_hyp-17_50_2,7,20,17
intrusion-detection/50/intrusion-detection_p20_hyp-18_50_0,7,20,18
intrusion-detection/50/intrusion-detection_p20_hyp-18_50_1,7,20,18
intrusion-detection/50/intrusion-detection_p20_hyp-18_50_2,7,20,18
intrusion-detection/50/intrusion-detection_p20_hyp-19_50_0,7,20,19
intrusion-detection/50/intrusion-detection_p20_hyp-19_50_1,7,20,19
intrusion-detection/50/intrusion-detection_p20_hyp-19_50_2,7,20,19
intrusion-detection/50/intrusion-detection_p20_hyp-1_50_0,8,20,1
intrusion-detection/50/intrusion-detection_p20_hyp-1_50_1,8,20,1
intrusion-detection/50/intrusion-detection_p20_hyp-1_50_2,8,20,1
intrusion-detection/50/intrusion-detection_p20_hyp-2_50_0,6,20,2
intrusion-detection/50/intrusion-detection_p20_hyp-2_50_1,6,20,2
intrusion-detection/50/intrusion-detection_p20_hyp-2_50_2,6,20,2
intrusion-detection/50/intrusion-detection_p20_hyp-3_50_0,6,20,3
intrusion-detection/50/intrusion-detection_p20_hyp-3_50_1,6,20,3
intrusion-detection/50/intrusion-detection_p20_hyp-3_50_2,6,20,3
intrusion-detection/50/intrusion-detection_p20_hyp-4_50_0,7,20,4
intrusion-detection/50/intrusion-detection_p20_hyp-4_50_1,7,20,4
intrusion-detection/50/intrusion-detection_p20_hyp-4_50_2,7,20,4
intrusion-detection/50/intrusion-detection_p20_hyp-5_50_0,7,20,5
intrusion-detection/50/intrusion-detection_p20_hyp-5_50_1,7,20,5
intrusion-detection/50/intrusion-detection_p20_hyp-5_50_2,7,20,5
intrusion-detection/50/intrusion-detection_p20_hyp-6_50_0,6,20,6
intrusion-detection/50/intrusion-detection_p20_hyp-6_50_1,6,20,6
intrusion-detection/50/intrusion-detection_p20_hyp-6_50_2,6,20,6
intrusion-detection/50/intrusion-detection_p20_hyp-7_50_0,7,20,7
intrusion-detection/50/intrusion-detection_p20_hyp-7_50_1,7,20,7
intrusion-detection/50/intrusion-detection_p20_hyp-7_50_2,7,20,7
intrusion-detection/50/intrusion-detection_p20_hyp-8_50_0,7,20,8
intrusion-detection/50/intrusion-detection_p20_hyp-8_50_1,7,20,8
intrusion-detection/50/intrusion-detection_p20_hyp-8_50_2,7,20,8
intrusion-detection/50/intrusion-detection_p20_hyp-9_50_0,7,20,9
intrusion-detection/50/intrusion-detection_p20_hyp-9_50_1,7,20,9
intrusion-detection/50/intrusion-detection_p20_hyp-9_50_2,7,20,9
intrusion-detection/70/intrusion-detection-aaai_p10_hyp-0_70_0,11,10,1
intrusion-detection/70/intrusion-detection-aaai_p10_hyp-1_70_0,10,10,5
intrusion-detection/70/intrusion-detection-aaai_p10_hyp-2_70_0,9,10,2
intrusion-detection/70/intrusion-detection-aaai_p10_hyp-3_70_0,8,10,3
intrusion-detection/70/intrusion-detection-aaai_p10_hyp-4_70_0,10,10,4
intrusion-detection/70/intrusion-detection-aaai_p20_hyp-0_70_0,10,20,16
intrusion-detection/70/intrusion-detection-aaai_p20_hyp-1_70_0,10,20,12
intrusion-detection/70/intrusion-detection-aaai_p20_hyp-2_70_0,8,20,13
intrusion-detection/70/intrusion-detection-aaai_p20_hyp-3_70_0,10,20,14
intrusion-detection/70/intrusion-detection-aaai_p20_hyp-4_70_0,10,20,15
intrusion-detection/70/intrusion-detection-aaai_p20_hyp-5_70_0,10,20,5
intrusion-detection/70/intrusion-detection-aaai_p20_hyp-6_70_0,9,20,6
intrusion-detection/70/intrusion-detection-aaai_p20_hyp-7_70_0,10,20,7
intrusion-detection/70/intrusion-detection-aaai_p20_hyp-8_70_0,10,20,8
intrusion-detection/70/intrusion-detection-aaai_p20_hyp-9_70_0,10,20,9
intrusion-detection/70/intrusion-detection_p10_hyp-0_70_0,7,10,0
intrusion-detection/70/intrusion-detection_p10_hyp-0_70_1,7,10,0
intrusion-detection/70/intrusion-detection_p10_hyp-0_70_2,7,10,0
intrusion-detection/70/intrusion-detection_p10_hyp-1_70_0,11,10,1
intrusion-detection/70/intrusion-detection_p10_hyp-1_70_1,11,10,1
intrusion-detection/70/intrusion-detection_p10_hyp-1_70_2,11,10,1
intrusion-detection/70/intrusion-detection_p10_hyp-2_70_0,9,10,2
intrusion-detection/70/intrusion-detection_p10_hyp-2_70_1,9,10,2
intrusion-detection/70/intrusion-detection_p10_hyp-2_70_2,9,10,2
intrusion-detection/70/intrusion-detection_p10_hyp-3_70_0,8,10,3
intrusion-detection/70/intrusion-detection_p10_hyp-3_70_1,8,10,3
intrusion-detection/70/intrusion-detection_p10_hyp-3_70_2,8,10,3
intrusion-detection/70/intrusion-detection_p10_hyp-4_70_0,10,10,4
intrusion-detection/70/intrusion-detection_p10_hyp-4_70_1,10,10,4
intrusion-detection/70/intrusion-detection_p10_hyp-4_70_2,10,10,4
intrusion-detection/70/intrusion-detection_p10_hyp-5_70_0,10,10,5
intrusion-detection/70/intrusion-detection_p10_hyp-5_70_1,10,10,5
intrusion-detection/70/intrusion-detection_p10_hyp-5_70_2,10,10,5
intrusion-detection/70/intrusion-detection_p10_hyp-6_70_0,9,10,6
intrusion-detection/70/intrusion-detection_p10_hyp-6_70_1,9,10,6
intrusion-detection/70/intrusion-detection_p10_hyp-6_70_2,9,10,6
intrusion-detection/70/intrusion-detection_p10_hyp-7_70_0,10,10,7
intrusion-detection/70/intrusion-detection_p10_hyp-7_70_1,10,10,7
intrusion-detection/70/intrusion-detection_p10_hyp-7_70_2,10,10,7
intrusion-detection/70/intrusion-detection_p10_hyp-8_70_0,10,10,8
intrusion-detection/70/intrusion-detection_p10_hyp-8_70_1,10,10,8
intrusion-detection/70/intrusion-detection_p10_hyp-8_70_2,10,10,8
intrusion-detection/70/intrusion-detection_p10_hyp-9_70_0,10,10,9
intrusion-detection/70/intrusion-detection_p10_hyp-9_70_1,10,10,9
intrusion-detection/70/intrusion-detection_p10_hyp-9_70_2,10,10,9
intrusion-detection/70/intrusion-detection_p20_hyp-0_70_0,7,20,0
intrusion-detection/70/intrusion-detection_p20_hyp-0_70_1,7,20,0
intrusion-detection/70/intrusion-detection_p20_hyp-0_70_2,7,20,0
intrusion-detection/70/intrusion-detection_p20_hyp-10_70_0,11,20,10
intrusion-detection/70/intrusion-detection_p20_hyp-10_70_1,11,20,10
intrusion-detection/70/intrusion-detection_p20_hyp-10_70_2,11,20,10
intrusion-detection/70/intrusion-detection_p20_hyp-11_70_0,9,20,11
intrusion-detection/70/intrusion-detection_p20_hyp-11_70_1,9,20,11
intrusion-detection/70/intrusion-detection_p20_hyp-11_70_2,9,20,11
intrusion-detection/70/intrusion-detection_p20_hyp-12_70_0,10,20,12
intrusion-detection/70/intrusion-detection_p20_hyp-12_70_1,10,20,12
intrusion-detection/70/intrusion-detection_p20_hyp-12_70_2,10,20,12
intrusion-detection/70/intrusion-detection_p20_hyp-13_70_0,8,20,13
intrusion-detection/70/intrusion-detection_p20_hyp-13_70_1,8,20,13
intrusion-detection/70/intrusion-detection_p20_hyp-13_70_2,8,20,13
intrusion-detection/70/intrusion-detection_p20_hyp-14_70_0,10,20,14
intrusion-detection/70/intrusion-detection_p20_hyp-14_70_1,10,20,14
intrusion-detection/70/intrusion-detection_p20_hyp-14_70_2,10,20,14
intrusion-detection/70/intrusion-detection_p20_hyp-15_70_0,10,20,15
intrusion-detection/70/intrusion-detection_p20_hyp-15_70_1,10,20,15
intrusion-detection/70/intrusion-detection_p20_hyp-15_70_2,10,20,15
intrusion-detection/70/intrusion-detection_p20_hyp-16_70_0,10,20,16
intrusion-detection/70/intrusion-detection_p20_hyp-16_70_1,10,20,16
intrusion-detection/70/intrusion-detection_p20_hyp-16_70_2,10,20,16
intrusion-detection/70/intrusion-detection_p20_hyp-17_70_0,10,20,17
intrusion-detection/70/intrusion-detection_p20_hyp-17_70_1,10,20,17
intrusion-detection/70/intrusion-detection_p20_hyp-17_70_2,10,20,17
intrusion-detection/70/intrusion-detection_p20_hyp-18_70_0,10,20,18
intrusion-detection/70/intrusion-detection_p20_hyp-18_70_1,10,20,18
intrusion-detection/70/intrusion-detection_p20_hyp-18_70_2,10,20,18
intrusion-detection/70/intrusion-detection_p20_hyp-19_70_0,10,20,19
intrusion-detection/70/intrusion-detection_p20_hyp-19_70_1,10,20,19
intrusion-detection/70/intrusion-detection_p20_hyp-19_70_2,10,20,19
intrusion-detection/70/intrusion-detection_p20_hyp-1_70_0,11,20,1
intrusion-detection/70/intrusion-detection_p20_hyp-1_70_1,11,20,1
intrusion-detection/70/intrusion-detection_p20_hyp-1_70_2,11,20,1
intrusion-detection/70/intrusion-detection_p20_hyp-2_70_0,9,20,2
intrusion-detection/70/intrusion-detection_p20_hyp-2_70_1,9,20,2
intrusion-detection/70/intrusion-detection_p20_hyp-2_70_2,9,20,2
intrusion-detection/70/intrusion-detection_p20_hyp-3_70_0,8,20,3
intrusion-detection/70/intrusion-detection_p20_hyp-3_70_1,8,20,3
intrusion-detection/70/intrusion-detection_p20_hyp-3_70_2,8,20,3
intrusion-detection/70/intrusion-detection_p20_hyp-4_70_0,10,20,4
intrusion-detection/70/intrusion-detection_p20_hyp-4_70_1,10,20,4
intrusion-detection/70/intrusion-detection_p20_hyp-4_70_2,10,20,4
intrusion-detection/70/intrusion-detection_p20_hyp-5_70_0,10,20,5
intrusion-detection/70/intrusion-detection_p20_hyp-5_70_1,10,20,5
intrusion-detection/70/intrusion-detection_p20_hyp-5_70_2,10,20,5
intrusion-detection/70/intrusion-detection_p20_hyp-6_70_0,9,20,6
intrusion-detection/70/intrusion-detection_p20_hyp-6_70_1,9,20,6
intrusion-detection/70/intrusion-detection_p20_hyp-6_70_2,9,20,6
intrusion-detection/70/intrusion-detection_p20_hyp-7_70_0,10,20,7
intrusion-detection/70/intrusion-detection_p20_hyp-7_70_1,10,20,7
intrusion-detection/70/intrusion-detection_p20_hyp-7_70_2,10,20,7
intrusion-detection/70/intrusion-detection_p20_hyp-8_70_0,10,20,8
intrusion-detection/70/intrusion-detection_p20_hyp-8_70_1,10,20,8
intrusion-detection/70/intrusion-detection_p20_hyp-8_70_2,10,20,8
intrusion-detection/70/intrusion-detection_p20_hyp-9_70_0,10,20,9
intrusion-detection/70/intrusion-detection_p20_hyp-9_70_1,10,20,9
intrusion-detection/70/intrusion-detection_p20_hyp-9_70_2,10,20,9
kitchen/10/kitchen_generic_hyp-0_10_0,2,3,0
kitchen/10/kitchen_generic_hyp-0_10_1,1,3,2
kitchen/10/kitchen_generic_hyp-0_10_10,1,3,2
kitchen/10/kitchen_generic_hyp-0_10_11,1,3,2
kitchen/10/kitchen_generic_hyp-0_10_12,2,3,0
kitchen/10/kitchen_generic_hyp-0_10_13,2,3,0
kitchen/10/kitchen_generic_hyp-0_10_14,1,3,2
kitchen/10/kitchen_generic_hyp-0_10_2,1,3,1
kitchen/10/kitchen_generic_hyp-0_10_3,1,3,2
kitchen/10/kitchen_generic_hyp-0_10_4,2,3,0
kitchen/10/kitchen_generic_hyp-0_10_5,1,3,2
kitchen/10/kitchen_generic_hyp-0_10_6,2,3,0
kitchen/10/kitchen_generic_hyp-0_10_7,1,3,1
kitchen/10/kitchen_generic_hyp-0_10_8,1,3,2
kitchen/10/kitchen_generic_hyp-0_10_9,1,3,2
kitchen/100/kitchen_generic_hyp-0_full_0,4,3,1
kitchen/100/kitchen_generic_hyp-0_full_1,4,3,1
kitchen/100/kitchen_generic_hyp-0_full_10,6,3,2
kitchen/100/kitchen_generic_hyp-0_full_11,3,3,2
kitchen/100/kitchen_generic_hyp-0_full_12,15,3,0
kitchen/100/kitchen_generic_hyp-0_full_13,4,3,1
kitchen/100/kitchen_generic_hyp-0_full_14,15,3,0
kitchen/100/kitchen_generic_hyp-0_full_2,6,3,2
kitchen/100/kitchen_generic_hyp-0_full_3,3,3,2
kitchen/100/kitchen_generic_hyp-0_full_4,15,3,0
kitchen/100/kitchen_generic_hyp-0_full_5,3,3,2
kitchen/100/kitchen_generic_hyp-0_full_6,6,3,2
kitchen/100/kitchen_generic_hyp-0_full_7,16,3,0
kitchen/100/kitchen_generic_hyp-0_full_8,7,3,2
kitchen/100/kitchen_generic_hyp-0_full_9,5,3,1
kitchen/30/kitchen_generic_hyp-0_30_0,5,3,0
kitchen/30/kitchen_generic_hyp-0_30_1,2,3,2
kitchen/30/kitchen_generic_hyp-0_30_10,2,3,1
kitchen/30/kitchen_generic_hyp-0_30_11,5,3,0
kitchen/30/kitchen_generic_hyp-0_30_12,5,3,0
kitchen/30/kitchen_generic_hyp-0_30_13,2,3,1
kitchen/30/kitchen_generic_hyp-0_30_14,1,3,2
kitchen/30/kitchen_generic_hyp-0_30_2,2,3,1
kitchen/30/kitchen_generic_hyp-0_30_3,5,3,0
kitchen/30/kitchen_generic_hyp-0_30_4,5,3,0
kitchen/30/kitchen_generic_hyp-0_30_5,1,3,2
kitchen/30/kitchen_generic_hyp-0_30_6,5,3,0
kitchen/30/kitchen_generic_hyp-0_30_7,2,3,1
kitchen/30/kitchen_generic_hyp-0_30_8,5,3,0
kitchen/30/kitchen_generic_hyp-0_30_9,3,3,2
kitchen/50/kitchen_generic_hyp-0_50_0,3,3,2
kitchen/50/kitchen_generic_hyp-0_50_1,3,3,1
kitchen/50/kitchen_generic_hyp-0_50_10,2,3,2
kitchen/50/kitchen_generic_hyp-0_50_11,8,3,0
kitchen/50/kitchen_generic_hyp-0_50_12,3,3,2
kitchen/50/kitchen_generic_hyp-0_50_13,8,3,0
kitchen/50/kitchen_generic_hyp-0_50_14,3,3,2
kitchen/50/kitchen_generic_hyp-0_50_2,8,3,0
kitchen/50/kitchen_generic_hyp-0_50_3,2,3,2
kitchen/50/kitchen_generic_hyp-0_50_4,2,3,1
kitchen/50/kitchen_generic_hyp-0_50_5,8,3,0
kitchen/50/kitchen_generic_hyp-0_50_6,2,3,1
kitchen/50/kitchen_generic_hyp-0_50_7,2,3,2
kitchen/50/kitchen_generic_hyp-0_50_8,3,3,1
kitchen/50/kitchen_generic_hyp-0_50_9,3,3,2
kitchen/70/kitchen_generic_hyp-0_70_0,3,3,1
kitchen/70/kitchen_generic_hyp-0_70_1,5,3,2
kitchen/70/kitchen_generic_hyp-0_70_10,5,3,2
kitchen/70/kitchen_generic_hyp-0_70_11,11,3,0
kitchen/70/kitchen_generic_hyp-0_70_12,3,3,1
kitchen/70/kitchen_generic_hyp-0_70_13,4,3,1
kitchen/70/kitchen_generic_hyp-0_70_14,3,3,1
kitchen/70/kitchen_generic_hyp-0_70_2,10,3,0
kitchen/70/kitchen_generic_hyp-0_70_3,4,3,1
kitchen/70/kitchen_generic_hyp-0_70_4,3,3,2
kitchen/70/kitchen_generic_hyp-0_70_5,3,3,2
kitchen/70/kitchen_generic_hyp-0_70_6,3,3,2
kitchen/70/kitchen_generic_hyp-0_70_7,5,3,2
kitchen/70/kitchen_generic_hyp-0_70_8,10,3,0
kitchen/70/kitchen_generic_hyp-0_70_9,3,3,2
logistics/10/logistics-aaai_p01_hyp-0_10_0,2,10,0
logistics/10/logistics-aaai_p01_hyp-1_10_0,2,10,1
logistics/10/logistics-aaai_p01_hyp-2_10_0,2,10,2
logistics/10/logistics-aaai_p01_hyp-3_10_0,2,10,3
logistics/10/logistics-aaai_p01_hyp-4_10_0,2,10,4
logistics/10/logistics-aaai_p02_hyp-0_10_0,2,10,0
logistics/10/logistics-aaai_p02_hyp-1_10_0,2,10,1
logistics/10/logistics-aaai_p02_hyp-2_10_0,2,10,2
logistics/10/logistics-aaai_p02_hyp-3_10_0,2,10,3
logistics/10/logistics-aaai_p02_hyp-4_10_0,2,10,4
logistics/10/logistics-aaai_p03_hyp-0_10_0,2,10,0
logistics/10/logistics-aaai_p03_hyp-1_10_0,2,10,1
logistics/10/logistics-aaai_p03_hyp-2_10_0,2,10,2
logistics/10/logistics-aaai_p03_hyp-3_10_0,2,10,3
logistics/10/logistics-aaai_p03_hyp-4_10_0,2,10,4
logistics/10/logistics_p01_hyp-0_10_0,2,10,0
logistics/10/logistics_p01_hyp-0_10_1,2,10,0
logistics/10/logistics_p01_hyp-0_10_2,2,10,0
logistics/10/logistics_p01_hyp-1_10_0,2,10,1
logistics/10/logistics_p01_hyp-1_10_1,2,10,1
logistics/10/logistics_p01_hyp-1_10_2,2,10,1
logistics/10/logistics_p01_hyp-2_10_0,2,10,2
logistics/10/logistics_p01_hyp-2_10_1,2,10,2
logistics/10/logistics_p01_hyp-2_10_2,2,10,2
logistics/10/logistics_p01_hyp-3_10_0,2,10,3
logistics/10/logistics_p01_hyp-3_10_1,2,10,3
logistics/10/logistics_p01_hyp-3_10_2,2,10,3
logistics/10/logistics_p01_hyp-4_10_0,2,10,4
logistics/10/logistics_p01_hyp-4_10_1,2,10,4
logistics/10/logistics_p01_hyp-4_10_2,2,10,4
logistics/10/logistics_p01_hyp-5_10_0,2,10,5
logistics/10/logistics_p01_hyp-5_10_1,2,10,5
logistics/10/logistics_p01_hyp-5_10_2,2,10,5
logistics/10/logistics_p01_hyp-6_10_0,2,10,6
logistics/10/logistics_p01_hyp-6_10_1,2,10,6
logistics/10/logistics_p01_hyp-6_10_2,2,10,6
logistics/10/logistics_p01_hyp-7_10_0,2,10,7
logistics/10/logistics_p01_hyp-7_10_1,2,10,7
logistics/10/logistics_p01_hyp-7_10_2,2,10,7
logistics/10/logistics_p01_hyp-8_10_0,2,10,8
logistics/10/logistics_p01_hyp-8_10_1,2,10,8
logistics/10/logistics_p01_hyp-8_10_2,2,10,8
logistics/10/logistics_p01_hyp-9_10_0,2,10,9
logistics/10/logistics_p01_hyp-9_10_1,2,10,9
logistics/10/logistics_p01_hyp-9_10_2,2,10,9
logistics/10/logistics_p02_hyp-0_10_0,2,10,0
logistics/10/logistics_p02_hyp-0_10_1,2,10,0
logistics/10/logistics_p02_hyp-0_10_2,2,10,0
logistics/10/logistics_p02_hyp-1_10_0,2,10,1
logistics/10/logistics_p02_hyp-1_10_1,2,10,1
logistics/10/logistics_p02_hyp-1_10_2,2,10,1
logistics/10/logistics_p02_hyp-2_10_0,2,10,2
logistics/10/logistics_p02_hyp-2_10_1,2,10,2
logistics/10/logistics_p02_hyp-2_10_2,2,10,2
logistics/10/logistics_p02_hyp-3_10_0,2,10,3
logistics/10/logistics_p02_hyp-3_10_1,2,10,3
logistics/10/logistics_p02_hyp-3_10_2,2,10,3
logistics/10/logistics_p02_hyp-4_10_0,2,10,4
logistics/10/logistics_p02_hyp-4_10_1,2,10,4
logistics/10/logistics_p02_hyp-4_10_2,2,10,4
logistics/10/logistics_p02_hyp-5_10_0,2,10,5
logistics/10/logistics_p02_hyp-5_10_1,2,10,5
logistics/10/logistics_p02_hyp-5_10_2,2,10,5
logistics/10/logistics_p02_hyp-6_10_0,2,10,6
logistics/10/logistics_p02_hyp-6_10_1,2,10,6
logistics/10/logistics_p02_hyp-6_10_2,2,10,6
logistics/10/logistics_p02_hyp-7_10_0,2,10,7
logistics/10/logistics_p02_hyp-7_10_1,2,10,7
logistics/10/logistics_p02_hyp-7_10_2,2,10,7
logistics/10/logistics_p02_hyp-8_10_0,2,10,8
logistics/10/logistics_p02_hyp-8_10_1,2,10,8
logistics/10/logistics_p02_hyp-8_10_2,2,10,8
logistics/10/logistics_p02_hyp-9_10_0,2,10,9
logistics/10/logistics_p02_hyp-9_10_1,2,10,9
logistics/10/logistics_p02_hyp-9_10_2,2,10,9
logistics/10/logistics_p03_hyp-0_10_0,2,10,0
logistics/10/logistics_p03_hyp-0_10_1,2,10,0
logistics/10/logistics_p03_hyp-0_10_2,2,10,0
logistics/10/logistics_p03_hyp-1_10_0,2,10,1
logistics/10/logistics_p03_hyp-1_10_1,2,10,1
logistics/10/logistics_p03_hyp-1_10_2,2,10,1
logistics/10/logistics_p03_hyp-2_10_0,2,10,2
logistics/10/logistics_p03_hyp-2_10_1,2,10,2
logistics/10/logistics_p03_hyp-2_10_2,2,10,2
logistics/10/logistics_p03_hyp-3_10_0,2,10,3
logistics/10/logistics_p03_hyp-3_10_1,2,10,3
logistics/10/logistics_p03_hyp-3_10_2,2,10,3
logistics/10/logistics_p03_hyp-4_10_0,2,10,4
logistics/10/logistics_p03_hyp-4_10_1,2,10,4
logistics/10/logistics_p03_hyp-4_10_2,2,10,4
logistics/10/logistics_p03_hyp-5_10_0,2,10,5
logistics/10/logistics_p03_hyp-5_10_1,2,10,5
logistics/10/logistics_p03_hyp-5_10_2,2,10,5
logistics/10/logistics_p03_hyp-6_10_0,2,10,6
logistics/10/logistics_p03_hyp-6_10_1,2,10,6
logistics/10/logistics_p03_hyp-6_10_2,2,10,6
logistics/10/logistics_p03_hyp-7_10_0,2,10,7
logistics/10/logistics_p03_hyp-7_10_1,2,10,7
logistics/10/logistics_p03_hyp-7_10_2,2,10,7
logistics/10/logistics_p03_hyp-8_10_0,2,10,8
logistics/10/logistics_p03_hyp-8_10_1,2,10,8
logistics/10/logistics_p03_hyp-8_10_2,2,10,8
logistics/10/logistics_p03_hyp-9_10_0,2,10,9
logistics/10/logistics_p03_hyp-9_10_1,2,10,9
logistics/10/logistics_p03_hyp-9_10_2,2,10,9
logistics/10/logistics_p04_hyp-1_10_1,6,12,1
logistics/10/logistics_p04_hyp-1_10_2,6,12,1
logistics/10/logistics_p04_hyp-1_10_3,6,12,1
logistics/10/logistics_p04_hyp-2_10_1,6,12,4
logistics/10/logistics_p04_hyp-2_10_2,6,12,4
logistics/10/logistics_p04_hyp-2_10_3,6,12,4
logistics/10/logistics_p04_hyp-3_10_1,5,12,8
logistics/10/logistics_p04_hyp-3_10_2,5,12,8
logistics/10/logistics_p04_hyp-3_10_3,5,12,8
logistics/10/logistics_p04_hyp-4_10_1,5,12,10
logistics/10/logistics_p04_hyp-4_10_2,5,12,10
logistics/10/logistics_p04_hyp-4_10_3,5,12,10
logistics/10/logistics_p05_hyp-1_10_1,4,10,7
logistics/10/logistics_p05_hyp-1_10_2,4,10,7
logistics/10/logistics_p05_hyp-1_10_3,4,10,7
logistics/10/logistics_p05_hyp-2_10_1,4,10,6
logistics/10/logistics_p05_hyp-2_10_2,4,10,6
logistics/10/logistics_p05_hyp-2_10_3,4,10,6
logistics/10/logistics_p05_hyp-3_10_1,4,10,4
logistics/10/logistics_p05_hyp-3_10_2,4,10,4
logistics/10/logistics_p05_hyp-3_10_3,4,10,4
logistics/10/logistics_p05_hyp-4_10_1,4,10,3
logistics/10/logistics_p05_hyp-4_10_2,4,10,3
logistics/10/logistics_p05_hyp-4_10_3,4,10,3
logistics/10/logistics_p06_hyp-1_10_1,5,12,2
logistics/10/logistics_p06_hyp-1_10_2,5,12,2
logistics/10/logistics_p06_hyp-1_10_3,5,12,2
logistics/10/logistics_p06_hyp-2_10_1,5,12,4
logistics/10/logistics_p06_hyp-2_10_2,5,12,4
logistics/10/logistics_p06_hyp-2_10_3,5,12,4
logistics/10/logistics_p06_hyp-3_10_1,4,12,8
logistics/10/logistics_p06_hyp-3_10_2,4,12,8
logistics/10/logistics_p06_hyp-3_10_3,4,12,8
logistics/10/logistics_p06_hyp-4_10_1,4,12,10
logistics/10/logistics_p06_hyp-4_10_2,4,12,10
logistics/10/logistics_p06_hyp-4_10_3,4,12,10
logistics/10/logistics_p07_hyp-1_10_1,4,12,0
logistics/10/logistics_p07_hyp-1_10_2,4,12,0
logistics/10/logistics_p07_hyp-1_10_3,4,12,0
logistics/10/logistics_p07_hyp-2_10_1,5,12,3
logistics/10/logistics_p07_hyp-2_10_2,5,12,3
logistics/10/logistics_p07_hyp-2_10_3,5,12,3
logistics/10/logistics_p07_hyp-3_10_1,4,12,10
logistics/10/logistics_p07_hyp-3_10_2,4,12,10
logistics/10/logistics_p07_hyp-3_10_3,4,12,10
logistics/10/logistics_p07_hyp-4_10_1,5,12,7
logistics/10/logistics_p07_hyp-4_10_2,5,12,7
logistics/10/logistics_p07_hyp-4_10_3,5,12,7
logistics/100/logistics-aaai_p01_hyp-0_full,20,10,5
logistics/100/logistics-aaai_p01_hyp-1_full,20,10,6
logistics/100/logistics-aaai_p01_hyp-2_full,19,10,7
logistics/100/logistics-aaai_p01_hyp-3_full,20,10,8
logistics/100/logistics-aaai_p01_hyp-4_full,20,10,9
logistics/100/logistics-aaai_p02_hyp-0_full,19,10,5
logistics/100/logistics-aaai_p02_hyp-1_full,20,10,6
logistics/100/logistics-aaai_p02_hyp-2_full,18,10,7
logistics/100/logistics-aaai_p02_hyp-3_full,20,10,9
logistics/100/logistics-aaai_p02_hyp-4_full,19,10,8
logistics/100/logistics-aaai_p03_hyp-0_full,15,10,5
logistics/100/logistics-aaai_p03_hyp-1_full,14,10,1
logistics/100/logistics-aaai_p03_hyp-2_full,13,10,2
logistics/100/logistics-aaai_p03_hyp-3_full,19,10,3
logistics/100/logistics-aaai_p03_hyp-4_full,19,10,4
logistics/100/logistics_p01_hyp-0_full,19,10,0
logistics/100/logistics_p01_hyp-1_full,19,10,1
logistics/100/logistics_p01_hyp-2_full,19,10,2
logistics/100/logistics_p01_hyp-3_full,20,10,3
logistics/100/logistics_p01_hyp-4_full,18,10,4
logistics/100/logistics_p01_hyp-5_full,20,10,5
logistics/100/logistics_p01_hyp-6_full,20,10,6
logistics/100/logistics_p01_hyp-7_full,19,10,7
logistics/100/logistics_p01_hyp-8_full,20,10,8
logistics/100/logistics_p01_hyp-9_full,20,10,9
logistics/100/logistics_p02_hyp-0_full,19,10,0
logistics/100/logistics_p02_hyp-1_full,18,10,1
logistics/100/logistics_p02_hyp-2_full,20,10,2
logistics/100/logistics_p02_hyp-3_full,19,10,3
logistics/100/logistics_p02_hyp-4_full,20,10,4
logistics/100/logistics_p02_hyp-5_full,19,10,5
logistics/100/logistics_p02_hyp-6_full,20,10,6
logistics/100/logistics_p02_hyp-7_full,18,10,7
logistics/100/logistics_p02_hyp-8_full,19,10,8
logistics/100/logistics_p02_hyp-9_full,20,10,9
logistics/100/logistics_p03_hyp-0_full,19,10,0
logistics/100/logistics_p03_hyp-1_full,14,10,1
logistics/100/logistics_p03_hyp-2_full,13,10,2
logistics/100/logistics_p03_hyp-3_full,19,10,3
logistics/100/logistics_p03_hyp-4_full,19,10,4
logistics/100/logistics_p03_hyp-5_full,15,10,5
logistics/100/logistics_p03_hyp-6_full,18,10,6
logistics/100/logistics_p03_hyp-7_full,20,10,7
logistics/100/logistics_p03_hyp-8_full,20,10,8
logistics/100/logistics_p03_hyp-9_full,19,10,9
logistics/100/logistics_p04_hyp-1_full,53,12,1
logistics/100/logistics_p04_hyp-2_full,57,12,4
logistics/100/logistics_p04_hyp-3_full,42,12,8
logistics/100/logistics_p04_hyp-4_full,45,12,10
logistics/100/logistics_p05_hyp-1_full,34,10,7
logistics/100/logistics_p05_hyp-2_full,32,10,6
logistics/100/logistics_p05_hyp-3_full,31,10,4
logistics/100/logistics_p05_hyp-4_full,32,10,3
logistics/100/logistics_p06_hyp-1_full,45,12,2
logistics/100/logistics_p06_hyp-2_full,42,12,4
logistics/100/logistics_p06_hyp-3_full,38,12,8
logistics/100/logistics_p06_hyp-4_full,35,12,10
logistics/100/logistics_p07_hyp-1_full,38,12,0
logistics/100/logistics_p07_hyp-2_full,43,12,3
logistics/100/logistics_p07_hyp-3_full,40,12,10
logistics/100/logistics_p07_hyp-4_full,45,12,7
logistics/30/logistics-aaai_p01_hyp-0_30_0,6,10,4
logistics/30/logistics-aaai_p01_hyp-1_30_0,6,10,5
logistics/30/logistics-aaai_p01_hyp-2_30_0,6,10,7
logistics/30/logistics-aaai_p01_hyp-3_30_0,6,10,6
logistics/30/logistics-aaai_p01_hyp-4_30_0,6,10,8
logistics/30/logistics-aaai_p02_hyp-0_30_0,6,10,4
logistics/30/logistics-aaai_p02_hyp-1_30_0,6,10,5
logistics/30/logistics-aaai_p02_hyp-2_30_0,6,10,6
logistics/30/logistics-aaai_p02_hyp-3_30_0,6,10,7
logistics/30/logistics-aaai_p02_hyp-4_30_0,6,10,8
logistics/30/logistics-aaai_p03_hyp-0_30_0,6,10,6
logistics/30/logistics-aaai_p03_hyp-1_30_0,6,10,7
logistics/30/logistics-aaai_p03_hyp-2_30_0,5,10,5
logistics/30/logistics-aaai_p03_hyp-3_30_0,6,10,8
logistics/30/logistics-aaai_p03_hyp-4_30_0,6,10,4
logistics/30/logistics_p01_hyp-0_30_0,6,10,0
logistics/30/logistics_p01_hyp-0_30_1,6,10,0
logistics/30/logistics_p01_hyp-0_30_2,6,10,0
logistics/30/logistics_p01_hyp-1_30_0,6,10,1
logistics/30/logistics_p01_hyp-1_30_1,6,10,1
logistics/30/logistics_p01_hyp-1_30_2,6,10,1
logistics/30/logistics_p01_hyp-2_30_0,6,10,2
logistics/30/logistics_p01_hyp-2_30_1,6,10,2
logistics/30/logistics_p01_hyp-2_30_2,6,10,2
logistics/30/logistics_p01_hyp-3_30_0,6,10,3
logistics/30/logistics_p01_hyp-3_30_1,6,10,3
logistics/30/logistics_p01_hyp-3_30_2,6,10,3
logistics/30/logistics_p01_hyp-4_30_0,6,10,4
logistics/30/logistics_p01_hyp-4_30_1,6,10,4
logistics/30/logistics_p01_hyp-4_30_2,6,10,4
logistics/30/logistics_p01_hyp-5_30_0,6,10,5
logistics/30/logistics_p01_hyp-5_30_1,6,10,5
logistics/30/logistics_p01_hyp-5_30_2,6,10,5
logistics/30/logistics_p01_hyp-6_30_0,6,10,6
logistics/30/logistics_p01_hyp-6_30_1,6,10,6
logistics/30/logistics_p01_hyp-6_30_2,6,10,6
logistics/30/logistics_p01_hyp-7_30_0,6,10,7
logistics/30/logistics_p01_hyp-7_30_1,6,10,7
logistics/30/logistics_p01_hyp-7_30_2,6,10,7
logistics/30/logistics_p01_hyp-8_30_0,6,10,8
logistics/30/logistics_p01_hyp-8_30_1,6,10,8
logistics/30/logistics_p01_hyp-8_30_2,6,10,8
logistics/30/logistics_p01_hyp-9_30_0,6,10,9
logistics/30/logistics_p01_hyp-9_30_1,6,10,9
logistics/30/logistics_p01_hyp-9_30_2,6,10,9
logistics/30/logistics_p02_hyp-0_30_0,6,10,0
logistics/30/logistics_p02_hyp-0_30_1,6,10,0
logistics/30/logistics_p02_hyp-0_30_2,6,10,0
logistics/30/logistics_p02_hyp-1_30_0,6,10,1
logistics/30/logistics_p02_hyp-1_30_1,6,10,1
logistics/30/logistics_p02_hyp-1_30_2,6,10,1
logistics/30/logistics_p02_hyp-2_30_0,6,10,2
logistics/30/logistics_p02_hyp-2_30_1,6,10,2
logistics/30/logistics_p02_hyp-2_30_2,6,10,2
logistics/30/logistics_p02_hyp-3_30_0,6,10,3
logistics/30/logistics_p02_hyp-3_30_1,6,10,3
logistics/30/logistics_p02_hyp-3_30_2,6,10,3
logistics/30/logistics_p02_hyp-4_30_0,6,10,4
logistics/30/logistics_p02_hyp-4_30_1,6,10,4
logistics/30/logistics_p02_hyp-4_30_2,6,10,4
logistics/30/logistics_p02_hyp-5_30_0,6,10,5
logistics/30/logistics_p02_hyp-5_30_1,6,10,5
logistics/30/logistics_p02_hyp-5_30_2,6,10,5
logistics/30/logistics_p02_hyp-6_30_0,6,10,6
logistics/30/logistics_p02_hyp-6_30_1,6,10,6
logistics/30/logistics_p02_hyp-6_30_2,6,10,6
logistics/30/logistics_p02_hyp-7_30_0,6,10,7
logistics/30/logistics_p02_hyp-7_30_1,6,10,7
logistics/30/logistics_p02_hyp-7_30_2,6,10,7
logistics/30/logistics_p02_hyp-8_30_0,6,10,8
logistics/30/logistics_p02_hyp-8_30_1,6,10,8
logistics/30/logistics_p02_hyp-8_30_2,6,10,8
logistics/30/logistics_p02_hyp-9_30_0,6,10,9
logistics/30/logistics_p02_hyp-9_30_1,6,10,9
logistics/30/logistics_p02_hyp-9_30_2,6,10,9
logistics/30/logistics_p03_hyp-0_30_0,6,10,0
logistics/30/logistics_p03_hyp-0_30_1,6,10,0
logistics/30/logistics_p03_hyp-0_30_2,6,10,0
logistics/30/logistics_p03_hyp-1_30_0,5,10,1
logistics/30/logistics_p03_hyp-1_30_1,5,10,1
logistics/30/logistics_p03_hyp-1_30_2,5,10,1
logistics/30/logistics_p03_hyp-2_30_0,4,10,2
logistics/30/logistics_p03_hyp-2_30_1,4,10,2
logistics/30/logistics_p03_hyp-2_30_2,4,10,2
logistics/30/logistics_p03_hyp-3_30_0,6,10,3
logistics/30/logistics_p03_hyp-3_30_1,6,10,3
logistics/30/logistics_p03_hyp-3_30_2,6,10,3
logistics/30/logistics_p03_hyp-4_30_0,6,10,4
logistics/30/logistics_p03_hyp-4_30_1,6,10,4
logistics/30/logistics_p03_hyp-4_30_2,6,10,4
logistics/30/logistics_p03_hyp-5_30_0,5,10,5
logistics/30/logistics_p03_hyp-5_30_1,5,10,5
logistics/30/logistics_p03_hyp-5_30_2,5,10,5
logistics/30/logistics_p03_hyp-6_30_0,6,10,6
logistics/30/logistics_p03_hyp-6_30_1,6,10,6
logistics/30/logistics_p03_hyp-6_30_2,6,10,6
logistics/30/logistics_p03_hyp-7_30_0,6,10,7
logistics/30/logistics_p03_hyp-7_30_1,6,10,7
logistics/30/logistics_p03_hyp-7_30_2,6,10,7
logistics/30/logistics_p03_hyp-8_30_0,6,10,8
logistics/30/logistics_p03_hyp-8_30_1,6,10,8
logistics/30/logistics_p03_hyp-8_30_2,6,10,8
logistics/30/logistics_p03_hyp-9_30_0,6,10,9
logistics/30/logistics_p03_hyp-9_30_1,6,10,9
logistics/30/logistics_p03_hyp-9_30_2,6,10,9
logistics/30/logistics_p04_hyp-1_30_1,16,12,1
logistics/30/logistics_p04_hyp-1_30_2,16,12,1
logistics/30/logistics_p04_hyp-1_30_3,16,12,1
logistics/30/logistics_p04_hyp-2_30_1,18,12,4
logistics/30/logistics_p04_hyp-2_30_2,18,12,4
logistics/30/logistics_p04_hyp-2_30_3,18,12,4
logistics/30/logistics_p04_hyp-3_30_1,13,12,8
logistics/30/logistics_p04_hyp-3_30_2,13,12,8
logistics/30/logistics_p04_hyp-3_30_3,13,12,8
logistics/30/logistics_p04_hyp-4_30_1,14,12,10
logistics/30/logistics_p04_hyp-4_30_2,14,12,10
logistics/30/logistics_p04_hyp-4_30_3,14,12,10
logistics/30/logistics_p05_hyp-1_30_1,11,10,7
logistics/30/logistics_p05_hyp-1_30_2,11,10,7
logistics/30/logistics_p05_hyp-1_30_3,11,10,7
logistics/30/logistics_p05_hyp-2_30_1,10,10,6
logistics/30/logistics_p05_hyp-2_30_2,10,10,6
logistics/30/logistics_p05_hyp-2_30_3,10,10,6
logistics/30/logistics_p05_hyp-3_30_1,10,10,4
logistics/30/logistics_p05_hyp-3_30_2,10,10,4
logistics/30/logistics_p05_hyp-3_30_3,10,10,4
logistics/30/logistics_p05_hyp-4_30_1,10,10,3
logistics/30/logistics_p05_hyp-4_30_2,10,10,3
logistics/30/logistics_p05_hyp-4_30_3,10,10,3
logistics/30/logistics_p06_hyp-1_30_1,14,12,2
logistics/30/logistics_p06_hyp-1_30_2,14,12,2
logistics/30/logistics_p06_hyp-1_30_3,14,12,2
logistics/30/logistics_p06_hyp-2_30_1,13,12,4
logistics/30/logistics_p06_hyp-2_30_2,13,12,4
logistics/30/logistics_p06_hyp-2_30_3,13,12,4
logistics/30/logistics_p06_hyp-3_30_1,12,12,8
logistics/30/logistics_p06_hyp-3_30_2,12,12,8
logistics/30/logistics_p06_hyp-3_30_3,12,12,8
logistics/30/logistics_p06_hyp-4_30_1,11,12,10
logistics/30/logistics_p06_hyp-4_30_2,11,12,10
logistics/30/logistics_p06_hyp-4_30_3,11,12,10
logistics/30/logistics_p07_hyp-1_30_1,12,12,0
logistics/30/logistics_p07_hyp-1_30_2,12,12,0
logistics/30/logistics_p07_hyp-1_30_3,12,12,0
logistics/30/logistics_p07_hyp-2_30_1,13,12,3
logistics/30/logistics_p07_hyp-2_30_2,13,12,3
logistics/30/logistics_p07_hyp-2_30_3,13,12,3
logistics/30/logistics_p07_hyp-3_30_1,12,12,10
logistics/30/logistics_p07_hyp-3_30_2,12,12,10
logistics/30/logistics_p07_hyp-3_30_3,12,12,10
logistics/30/logistics_p07_hyp-4_30_1,14,12,7
logistics/30/logistics_p07_hyp-4_30_2,14,12,7
logistics/30/logistics_p07_hyp-4_30_3,14,12,7
logistics/50/logistics-aaai_p01_hyp-0_50_0,10,10,5
logistics/50/logistics-aaai_p01_hyp-1_50_0,10,10,6
logistics/50/logistics-aaai_p01_hyp-2_50_0,10,10,7
logistics/50/logistics-aaai_p01_hyp-3_50_0,10,10,8
logistics/50/logistics-aaai_p01_hyp-4_50_0,10,10,9
logistics/50/logistics-aaai_p02_hyp-0_50_0,10,10,5
logistics/50/logistics-aaai_p02_hyp-1_50_0,10,10,6
logistics/50/logistics-aaai_p02_hyp-2_50_0,9,10,7
logistics/50/logistics-aaai_p02_hyp-3_50_0,10,10,8
logistics/50/logistics-aaai_p02_hyp-4_50_0,10,10,9
logistics/50/logistics-aaai_p03_hyp-0_50_0,9,10,6
logistics/50/logistics-aaai_p03_hyp-1_50_0,10,10,7
logistics/50/logistics-aaai_p03_hyp-2_50_0,10,10,8
logistics/50/logistics-aaai_p03_hyp-3_50_0,10,10,9
logistics/50/logistics-aaai_p03_hyp-4_50_0,8,10,5
logistics/50/logistics_p01_hyp-0_50_0,10,10,0
logistics/50/logistics_p01_hyp-0_50_1,10,10,0
logistics/50/logistics_p01_hyp-0_50_2,10,10,0
logistics/50/logistics_p01_hyp-1_50_0,10,10,1
logistics/50/logistics_p01_hyp-1_50_1,10,10,1
logistics/50/logistics_p01_hyp-1_50_2,10,10,1
logistics/50/logistics_p01_hyp-2_50_0,10,10,2
logistics/50/logistics_p01_hyp-2_50_1,10,10,2
logistics/50/logistics_p01_hyp-2_50_2,10,10,2
logistics/50/logistics_p01_hyp-3_50_0,10,10,3
logistics/50/logistics_p01_hyp-3_50_1,10,10,3
logistics/50/logistics_p01_hyp-3_50_2,10,10,3
logistics/50/logistics_p01_hyp-4_50_0,9,10,4
logistics/50/logistics_p01_hyp-4_50_1,9,10,4
logistics/50/logistics_p01_hyp-4_50_2,9,10,4
logistics/50/logistics_p01_hyp-5_50_0,10,10,5
logistics/50/logistics_p01_hyp-5_50_1,10,10,5
logistics/50/logistics_p01_hyp-5_50_2,10,10,5
logistics/50/logistics_p01_hyp-6_50_0,10,10,6
logistics/50/logistics_p01_hyp-6_50_1,10,10,6
logistics/50/logistics_p01_hyp-6_50_2,10,10,6
logistics/50/logistics_p01_hyp-7_50_0,10,10,7
logistics/50/logistics_p01_hyp-7_50_1,10,10,7
logistics/50/logistics_p01_hyp-7_50_2,10,10,7
logistics/50/logistics_p01_hyp-8_50_0,10,10,8
logistics/50/logistics_p01_hyp-8_50_1,10,10,8
logistics/50/logistics_p01_hyp-8_50_2,10,10,8
logistics/50/logistics_p01_hyp-9_50_0,10,10,9
logistics/50/logistics_p01_hyp-9_50_1,10,10,9
logistics/50/logistics_p01_hyp-9_50_2,10,10,9
logistics/50/logistics_p02_hyp-0_50_0,10,10,0
logistics/50/logistics_p02_hyp-0_50_1,10,10,0
logistics/50/logistics_p02_hyp-0_50_2,10,10,0
logistics/50/logistics_p02_hyp-1_50_0,9,10,1
logistics/50/logistics_p02_hyp-1_50_1,9,10,1
logistics/50/logistics_p02_hyp-1_50_2,9,10,1
logistics/50/logistics_p02_hyp-2_50_0,10,10,2
logistics/50/logistics_p02_hyp-2_50_1,10,10,2
logistics/50/logistics_p02_hyp-2_50_2,10,10,2
logistics/50/logistics_p02_hyp-3_50_0,10,10,3
logistics/50/logistics_p02_hyp-3_50_1,10,10,3
logistics/50/logistics_p02_hyp-3_50_2,10,10,3
logistics/50/logistics_p02_hyp-4_50_0,10,10,4
logistics/50/logistics_p02_hyp-4_50_1,10,10,4
logistics/50/logistics_p02_hyp-4_50_2,10,10,4
logistics/50/logistics_p02_hyp-5_50_0,10,10,5
logistics/50/logistics_p02_hyp-5_50_1,10,10,5
logistics/50/logistics_p02_hyp-5_50_2,10,10,5
logistics/50/logistics_p02_hyp-6_50_0,10,10,6
logistics/50/logistics_p02_hyp-6_50_1,10,10,6
logistics/50/logistics_p02_hyp-6_50_2,10,10,6
logistics/50/logistics_p02_hyp-7_50_0,9,10,7
logistics/50/logistics_p02_hyp-7_50_1,9,10,7
logistics/50/logistics_p02_hyp-7_50_2,9,10,7
logistics/50/logistics_p02_hyp-8_50_0,10,10,8
logistics/50/logistics_p02_hyp-8_50_1,10,10,8
logistics/50/logistics_p02_hyp-8_50_2,10,10,8
logistics/50/logistics_p02_hyp-9_50_0,10,10,9
logistics/50/logistics_p02_hyp-9_50_1,10,10,9
logistics/50/logistics_p02_hyp-9_50_2,10,10,9
logistics/50/logistics_p03_hyp-0_50_0,10,10,0
logistics/50/logistics_p03_hyp-0_50_1,10,10,0
logistics/50/logistics_p03_hyp-0_50_2,10,10,0
logistics/50/logistics_p03_hyp-1_50_0,7,10,1
logistics/50/logistics_p03_hyp-1_50_1,7,10,1
logistics/50/logistics_p03_hyp-1_50_2,7,10,1
logistics/50/logistics_p03_hyp-2_50_0,7,10,2
logistics/50/logistics_p03_hyp-2_50_1,7,10,2
logistics/50/logistics_p03_hyp-2_50_2,7,10,2
logistics/50/logistics_p03_hyp-3_50_0,10,10,3
logistics/50/logistics_p03_hyp-3_50_1,10,10,3
logistics/50/logistics_p03_hyp-3_50_2,10,10,3
logistics/50/logistics_p03_hyp-4_50_0,10,10,4
logistics/50/logistics_p03_hyp-4_50_1,10,10,4
logistics/50/logistics_p03_hyp-4_50_2,10,10,4
logistics/50/logistics_p03_hyp-5_50_0,8,10,5
logistics/50/logistics_p03_hyp-5_50_1,8,10,5
logistics/50/logistics_p03_hyp-5_50_2,8,10,5
logistics/50/logistics_p03_hyp-6_50_0,9,10,6
logistics/50/logistics_p03_hyp-6_50_1,9,10,6
logistics/50/logistics_p03_hyp-6_50_2,9,10,6
logistics/50/logistics_p03_hyp-7_50_0,10,10,7
logistics/50/logistics_p03_hyp-7_50_1,10,10,7
logistics/50/logistics_p03_hyp-7_50_2,10,10,7
logistics/50/logistics_p03_hyp-8_50_0,10,10,8
logistics/50/logistics_p03_hyp-8_50_1,10,10,8
logistics/50/logistics_p03_hyp-8_50_2,10,10,8
logistics/50/logistics_p03_hyp-9_50_0,10,10,9
logistics/50/logistics_p03_hyp-9_50_1,10,10,9
logistics/50/logistics_p03_hyp-9_50_2,10,10,9
logistics/50/logistics_p04_hyp-1_50_1,27,12,1
logistics/50/logistics_p04_hyp-1_50_2,27,12,1
logistics/50/logistics_p04_hyp-1_50_3,27,12,1
logistics/50/logistics_p04_hyp-2_50_1,29,12,4
logistics/50/logistics_p04_hyp-2_50_2,29,12,4
logistics/50/logistics_p04_hyp-2_50_3,29,12,4
logistics/50/logistics_p04_hyp-3_50_1,21,12,8
logistics/50/logistics_p04_hyp-3_50_2,21,12,8
logistics/50/logistics_p04_hyp-3_50_3,21,12,8
logistics/50/logistics_p04_hyp-4_50_1,23,12,10
logistics/50/logistics_p04_hyp-4_50_2,23,12,10
logistics/50/logistics_p04_hyp-4_50_3,23,12,10
logistics/50/logistics_p05_hyp-1_50_1,17,10,7
logistics/50/logistics_p05_hyp-1_50_2,17,10,7
logistics/50/logistics_p05_hyp-1_50_3,17,10,7
logistics/50/logistics_p05_hyp-2_50_1,16,10,6
logistics/50/logistics_p05_hyp-2_50_2,16,10,6
logistics/50/logistics_p05_hyp-2_50_3,16,10,6
logistics/50/logistics_p05_hyp-3_50_1,16,10,4
logistics/50/logistics_p05_hyp-3_50_2,16,10,4
logistics/50/logistics_p05_hyp-3_50_3,16,10,4
logistics/50/logistics_p05_hyp-4_50_1,16,10,3
logistics/50/logistics_p05_hyp-4_50_2,16,10,3
logistics/50/logistics_p05_hyp-4_50_3,16,10,3
logistics/50/logistics_p06_hyp-1_50_1,23,12,2
logistics/50/logistics_p06_hyp-1_50_2,23,12,2
logistics/50/logistics_p06_hyp-1_50_3,23,12,2
logistics/50/logistics_p06_hyp-2_50_1,21,12,4
logistics/50/logistics_p06_hyp-2_50_2,21,12,4
logistics/50/logistics_p06_hyp-2_50_3,21,12,4
logistics/50/logistics_p06_hyp-3_50_1,19,12,8
logistics/50/logistics_p06_hyp-3_50_2,19,12,8
logistics/50/logistics_p06_hyp-3_50_3,19,12,8
logistics/50/logistics_p06_hyp-4_50_1,18,12,10
logistics/50/logistics_p06_hyp-4_50_2,18,12,10
logistics/50/logistics_p06_hyp-4_50_3,18,12,10
logistics/50/logistics_p07_hyp-1_50_1,19,12,0
logistics/50/logistics_p07_hyp-1_50_2,19,12,0
logistics/50/logistics_p07_hyp-1_50_3,19,12,0
logistics/50/logistics_p07_hyp-2_50_1,22,12,3
logistics/50/logistics_p07_hyp-2_50_2,22,12,3
logistics/50/logistics_p07_hyp-2_50_3,22,12,3
logistics/50/logistics_p07_hyp-3_50_1,20,12,10
logistics/50/logistics_p07_hyp-3_50_2,20,12,10
logistics/50/logistics_p07_hyp-3_50_3,20,12,10
logistics/50/logistics_p07_hyp-4_50_1,23,12,7
logistics/50/logistics_p07_hyp-4_50_2,23,12,7
logistics/50/logistics_p07_hyp-4_50_3,23,12,7
logistics/70/logistics-aaai_p01_hyp-0_70_0,14,10,2
logistics/70/logistics-aaai_p01_hyp-1_70_0,13,10,4
logistics/70/logistics-aaai_p01_hyp-2_70_0,14,10,5
logistics/70/logistics-aaai_p01_hyp-3_70_0,14,10,7
logistics/70/logistics-aaai_p01_hyp-4_70_0,14,10,6
logistics/70/logistics-aaai_p02_hyp-0_70_0,14,10,5
logistics/70/logistics-aaai_p02_hyp-1_70_0,14,10,6
logistics/70/logistics-aaai_p02_hyp-2_70_0,13,10,7
logistics/70/logistics-aaai_p02_hyp-3_70_0,14,10,8
logistics/70/logistics-aaai_p02_hyp-4_70_0,14,10,9
logistics/70/logistics-aaai_p03_hyp-0_70_0,11,10,5
logistics/70/logistics-aaai_p03_hyp-1_70_0,10,10,1
logistics/70/logistics-aaai_p03_hyp-2_70_0,10,10,2
logistics/70/logistics-aaai_p03_hyp-3_70_0,14,10,3
logistics/70/logistics-aaai_p03_hyp-4_70_0,14,10,4
logistics/70/logistics_p01_hyp-0_70_0,14,10,0
logistics/70/logistics_p01_hyp-0_70_1,14,10,0
logistics/70/logistics_p01_hyp-0_70_2,14,10,0
logistics/70/logistics_p01_hyp-1_70_0,14,10,1
logistics/70/logistics_p01_hyp-1_70_1,14,10,1
logistics/70/logistics_p01_hyp-1_70_2,14,10,1
logistics/70/logistics_p01_hyp-2_70_0,14,10,2
logistics/70/logistics_p01_hyp-2_70_1,14,10,2
logistics/70/logistics_p01_hyp-2_70_2,14,10,2
logistics/70/logistics_p01_hyp-3_70_0,14,10,3
logistics/70/logistics_p01_hyp-3_70_1,14,10,3
logistics/70/logistics_p01_hyp-3_70_2,14,10,3
logistics/70/logistics_p01_hyp-4_70_0,13,10,4
logistics/70/logistics_p01_hyp-4_70_1,13,10,4
logistics/70/logistics_p01_hyp-4_70_2,13,10,4
logistics/70/logistics_p01_hyp-5_70_0,14,10,5
logistics/70/logistics_p01_hyp-5_70_1,14,10,5
logistics/70/logistics_p01_hyp-5_70_2,14,10,5
logistics/70/logistics_p01_hyp-6_70_0,14,10,6
logistics/70/logistics_p01_hyp-6_70_1,14,10,6
logistics/70/logistics_p01_hyp-6_70_2,14,10,6
logistics/70/logistics_p01_hyp-7_70_0,14,10,7
logistics/70/logistics_p01_hyp-7_70_1,14,10,7
logistics/70/logistics_p01_hyp-7_70_2,14,10,7
logistics/70/logistics_p01_hyp-8_70_0,14,10,8
logistics/70/logistics_p01_hyp-8_70_1,14,10,8
logistics/70/logistics_p01_hyp-8_70_2,14,10,8
logistics/70/logistics_p01_hyp-9_70_0,14,10,9
logistics/70/logistics_p01_hyp-9_70_1,14,10,9
logistics/70/logistics_p01_hyp-9_70_2,14,10,9
logistics/70/logistics_p02_hyp-0_70_0,14,10,0
logistics/70/logistics_p02_hyp-0_70_1,14,10,0
logistics/70/logistics_p02_hyp-0_70_2,14,10,0
logistics/70/logistics_p02_hyp-1_70_0,13,10,1
logistics/70/logistics_p02_hyp-1_70_1,13,10,1
logistics/70/logistics_p02_hyp-1_70_2,13,10,1
logistics/70/logistics_p02_hyp-2_70_0,14,10,2
logistics/70/logistics_p02_hyp-2_70_1,14,10,2
logistics/70/logistics_p02_hyp-2_70_2,14,10,2
logistics/70/logistics_p02_hyp-3_70_0,14,10,3
logistics/70/logistics_p02_hyp-3_70_1,14,10,3
logistics/70/logistics_p02_hyp-3_70_2,14,10,3
logistics/70/logistics_p02_hyp-4_70_0,14,10,4
logistics/70/logistics_p02_hyp-4_70_1,14,10,4
logistics/70/logistics_p02_hyp-4_70_2,14,10,4
logistics/70/logistics_p02_hyp-5_70_0,14,10,5
logistics/70/logistics_p02_hyp-5_70_1,14,10,5
logistics/70/logistics_p02_hyp-5_70_2,14,10,5
logistics/70/logistics_p02_hyp-6_70_0,14,10,6
logistics/70/logistics_p02_hyp-6_70_1,14,10,6
logistics/70/logistics_p02_hyp-6_70_2,14,10,6
logistics/70/logistics_p02_hyp-7_70_0,13,10,7
logistics/70/logistics_p02_hyp-7_70_1,13,10,7
logistics/70/logistics_p02_hyp-7_70_2,13,10,7
logistics/70/logistics_p02_hyp-8_70_0,14,10,8
logistics/70/logistics_p02_hyp-8_70_1,14,10,8
logistics/70/logistics_p02_hyp-8_70_2,14,10,8
logistics/70/logistics_p02_hyp-9_70_0,14,10,9
logistics/70/logistics_p02_hyp-9_70_1,14,10,9
logistics/70/logistics_p02_hyp-9_70_2,14,10,9
logistics/70/logistics_p03_hyp-0_70_0,14,10,0
logistics/70/logistics_p03_hyp-0_70_1,14,10,0
logistics/70/logistics_p03_hyp-0_70_2,14,10,0
logistics/70/logistics_p03_hyp-1_70_0,10,10,1
logistics/70/logistics_p03_hyp-1_70_1,10,10,1
logistics/70/logistics_p03_hyp-1_70_2,10,10,1
logistics/70/logistics_p03_hyp-2_70_0,10,10,2
logistics/70/logistics_p03_hyp-2_70_1,10,10,2
logistics/70/logistics_p03_hyp-2_70_2,10,10,2
logistics/70/logistics_p03_hyp-3_70_0,14,10,3
logistics/70/logistics_p03_hyp-3_70_1,14,10,3
logistics/70/logistics_p03_hyp-3_70_2,14,10,3
logistics/70/logistics_p03_hyp-4_70_0,14,10,4
logistics/70/logistics_p03_hyp-4_70_1,14,10,4
logistics/70/logistics_p03_hyp-4_70_2,14,10,4
logistics/70/logistics_p03_hyp-5_70_0,11,10,5
logistics/70/logistics_p03_hyp-5_70_1,11,10,5
logistics/70/logistics_p03_hyp-5_70_2,11,10,5
logistics/70/logistics_p03_hyp-6_70_0,13,10,6
logistics/70/logistics_p03_hyp-6_70_1,13,10,6
logistics/70/logistics_p03_hyp-6_70_2,13,10,6
logistics/70/logistics_p03_hyp-7_70_0,14,10,7
logistics/70/logistics_p03_hyp-7_70_1,14,10,7
logistics/70/logistics_p03_hyp-7_70_2,14,10,7
logistics/70/logistics_p03_hyp-8_70_0,14,10,8
logistics/70/logistics_p03_hyp-8_70_1,14,10,8
logistics/70/logistics_p03_hyp-8_70_2,14,10,8
logistics/70/logistics_p03_hyp-9_70_0,14,10,9
logistics/70/logistics_p03_hyp-9_70_1,14,10,9
logistics/70/logistics_p03_hyp-9_70_2,14,10,9
logistics/70/logistics_p04_hyp-1_70_1,38,12,1
logistics/70/logistics_p04_hyp-1_70_2,38,12,1
logistics/70/logistics_p04_hyp-1_70_3,38,12,1
logistics/70/logistics_p04_hyp-2_70_1,40,12,4
logistics/70/logistics_p04_hyp-2_70_2,40,12,4
logistics/70/logistics_p04_hyp-2_70_3,40,12,4
logistics/70/logistics_p04_hyp-3_70_1,30,12,8
logistics/70/logistics_p04_hyp-3_70_2,30,12,8
logistics/70/logistics_p04_hyp-3_70_3,30,12,8
logistics/70/logistics_p04_hyp-4_70_1,32,12,10
logistics/70/logistics_p04_hyp-4_70_2,32,12,10
logistics/70/logistics_p04_hyp-4_70_3,32,12,10
logistics/70/logistics_p05_hyp-1_70_1,24,10,7
logistics/70/logistics_p05_hyp-1_70_2,24,10,7
logistics/70/logistics_p05_hyp-1_70_3,24,10,7
logistics/70/logistics_p05_hyp-2_70_1,23,10,6
logistics/70/logistics_p05_hyp-2_70_2,23,10,6
logistics/70/logistics_p05_hyp-2_70_3,23,10,6
logistics/70/logistics_p05_hyp-3_70_1,22,10,4
logistics/70/logistics_p05_hyp-3_70_2,22,10,4
logistics/70/logistics_p05_hyp-3_70_3,22,10,4
logistics/70/logistics_p05_hyp-4_70_1,23,10,3
logistics/70/logistics_p05_hyp-4_70_2,23,10,3
logistics/70/logistics_p05_hyp-4_70_3,23,10,3
logistics/70/logistics_p06_hyp-1_70_1,32,12,2
logistics/70/logistics_p06_hyp-1_70_2,32,12,2
logistics/70/logistics_p06_hyp-1_70_3,32,12,2
logistics/70/logistics_p06_hyp-2_70_1,30,12,4
logistics/70/logistics_p06_hyp-2_70_2,30,12,4
logistics/70/logistics_p06_hyp-2_70_3,30,12,4
logistics/70/logistics_p06_hyp-3_70_1,27,12,8
logistics/70/logistics_p06_hyp-3_70_2,27,12,8
logistics/70/logistics_p06_hyp-3_70_3,27,12,8
logistics/70/logistics_p06_hyp-4_70_1,25,12,10
logistics/70/logistics_p06_hyp-4_70_2,25,12,10
logistics/70/logistics_p06_hyp-4_70_3,25,12,10
logistics/70/logistics_p07_hyp-1_70_1,27,12,0
logistics/70/logistics_p07_hyp-1_70_2,27,12,0
logistics/70/logistics_p07_hyp-1_70_3,27,12,0
logistics/70/logistics_p07_hyp-2_70_1,31,12,3
logistics/70/logistics_p07_hyp-2_70_2,31,12,3
logistics/70/logistics_p07_hyp-2_70_3,31,12,3
logistics/70/logistics_p07_hyp-3_70_1,28,12,10
logistics/70/logistics_p07_hyp-3_70_2,28,12,10
logistics/70/logistics_p07_hyp-3_70_3,28,12,10
logistics/70/logistics_p07_hyp-4_70_1,32,12,7
logistics/70/logistics_p07_hyp-4_70_2,32,12,7
logistics/70/logistics_p07_hyp-4_70_3,32,12,7
miconic/10/miconic_p01_hyp-1_10_1,2,6,0
miconic/10/miconic_p01_hyp-1_10_2,2,6,0
miconic/10/miconic_p01_hyp-1_10_3,2,6,0
miconic/10/miconic_p01_hyp-2_10_1,2,6,1
miconic/10/miconic_p01_hyp-2_10_2,2,6,1
miconic/10/miconic_p01_hyp-2_10_3,2,6,1
miconic/10/miconic_p01_hyp-3_10_1,2,6,2
miconic/10/miconic_p01_hyp-3_10_2,2,6,2
miconic/10/miconic_p01_hyp-3_10_3,2,6,2
miconic/10/miconic_p01_hyp-4_10_1,2,6,3
miconic/10/miconic_p01_hyp-4_10_2,2,6,3
miconic/10/miconic_p01_hyp-4_10_3,2,6,3
miconic/10/miconic_p02_hyp-1_10_1,2,6,0
miconic/10/miconic_p02_hyp-1_10_2,2,6,0
miconic/10/miconic_p02_hyp-1_10_3,2,6,0
miconic/10/miconic_p02_hyp-2_10_1,2,6,1
miconic/10/miconic_p02_hyp-2_10_2,2,6,1
miconic/10/miconic_p02_hyp-2_10_3,2,6,1
miconic/10/miconic_p02_hyp-3_10_1,2,6,2
miconic/10/miconic_p02_hyp-3_10_2,2,6,2
miconic/10/miconic_p02_hyp-3_10_3,2,6,2
miconic/10/miconic_p02_hyp-4_10_1,2,6,3
miconic/10/miconic_p02_hyp-4_10_2,2,6,3
miconic/10/miconic_p02_hyp-4_10_3,2,6,3
miconic/10/miconic_p03_hyp-1_10_1,2,6,0
miconic/10/miconic_p03_hyp-1_10_2,2,6,0
miconic/10/miconic_p03_hyp-1_10_3,2,6,0
miconic/10/miconic_p03_hyp-2_10_1,2,6,1
miconic/10/miconic_p03_hyp-2_10_2,2,6,1
miconic/10/miconic_p03_hyp-2_10_3,2,6,1
miconic/10/miconic_p03_hyp-3_10_1,2,6,2
miconic/10/miconic_p03_hyp-3_10_2,2,6,2
miconic/10/miconic_p03_hyp-3_10_3,2,6,2
miconic/10/miconic_p03_hyp-4_10_1,2,6,3
miconic/10/miconic_p03_hyp-4_10_2,2,6,3
miconic/10/miconic_p03_hyp-4_10_3,2,6,3
miconic/10/miconic_p04_hyp-1_10_1,3,6,0
miconic/10/miconic_p04_hyp-1_10_2,3,6,0
miconic/10/miconic_p04_hyp-1_10_3,3,6,0
miconic/10/miconic_p04_hyp-2_10_1,3,6,1
miconic/10/miconic_p04_hyp-2_10_2,3,6,1
miconic/10/miconic_p04_hyp-2_10_3,3,6,1
miconic/10/miconic_p04_hyp-3_10_1,3,6,2
miconic/10/miconic_p04_hyp-3_10_2,3,6,2
miconic/10/miconic_p04_hyp-3_10_3,3,6,2
miconic/10/miconic_p04_hyp-4_10_1,3,6,3
miconic/10/miconic_p04_hyp-4_10_2,3,6,3
miconic/10/miconic_p04_hyp-4_10_3,3,6,3
miconic/10/miconic_p05_hyp-1_10_1,6,6,0
miconic/10/miconic_p05_hyp-1_10_2,6,6,0
miconic/10/miconic_p05_hyp-1_10_3,6,6,0
miconic/10/miconic_p05_hyp-2_10_1,7,6,2
miconic/10/miconic_p05_hyp-2_10_2,7,6,2
miconic/10/miconic_p05_hyp-2_10_3,7,6,2
miconic/10/miconic_p05_hyp-3_10_1,6,6,3
miconic/10/miconic_p05_hyp-3_10_2,6,6,3
miconic/10/miconic_p05_hyp-3_10_3,6,6,3
miconic/10/miconic_p05_hyp-4_10_1,7,6,1
miconic/10/miconic_p05_hyp-4_10_2,7,6,1
miconic/10/miconic_p05_hyp-4_10_3,7,6,1
miconic/10/miconic_p06_hyp-1_10_1,6,6,1
miconic/10/miconic_p06_hyp-1_10_2,6,6,1
miconic/10/miconic_p06_hyp-1_10_3,6,6,1
miconic/10/miconic_p06_hyp-2_10_1,6,6,4
miconic/10/miconic_p06_hyp-2_10_2,6,6,4
miconic/10/miconic_p06_hyp-2_10_3,6,6,4
miconic/10/miconic_p06_hyp-3_10_1,6,6,5
miconic/10/miconic_p06_hyp-3_10_2,6,6,5
miconic/10/miconic_p06_hyp-3_10_3,6,6,5
miconic/10/miconic_p06_hyp-4_10_1,5,6,2
miconic/10/miconic_p06_hyp-4_10_2,5,6,2
miconic/10/miconic_p06_hyp-4_10_3,5,6,2
miconic/10/miconic_p07_hyp-1_10_1,6,6,5
miconic/10/miconic_p07_hyp-1_10_2,6,6,5
miconic/10/miconic_p07_hyp-1_10_3,6,6,5
miconic/10/miconic_p07_hyp-2_10_1,6,6,2
miconic/10/miconic_p07_hyp-2_10_2,6,6,2
miconic/10/miconic_p07_hyp-2_10_3,6,6,2
miconic/10/miconic_p07_hyp-3_10_1,6,6,0
miconic/10/miconic_p07_hyp-3_10_2,6,6,0
miconic/10/miconic_p07_hyp-3_10_3,6,6,0
miconic/10/miconic_p07_hyp-4_10_1,8,6,1
miconic/10/miconic_p07_hyp-4_10_2,8,6,1
miconic/10/miconic_p07_hyp-4_10_3,8,6,1
miconic/100/miconic_p01_hyp-1_full,17,6,0
miconic/100/miconic_p01_hyp-2_full,16,6,1
miconic/100/miconic_p01_hyp-3_full,16,6,2
miconic/100/miconic_p01_hyp-4_full,16,6,3
miconic/100/miconic_p02_hyp-1_full,18,6,0
miconic/100/miconic_p02_hyp-2_full,17,6,1
miconic/100/miconic_p02_hyp-3_full,18,6,2
miconic/100/miconic_p02_hyp-4_full,19,6,3
miconic/100/miconic_p03_hyp-1_full,15,6,0
miconic/100/miconic_p03_hyp-2_full,15,6,1
miconic/100/miconic_p03_hyp-3_full,15,6,2
miconic/100/miconic_p03_hyp-4_full,14,6,3
miconic/100/miconic_p04_hyp-1_full,25,6,0
miconic/100/miconic_p04_hyp-2_full,25,6,1
miconic/100/miconic_p04_hyp-3_full,25,6,2
miconic/100/miconic_p04_hyp-4_full,25,6,3
miconic/100/miconic_p05_hyp-1_full,52,6,0
miconic/100/miconic_p05_hyp-2_full,63,6,2
miconic/100/miconic_p05_hyp-3_full,55,6,3
miconic/100/miconic_p05_hyp-4_full,65,6,1
miconic/100/miconic_p06_hyp-1_full,55,6,1
miconic/100/miconic_p06_hyp-2_full,60,6,4
miconic/100/miconic_p06_hyp-3_full,57,6,5
miconic/100/miconic_p06_hyp-4_full,50,6,2
miconic/100/miconic_p07_hyp-1_full,60,6,5
miconic/100/miconic_p07_hyp-2_full,54,6,2
miconic/100/miconic_p07_hyp-3_full,55,6,0
miconic/100/miconic_p07_hyp-4_full,74,6,1
miconic/30/miconic_p01_hyp-1_30_1,6,6,0
miconic/30/miconic_p01_hyp-1_30_2,6,6,0
miconic/30/miconic_p01_hyp-1_30_3,6,6,0
miconic/30/miconic_p01_hyp-2_30_1,5,6,1
miconic/30/miconic_p01_hyp-2_30_2,5,6,1
miconic/30/miconic_p01_hyp-2_30_3,5,6,1
miconic/30/miconic_p01_hyp-3_30_1,5,6,2
miconic/30/miconic_p01_hyp-3_30_2,5,6,2
miconic/30/miconic_p01_hyp-3_30_3,5,6,2
miconic/30/miconic_p01_hyp-4_30_1,5,6,3
miconic/30/miconic_p01_hyp-4_30_2,5,6,3
miconic/30/miconic_p01_hyp-4_30_3,5,6,3
miconic/30/miconic_p02_hyp-1_30_1,6,6,0
miconic/30/miconic_p02_hyp-1_30_2,6,6,0
miconic/30/miconic_p02_hyp-1_30_3,6,6,0
miconic/30/miconic_p02_hyp-2_30_1,6,6,1
miconic/30/miconic_p02_hyp-2_30_2,6,6,1
miconic/30/miconic_p02_hyp-2_30_3,6,6,1
miconic/30/miconic_p02_hyp-3_30_1,6,6,2
miconic/30/miconic_p02_hyp-3_30_2,6,6,2
miconic/30/miconic_p02_hyp-3_30_3,6,6,2
miconic/30/miconic_p02_hyp-4_30_1,6,6,3
miconic/30/miconic_p02_hyp-4_30_2,6,6,3
miconic/30/miconic_p02_hyp-4_30_3,6,6,3
miconic/30/miconic_p03_hyp-1_30_1,5,6,0
miconic/30/miconic_p03_hyp-1_30_2,5,6,0
miconic/30/miconic_p03_hyp-1_30_3,5,6,0
miconic/30/miconic_p03_hyp-2_30_1,5,6,1
miconic/30/miconic_p03_hyp-2_30_2,5,6,1
miconic/30/miconic_p03_hyp-2_30_3,5,6,1
miconic/30/miconic_p03_hyp-3_30_1,5,6,2
miconic/30/miconic_p03_hyp-3_30_2,5,6,2
miconic/30/miconic_p03_hyp-3_30_3,5,6,2
miconic/30/miconic_p03_hyp-4_30_1,5,6,3
miconic/30/miconic_p03_hyp-4_30_2,5,6,3
miconic/30/miconic_p03_hyp-4_30_3,5,6,3
miconic/30/miconic_p04_hyp-1_30_1,8,6,0
miconic/30/miconic_p04_hyp-1_30_2,8,6,0
miconic/30/miconic_p04_hyp-1_30_3,8,6,0
miconic/30/miconic_p04_hyp-2_30_1,8,6,1
miconic/30/miconic_p04_hyp-2_30_2,8,6,1
miconic/30/miconic_p04_hyp-2_30_3,8,6,1
miconic/30/miconic_p04_hyp-3_30_1,8,6,2
miconic/30/miconic_p04_hyp-3_30_2,8,6,2
miconic/30/miconic_p04_hyp-3_30_3,8,6,2
miconic/30/miconic_p04_hyp-4_30_1,8,6,3
miconic/30/miconic_p04_hyp-4_30_2,8,6,3
miconic/30/miconic_p04_hyp-4_30_3,8,6,3
miconic/30/miconic_p05_hyp-1_30_1,16,6,0
miconic/30/miconic_p05_hyp-1_30_2,16,6,0
miconic/30/miconic_p05_hyp-1_30_3,16,6,0
miconic/30/miconic_p05_hyp-2_30_1,19,6,2
miconic/30/miconic_p05_hyp-2_30_2,19,6,2
miconic/30/miconic_p05_hyp-2_30_3,19,6,2
miconic/30/miconic_p05_hyp-3_30_1,17,6,3
miconic/30/miconic_p05_hyp-3_30_2,17,6,3
miconic/30/miconic_p05_hyp-3_30_3,17,6,3
miconic/30/miconic_p05_hyp-4_30_1,20,6,1
miconic/30/miconic_p05_hyp-4_30_2,20,6,1
miconic/30/miconic_p05_hyp-4_30_3,20,6,1
miconic/30/miconic_p06_hyp-1_30_1,17,6,1
miconic/30/miconic_p06_hyp-1_30_2,17,6,1
miconic/30/miconic_p06_hyp-1_30_3,17,6,1
miconic/30/miconic_p06_hyp-2_30_1,18,6,4
miconic/30/miconic_p06_hyp-2_30_2,18,6,4
miconic/30/miconic_p06_hyp-2_30_3,18,6,4
miconic/30/miconic_p06_hyp-3_30_1,18,6,5
miconic/30/miconic_p06_hyp-3_30_2,18,6,5
miconic/30/miconic_p06_hyp-3_30_3,18,6,5
miconic/30/miconic_p06_hyp-4_30_1,15,6,2
miconic/30/miconic_p06_hyp-4_30_2,15,6,2
miconic/30/miconic_p06_hyp-4_30_3,15,6,2
miconic/30/miconic_p07_hyp-1_30_1,18,6,5
miconic/30/miconic_p07_hyp-1_30_2,18,6,5
miconic/30/miconic_p07_hyp-1_30_3,18,6,5
miconic/30/miconic_p07_hyp-2_30_1,17,6,2
miconic/30/miconic_p07_hyp-2_30_2,17,6,2
miconic/30/miconic_p07_hyp-2_30_3,17,6,2
miconic/30/miconic_p07_hyp-3_30_1,17,6,0
miconic/30/miconic_p07_hyp-3_30_2,17,6,0
miconic/30/miconic_p07_hyp-3_30_3,17,6,0
miconic/30/miconic_p07_hyp-4_30_1,23,6,1
miconic/30/miconic_p07_hyp-4_30_2,23,6,1
miconic/30/miconic_p07_hyp-4_30_3,23,6,1
miconic/50/miconic_p01_hyp-1_50_1,9,6,0
miconic/50/miconic_p01_hyp-1_50_2,9,6,0
miconic/50/miconic_p01_hyp-1_50_3,9,6,0
miconic/50/miconic_p01_hyp-2_50_1,8,6,1
miconic/50/miconic_p01_hyp-2_50_2,8,6,1
miconic/50/miconic_p01_hyp-2_50_3,8,6,1
miconic/50/miconic_p01_hyp-3_50_1,8,6,2
miconic/50/miconic_p01_hyp-3_50_2,8,6,2
miconic/50/miconic_p01_hyp-3_50_3,8,6,2
miconic/50/miconic_p01_hyp-4_50_1,8,6,3
miconic/50/miconic_p01_hyp-4_50_2,8,6,3
miconic/50/miconic_p01_hyp-4_50_3,8,6,3
miconic/50/miconic_p02_hyp-1_50_1,9,6,0
miconic/50/miconic_p02_hyp-1_50_2,9,6,0
miconic/50/miconic_p02_hyp-1_50_3,9,6,0
miconic/50/miconic_p02_hyp-2_50_1,9,6,1
miconic/50/miconic_p02_hyp-2_50_2,9,6,1
miconic/50/miconic_p02_hyp-2_50_3,9,6,1
miconic/50/miconic_p02_hyp-3_50_1,9,6,2
miconic/50/miconic_p02_hyp-3_50_2,9,6,2
miconic/50/miconic_p02_hyp-3_50_3,9,6,2
miconic/50/miconic_p02_hyp-4_50_1,10,6,3
miconic/50/miconic_p02_hyp-4_50_2,10,6,3
miconic/50/miconic_p02_hyp-4_50_3,10,6,3
miconic/50/miconic_p03_hyp-1_50_1,8,6,0
miconic/50/miconic_p03_hyp-1_50_2,8,6,0
miconic/50/miconic_p03_hyp-1_50_3,8,6,0
miconic/50/miconic_p03_hyp-2_50_1,8,6,1
miconic/50/miconic_p03_hyp-2_50_2,8,6,1
miconic/50/miconic_p03_hyp-2_50_3,8,6,1
miconic/50/miconic_p03_hyp-3_50_1,8,6,2
miconic/50/miconic_p03_hyp-3_50_2,8,6,2
miconic/50/miconic_p03_hyp-3_50_3,8,6,2
miconic/50/miconic_p03_hyp-4_50_1,7,6,3
miconic/50/miconic_p03_hyp-4_50_2,7,6,3
miconic/50/miconic_p03_hyp-4_50_3,7,6,3
miconic/50/miconic_p04_hyp-1_50_1,13,6,0
miconic/50/miconic_p04_hyp-1_50_2,13,6,0
miconic/50/miconic_p04_hyp-1_50_3,13,6,0
miconic/50/miconic_p04_hyp-2_50_1,13,6,1
miconic/50/miconic_p04_hyp-2_50_2,13,6,1
miconic/50/miconic_p04_hyp-2_50_3,13,6,1
miconic/50/miconic_p04_hyp-3_50_1,13,6,2
miconic/50/miconic_p04_hyp-3_50_2,13,6,2
miconic/50/miconic_p04_hyp-3_50_3,13,6,2
miconic/50/miconic_p04_hyp-4_50_1,13,6,3
miconic/50/miconic_p04_hyp-4_50_2,13,6,3
miconic/50/miconic_p04_hyp-4_50_3,13,6,3
miconic/50/miconic_p05_hyp-1_50_1,26,6,0
miconic/50/miconic_p05_hyp-1_50_2,26,6,0
miconic/50/miconic_p05_hyp-1_50_3,26,6,0
miconic/50/miconic_p05_hyp-2_50_1,32,6,2
miconic/50/miconic_p05_hyp-2_50_2,32,6,2
miconic/50/miconic_p05_hyp-2_50_3,32,6,2
miconic/50/miconic_p05_hyp-3_50_1,28,6,3
miconic/50/miconic_p05_hyp-3_50_2,28,6,3
miconic/50/miconic_p05_hyp-3_50_3,28,6,3
miconic/50/miconic_p05_hyp-4_50_1,33,6,1
miconic/50/miconic_p05_hyp-4_50_2,33,6,1
miconic/50/miconic_p05_hyp-4_50_3,33,6,1
miconic/50/miconic_p06_hyp-1_50_1,28,6,1
miconic/50/miconic_p06_hyp-1_50_2,28,6,1
miconic/50/miconic_p06_hyp-1_50_3,28,6,1
miconic/50/miconic_p06_hyp-2_50_1,30,6,4
miconic/50/miconic_p06_hyp-2_50_2,30,6,4
miconic/50/miconic_p06_hyp-2_50_3,30,6,4
miconic/50/miconic_p06_hyp-3_50_1,29,6,5
miconic/50/miconic_p06_hyp-3_50_2,29,6,5
miconic/50/miconic_p06_hyp-3_50_3,29,6,5
miconic/50/miconic_p06_hyp-4_50_1,25,6,2
miconic/50/miconic_p06_hyp-4_50_2,25,6,2
miconic/50/miconic_p06_hyp-4_50_3,25,6,2
miconic/50/miconic_p07_hyp-1_50_1,30,6,5
miconic/50/miconic_p07_hyp-1_50_2,30,6,5
miconic/50/miconic_p07_hyp-1_50_3,30,6,5
miconic/50/miconic_p07_hyp-2_50_1,27,6,2
miconic/50/miconic_p07_hyp-2_50_2,27,6,2
miconic/50/miconic_p07_hyp-2_50_3,27,6,2
miconic/50/miconic_p07_hyp-3_50_1,28,6,0
miconic/50/miconic_p07_hyp-3_50_2,28,6,0
miconic/50/miconic_p07_hyp-3_50_3,28,6,0
miconic/50/miconic_p07_hyp-4_50_1,37,6,1
miconic/50/miconic_p07_hyp-4_50_2,37,6,1
miconic/50/miconic_p07_hyp-4_50_3,37,6,1
miconic/70/miconic_p01_hyp-1_70_1,12,6,0
miconic/70/miconic_p01_hyp-1_70_2,12,6,0
miconic/70/miconic_p01_hyp-1_70_3,12,6,0
miconic/70/miconic_p01_hyp-2_70_1,12,6,1
miconic/70/miconic_p01_hyp-2_70_2,12,6,1
miconic/70/miconic_p01_hyp-2_70_3,12,6,1
miconic/70/miconic_p01_hyp-3_70_1,12,6,2
miconic/70/miconic_p01_hyp-3_70_2,12,6,2
miconic/70/miconic_p01_hyp-3_70_3,12,6,2
miconic/70/miconic_p01_hyp-4_70_1,12,6,3
miconic/70/miconic_p01_hyp-4_70_2,12,6,3
miconic/70/miconic_p01_hyp-4_70_3,12,6,3
miconic/70/miconic_p02_hyp-1_70_1,13,6,0
miconic/70/miconic_p02_hyp-1_70_2,13,6,0
miconic/70/miconic_p02_hyp-1_70_3,13,6,0
miconic/70/miconic_p02_hyp-2_70_1,12,6,1
miconic/70/miconic_p02_hyp-2_70_2,12,6,1
miconic/70/miconic_p02_hyp-2_70_3,12,6,1
miconic/70/miconic_p02_hyp-3_70_1,13,6,2
miconic/70/miconic_p02_hyp-3_70_2,13,6,2
miconic/70/miconic_p02_hyp-3_70_3,13,6,2
miconic/70/miconic_p02_hyp-4_70_1,14,6,3
miconic/70/miconic_p02_hyp-4_70_2,14,6,3
miconic/70/miconic_p02_hyp-4_70_3,14,6,3
miconic/70/miconic_p03_hyp-1_70_1,11,6,0
miconic/70/miconic_p03_hyp-1_70_2,11,6,0
miconic/70/miconic_p03_hyp-1_70_3,11,6,0
miconic/70/miconic_p03_hyp-2_70_1,11,6,1
miconic/70/miconic_p03_hyp-2_70_2,11,6,1
miconic/70/miconic_p03_hyp-2_70_3,11,6,1
miconic/70/miconic_p03_hyp-3_70_1,11,6,2
miconic/70/miconic_p03_hyp-3_70_2,11,6,2
miconic/70/miconic_p03_hyp-3_70_3,11,6,2
miconic/70/miconic_p03_hyp-4_70_1,10,6,3
miconic/70/miconic_p03_hyp-4_70_2,10,6,3
miconic/70/miconic_p03_hyp-4_70_3,10,6,3
miconic/70/miconic_p04_hyp-1_70_1,18,6,0
miconic/70/miconic_p04_hyp-1_70_2,18,6,0
miconic/70/miconic_p04_hyp-1_70_3,18,6,0
miconic/70/miconic_p04_hyp-2_70_1,18,6,1
miconic/70/miconic_p04_hyp-2_70_2,18,6,1
miconic/70/miconic_p04_hyp-2_70_3,18,6,1
miconic/70/miconic_p04_hyp-3_70_1,18,6,2
miconic/70/miconic_p04_hyp-3_70_2,18,6,2
miconic/70/miconic_p04_hyp-3_70_3,18,6,2
miconic/70/miconic_p04_hyp-4_70_1,18,6,3
miconic/70/miconic_p04_hyp-4_70_2,18,6,3
miconic/70/miconic_p04_hyp-4_70_3,18,6,3
miconic/70/miconic_p05_hyp-1_70_1,37,6,0
miconic/70/miconic_p05_hyp-1_70_2,37,6,0
miconic/70/miconic_p05_hyp-1_70_3,37,6,0
miconic/70/miconic_p05_hyp-2_70_1,45,6,2
miconic/70/miconic_p05_hyp-2_70_2,45,6,2
miconic/70/miconic_p05_hyp-2_70_3,45,6,2
miconic/70/miconic_p05_hyp-3_70_1,39,6,3
miconic/70/miconic_p05_hyp-3_70_2,39,6,3
miconic/70/miconic_p05_hyp-3_70_3,39,6,3
miconic/70/miconic_p05_hyp-4_70_1,46,6,1
miconic/70/miconic_p05_hyp-4_70_2,46,6,1
miconic/70/miconic_p05_hyp-4_70_3,46,6,1
miconic/70/miconic_p06_hyp-1_70_1,39,6,1
miconic/70/miconic_p06_hyp-1_70_2,39,6,1
miconic/70/miconic_p06_hyp-1_70_3,39,6,1
miconic/70/miconic_p06_hyp-2_70_1,42,6,4
miconic/70/miconic_p06_hyp-2_70_2,42,6,4
miconic/70/miconic_p06_hyp-2_70_3,42,6,4
miconic/70/miconic_p06_hyp-3_70_1,40,6,5
miconic/70/miconic_p06_hyp-3_70_2,40,6,5
miconic/70/miconic_p06_hyp-3_70_3,40,6,5
miconic/70/miconic_p06_hyp-4_70_1,35,6,2
miconic/70/miconic_p06_hyp-4_70_2,35,6,2
miconic/70/miconic_p06_hyp-4_70_3,35,6,2
miconic/70/miconic_p07_hyp-1_70_1,42,6,5
miconic/70/miconic_p07_hyp-1_70_2,42,6,5
miconic/70/miconic_p07_hyp-1_70_3,42,6,5
miconic/70/miconic_p07_hyp-2_70_1,38,6,2
miconic/70/miconic_p07_hyp-2_70_2,38,6,2
miconic/70/miconic_p07_hyp-2_70_3,38,6,2
miconic/70/miconic_p07_hyp-3_70_1,39,6,0
miconic/70/miconic_p07_hyp-3_70_2,39,6,0
miconic/70/miconic_p07_hyp-3_70_3,39,6,0
miconic/70/miconic_p07_hyp-4_70_1,52,6,1
miconic/70/miconic_p07_hyp-4_70_2,52,6,1
miconic/70/miconic_p07_hyp-4_70_3,52,6,1
rovers/10/rovers_p01_hyp-1_10_1,1,6,0
rovers/10/rovers_p01_hyp-1_10_2,1,6,0
rovers/10/rovers_p01_hyp-1_10_3,1,6,0
rovers/10/rovers_p01_hyp-2_10_1,1,6,1
rovers/10/rovers_p01_hyp-2_10_2,1,6,1
rovers/10/rovers_p01_hyp-2_10_3,1,6,1
rovers/10/rovers_p01_hyp-3_10_1,1,6,2
rovers/10/rovers_p01_hyp-3_10_2,1,6,2
rovers/10/rovers_p01_hyp-3_10_3,1,6,2
rovers/10/rovers_p01_hyp-4_10_1,1,6,3
rovers/10/rovers_p01_hyp-4_10_2,1,6,3
rovers/10/rovers_p01_hyp-4_10_3,1,6,3
rovers/10/rovers_p02_hyp-1_10_1,2,6,0
rovers/10/rovers_p02_hyp-1_10_2,2,6,0
rovers/10/rovers_p02_hyp-1_10_3,2,6,0
rovers/10/rovers_p02_hyp-2_10_1,2,6,1
rovers/10/rovers_p02_hyp-2_10_2,2,6,1
rovers/10/rovers_p02_hyp-2_10_3,2,6,1
rovers/10/rovers_p02_hyp-3_10_1,2,6,2
rovers/10/rovers_p02_hyp-3_10_2,2,6,2
rovers/10/rovers_p02_hyp-3_10_3,2,6,2
rovers/10/rovers_p02_hyp-4_10_1,2,6,3
rovers/10/rovers_p02_hyp-4_10_2,2,6,3
rovers/10/rovers_p02_hyp-4_10_3,2,6,3
rovers/10/rovers_p03_hyp-1_10_1,2,6,0
rovers/10/rovers_p03_hyp-1_10_2,2,6,0
rovers/10/rovers_p03_hyp-1_10_3,2,6,0
rovers/10/rovers_p03_hyp-2_10_1,2,6,1
rovers/10/rovers_p03_hyp-2_10_2,2,6,1
rovers/10/rovers_p03_hyp-2_10_3,2,6,1
rovers/10/rovers_p03_hyp-3_10_1,2,6,2
rovers/10/rovers_p03_hyp-3_10_2,2,6,2
rovers/10/rovers_p03_hyp-3_10_3,2,6,2
rovers/10/rovers_p03_hyp-4_10_1,2,6,3
rovers/10/rovers_p03_hyp-4_10_2,2,6,3
rovers/10/rovers_p03_hyp-4_10_3,2,6,3
rovers/10/rovers_p04_hyp-1_10_1,2,6,0
rovers/10/rovers_p04_hyp-1_10_2,2,6,0
rovers/10/rovers_p04_hyp-1_10_3,2,6,0
rovers/10/rovers_p04_hyp-2_10_1,2,6,1
rovers/10/rovers_p04_hyp-2_10_2,2,6,1
rovers/10/rovers_p04_hyp-2_10_3,2,6,1
rovers/10/rovers_p04_hyp-3_10_1,2,6,2
rovers/10/rovers_p04_hyp-3_10_2,2,6,2
rovers/10/rovers_p04_hyp-3_10_3,2,6,2
rovers/10/rovers_p04_hyp-4_10_1,2,6,3
rovers/10/rovers_p04_hyp-4_10_2,2,6,3
rovers/10/rovers_p04_hyp-4_10_3,2,6,3
rovers/10/rovers_p05_hyp-1_10_1,5,6,0
rovers/10/rovers_p05_hyp-1_10_2,5,6,0
rovers/10/rovers_p05_hyp-1_10_3,5,6,0
rovers/10/rovers_p05_hyp-2_10_1,5,6,0
rovers/10/rovers_p05_hyp-2_10_2,5,6,0
rovers/10/rovers_p05_hyp-2_10_3,5,6,0
rovers/10/rovers_p05_hyp-3_10_1,5,6,2
rovers/10/rovers_p05_hyp-3_10_2,5,6,2
rovers/10/rovers_p05_hyp-3_10_3,5,6,2
rovers/10/rovers_p05_hyp-4_10_1,5,6,3
rovers/10/rovers_p05_hyp-4_10_2,5,6,3
rovers/10/rovers_p05_hyp-4_10_3,5,6,3
rovers/10/rovers_p06_hyp-1_10_1,4,6,0
rovers/10/rovers_p06_hyp-1_10_2,4,6,0
rovers/10/rovers_p06_hyp-1_10_3,4,6,0
rovers/10/rovers_p06_hyp-2_10_1,4,6,1
rovers/10/rovers_p06_hyp-2_10_2,4,6,1
rovers/10/rovers_p06_hyp-2_10_3,4,6,1
rovers/10/rovers_p06_hyp-3_10_1,4,6,2
rovers/10/rovers_p06_hyp-3_10_2,4,6,2
rovers/10/rovers_p06_hyp-3_10_3,4,6,2
rovers/10/rovers_p06_hyp-4_10_1,4,6,3
rovers/10/rovers_p06_hyp-4_10_2,4,6,3
rovers/10/rovers_p06_hyp-4_10_3,4,6,3
rovers/10/rovers_p07_hyp-1_10_1,5,6,0
rovers/10/rovers_p07_hyp-1_10_2,5,6,0
rovers/10/rovers_p07_hyp-1_10_3,5,6,0
rovers/10/rovers_p07_hyp-2_10_1,5,6,1
rovers/10/rovers_p07_hyp-2_10_2,5,6,1
rovers/10/rovers_p07_hyp-2_10_3,5,6,1
rovers/10/rovers_p07_hyp-3_10_1,5,6,2
rovers/10/rovers_p07_hyp-3_10_2,5,6,2
rovers/10/rovers_p07_hyp-3_10_3,5,6,2
rovers/10/rovers_p07_hyp-4_10_1,5,6,3
rovers/10/rovers_p07_hyp-4_10_2,5,6,3
rovers/10/rovers_p07_hyp-4_10_3,5,6,3
rovers/100/rovers_p01_hyp-1_full,8,6,0
rovers/100/rovers_p01_hyp-2_full,9,6,1
rovers/100/rovers_p01_hyp-3_full,9,6,2
rovers/100/rovers_p01_hyp-4_full,8,6,3
rovers/100/rovers_p02_hyp-1_full,11,6,0
rovers/100/rovers_p02_hyp-2_full,13,6,1
rovers/100/rovers_p02_hyp-3_full,13,6,2
rovers/100/rovers_p02_hyp-4_full,12,6,3
rovers/100/rovers_p03_hyp-1_full,11,6,0
rovers/100/rovers_p03_hyp-2_full,12,6,1
rovers/100/rovers_p03_hyp-3_full,13,6,2
rovers/100/rovers_p03_hyp-4_full,11,6,3
rovers/100/rovers_p04_hyp-1_full,15,6,0
rovers/100/rovers_p04_hyp-2_full,14,6,1
rovers/100/rovers_p04_hyp-3_full,14,6,2
rovers/100/rovers_p04_hyp-4_full,15,6,3
rovers/100/rovers_p05_hyp-1_full,46,6,0
rovers/100/rovers_p05_hyp-2_full,46,6,0
rovers/100/rovers_p05_hyp-3_full,46,6,2
rovers/100/rovers_p05_hyp-4_full,48,6,3
rovers/100/rovers_p06_hyp-1_full,35,6,0
rovers/100/rovers_p06_hyp-2_full,35,6,1
rovers/100/rovers_p06_hyp-3_full,36,6,2
rovers/100/rovers_p06_hyp-4_full,40,6,3
rovers/100/rovers_p07_hyp-1_full,41,6,0
rovers/100/rovers_p07_hyp-2_full,45,6,1
rovers/100/rovers_p07_hyp-3_full,47,6,2
rovers/100/rovers_p07_hyp-4_full,45,6,3
rovers/30/rovers_p01_hyp-1_30_1,3,6,0
rovers/30/rovers_p01_hyp-1_30_2,3,6,0
rovers/30/rovers_p01_hyp-1_30_3,3,6,0
rovers/30/rovers_p01_hyp-2_30_1,3,6,1
rovers/30/rovers_p01_hyp-2_30_2,3,6,1
rovers/30/rovers_p01_hyp-2_30_3,3,6,1
rovers/30/rovers_p01_hyp-3_30_1,3,6,2
rovers/30/rovers_p01_hyp-3_30_2,3,6,2
rovers/30/rovers_p01_hyp-3_30_3,3,6,2
rovers/30/rovers_p01_hyp-4_30_1,3,6,3
rovers/30/rovers_p01_hyp-4_30_2,3,6,3
rovers/30/rovers_p01_hyp-4_30_3,3,6,3
rovers/30/rovers_p02_hyp-1_30_1,4,6,0
rovers/30/rovers_p02_hyp-1_30_2,4,6,0
rovers/30/rovers_p02_hyp-1_30_3,4,6,0
rovers/30/rovers_p02_hyp-2_30_1,4,6,1
rovers/30/rovers_p02_hyp-2_30_2,4,6,1
rovers/30/rovers_p02_hyp-2_30_3,4,6,1
rovers/30/rovers_p02_hyp-3_30_1,4,6,2
rovers/30/rovers_p02_hyp-3_30_2,4,6,2
rovers/30/rovers_p02_hyp-3_30_3,4,6,2
rovers/30/rovers_p02_hyp-4_30_1,4,6,3
rovers/30/rovers_p02_hyp-4_30_2,4,6,3
rovers/30/rovers_p02_hyp-4_30_3,4,6,3
rovers/30/rovers_p03_hyp-1_30_1,4,6,0
rovers/30/rovers_p03_hyp-1_30_2,4,6,0
rovers/30/rovers_p03_hyp-1_30_3,4,6,0
rovers/30/rovers_p03_hyp-2_30_1,4,6,1
rovers/30/rovers_p03_hyp-2_30_2,4,6,1
rovers/30/rovers_p03_hyp-2_30_3,4,6,1
rovers/30/rovers_p03_hyp-3_30_1,4,6,2
rovers/30/rovers_p03_hyp-3_30_2,4,6,2
rovers/30/rovers_p03_hyp-3_30_3,4,6,2
rovers/30/rovers_p03_hyp-4_30_1,4,6,3
rovers/30/rovers_p03_hyp-4_30_2,4,6,3
rovers/30/rovers_p03_hyp-4_30_3,4,6,3
rovers/30/rovers_p04_hyp-1_30_1,5,6,0
rovers/30/rovers_p04_hyp-1_30_2,5,6,0
rovers/30/rovers_p04_hyp-1_30_3,5,6,0
rovers/30/rovers_p04_hyp-2_30_1,5,6,1
rovers/30/rovers_p04_hyp-2_30_2,5,6,1
rovers/30/rovers_p04_hyp-2_30_3,5,6,1
rovers/30/rovers_p04_hyp-3_30_1,5,6,2
rovers/30/rovers_p04_hyp-3_30_2,5,6,2
rovers/30/rovers_p04_hyp-3_30_3,5,6,2
rovers/30/rovers_p04_hyp-4_30_1,5,6,3
rovers/30/rovers_p04_hyp-4_30_2,5,6,3
rovers/30/rovers_p04_hyp-4_30_3,5,6,3
rovers/30/rovers_p05_hyp-1_30_1,14,6,0
rovers/30/rovers_p05_hyp-1_30_2,14,6,0
rovers/30/rovers_p05_hyp-1_30_3,14,6,0
rovers/30/rovers_p05_hyp-2_30_1,14,6,0
rovers/30/rovers_p05_hyp-2_30_2,14,6,0
rovers/30/rovers_p05_hyp-2_30_3,14,6,0
rovers/30/rovers_p05_hyp-3_30_1,14,6,2
rovers/30/rovers_p05_hyp-3_30_2,14,6,2
rovers/30/rovers_p05_hyp-3_30_3,14,6,2
rovers/30/rovers_p05_hyp-4_30_1,15,6,3
rovers/30/rovers_p05_hyp-4_30_2,15,6,3
rovers/30/rovers_p05_hyp-4_30_3,15,6,3
rovers/30/rovers_p06_hyp-1_30_1,11,6,0
rovers/30/rovers_p06_hyp-1_30_2,11,6,0
rovers/30/rovers_p06_hyp-1_30_3,11,6,0
rovers/30/rovers_p06_hyp-2_30_1,11,6,1
rovers/30/rovers_p06_hyp-2_30_2,11,6,1
rovers/30/rovers_p06_hyp-2_30_3,11,6,1
rovers/30/rovers_p06_hyp-3_30_1,11,6,2
rovers/30/rovers_p06_hyp-3_30_2,11,6,2
rovers/30/rovers_p06_hyp-3_30_3,11,6,2
rovers/30/rovers_p06_hyp-4_30_1,12,6,3
rovers/30/rovers_p06_hyp-4_30_2,12,6,3
rovers/30/rovers_p06_hyp-4_30_3,12,6,3
rovers/30/rovers_p07_hyp-1_30_1,13,6,0
rovers/30/rovers_p07_hyp-1_30_2,13,6,0
rovers/30/rovers_p07_hyp-1_30_3,13,6,0
rovers/30/rovers_p07_hyp-2_30_1,14,6,1
rovers/30/rovers_p07_hyp-2_30_2,14,6,1
rovers/30/rovers_p07_hyp-2_30_3,14,6,1
rovers/30/rovers_p07_hyp-3_30_1,15,6,2
rovers/30/rovers_p07_hyp-3_30_2,15,6,2
rovers/30/rovers_p07_hyp-3_30_3,15,6,2
rovers/30/rovers_p07_hyp-4_30_1,14,6,3
rovers/30/rovers_p07_hyp-4_30_2,14,6,3
rovers/30/rovers_p07_hyp-4_30_3,14,6,3
rovers/50/rovers_p01_hyp-1_50_1,4,6,0
rovers/50/rovers_p01_hyp-1_50_2,4,6,0
rovers/50/rovers_p01_hyp-1_50_3,4,6,0
rovers/50/rovers_p01_hyp-2_50_1,5,6,1
rovers/50/rovers_p01_hyp-2_50_2,5,6,1
rovers/50/rovers_p01_hyp-2_50_3,5,6,1
rovers/50/rovers_p01_hyp-3_50_1,5,6,2
rovers/50/rovers_p01_hyp-3_50_2,5,6,2
rovers/50/rovers_p01_hyp-3_50_3,5,6,2
rovers/50/rovers_p01_hyp-4_50_1,4,6,3
rovers/50/rovers_p01_hyp-4_50_2,4,6,3
rovers/50/rovers_p01_hyp-4_50_3,4,6,3
rovers/50/rovers_p02_hyp-1_50_1,6,6,0
rovers/50/rovers_p02_hyp-1_50_2,6,6,0
rovers/50/rovers_p02_hyp-1_50_3,6,6,0
rovers/50/rovers_p02_hyp-2_50_1,7,6,1
rovers/50/rovers_p02_hyp-2_50_2,7,6,1
rovers/50/rovers_p02_hyp-2_50_3,7,6,1
rovers/50/rovers_p02_hyp-3_50_1,7,6,2
rovers/50/rovers_p02_hyp-3_50_2,7,6,2
rovers/50/rovers_p02_hyp-3_50_3,7,6,2
rovers/50/rovers_p02_hyp-4_50_1,6,6,3
rovers/50/rovers_p02_hyp-4_50_2,6,6,3
rovers/50/rovers_p02_hyp-4_50_3,6,6,3
rovers/50/rovers_p03_hyp-1_50_1,6,6,0
rovers/50/rovers_p03_hyp-1_50_2,6,6,0
rovers/50/rovers_p03_hyp-1_50_3,6,6,0
rovers/50/rovers_p03_hyp-2_50_1,6,6,1
rovers/50/rovers_p03_hyp-2_50_2,6,6,1
rovers/50/rovers_p03_hyp-2_50_3,6,6,1
rovers/50/rovers_p03_hyp-3_50_1,7,6,2
rovers/50/rovers_p03_hyp-3_50_2,7,6,2
rovers/50/rovers_p03_hyp-3_50_3,7,6,2
rovers/50/rovers_p03_hyp-4_50_1,6,6,3
rovers/50/rovers_p03_hyp-4_50_2,6,6,3
rovers/50/rovers_p03_hyp-4_50_3,6,6,3
rovers/50/rovers_p04_hyp-1_50_1,8,6,0
rovers/50/rovers_p04_hyp-1_50_2,8,6,0
rovers/50/rovers_p04_hyp-1_50_3,8,6,0
rovers/50/rovers_p04_hyp-2_50_1,7,6,1
rovers/50/rovers_p04_hyp-2_50_2,7,6,1
rovers/50/rovers_p04_hyp-2_50_3,7,6,1
rovers/50/rovers_p04_hyp-3_50_1,7,6,2
rovers/50/rovers_p04_hyp-3_50_2,7,6,2
rovers/50/rovers_p04_hyp-3_50_3,7,6,2
rovers/50/rovers_p04_hyp-4_50_1,8,6,3
rovers/50/rovers_p04_hyp-4_50_2,8,6,3
rovers/50/rovers_p04_hyp-4_50_3,8,6,3
rovers/50/rovers_p05_hyp-1_50_1,23,6,0
rovers/50/rovers_p05_hyp-1_50_2,23,6,0
rovers/50/rovers_p05_hyp-1_50_3,23,6,0
rovers/50/rovers_p05_hyp-2_50_1,23,6,0
rovers/50/rovers_p05_hyp-2_50_2,23,6,0
rovers/50/rovers_p05_hyp-2_50_3,23,6,0
rovers/50/rovers_p05_hyp-3_50_1,23,6,2
rovers/50/rovers_p05_hyp-3_50_2,23,6,2
rovers/50/rovers_p05_hyp-3_50_3,23,6,2
rovers/50/rovers_p05_hyp-4_50_1,24,6,3
rovers/50/rovers_p05_hyp-4_50_2,24,6,3
rovers/50/rovers_p05_hyp-4_50_3,24,6,3
rovers/50/rovers_p06_hyp-1_50_1,18,6,0
rovers/50/rovers_p06_hyp-1_50_2,18,6,0
rovers/50/rovers_p06_hyp-1_50_3,18,6,0
rovers/50/rovers_p06_hyp-2_50_1,18,6,1
rovers/50/rovers_p06_hyp-2_50_2,18,6,1
rovers/50/rovers_p06_hyp-2_50_3,18,6,1
rovers/50/rovers_p06_hyp-3_50_1,18,6,2
rovers/50/rovers_p06_hyp-3_50_2,18,6,2
rovers/50/rovers_p06_hyp-3_50_3,18,6,2
rovers/50/rovers_p06_hyp-4_50_1,20,6,3
rovers/50/rovers_p06_hyp-4_50_2,20,6,3
rovers/50/rovers_p06_hyp-4_50_3,20,6,3
rovers/50/rovers_p07_hyp-1_50_1,21,6,0
rovers/50/rovers_p07_hyp-1_50_2,21,6,0
rovers/50/rovers_p07_hyp-1_50_3,21,6,0
rovers/50/rovers_p07_hyp-2_50_1,23,6,1
rovers/50/rovers_p07_hyp-2_50_2,23,6,1
rovers/50/rovers_p07_hyp-2_50_3,23,6,1
rovers/50/rovers_p07_hyp-3_50_1,24,6,2
rovers/50/rovers_p07_hyp-3_50_2,24,6,2
rovers/50/rovers_p07_hyp-3_50_3,24,6,2
rovers/50/rovers_p07_hyp-4_50_1,23,6,3
rovers/50/rovers_p07_hyp-4_50_2,23,6,3
rovers/50/rovers_p07_hyp-4_50_3,23,6,3
rovers/70/rovers_p01_hyp-1_70_1,6,6,0
rovers/70/rovers_p01_hyp-1_70_2,6,6,0
rovers/70/rovers_p01_hyp-1_70_3,6,6,0
rovers/70/rovers_p01_hyp-2_70_1,7,6,1
rovers/70/rovers_p01_hyp-2_70_2,7,6,1
rovers/70/rovers_p01_hyp-2_70_3,7,6,1
rovers/70/rovers_p01_hyp-3_70_1,7,6,2
rovers/70/rovers_p01_hyp-3_70_2,7,6,2
rovers/70/rovers_p01_hyp-3_70_3,7,6,2
rovers/70/rovers_p01_hyp-4_70_1,6,6,3
rovers/70/rovers_p01_hyp-4_70_2,6,6,3
rovers/70/rovers_p01_hyp-4_70_3,6,6,3
rovers/70/rovers_p02_hyp-1_70_1,8,6,0
rovers/70/rovers_p02_hyp-1_70_2,8,6,0
rovers/70/rovers_p02_hyp-1_70_3,8,6,0
rovers/70/rovers_p02_hyp-2_70_1,10,6,1
rovers/70/rovers_p02_hyp-2_70_2,10,6,1
rovers/70/rovers_p02_hyp-2_70_3,10,6,1
rovers/70/rovers_p02_hyp-3_70_1,10,6,2
rovers/70/rovers_p02_hyp-3_70_2,10,6,2
rovers/70/rovers_p02_hyp-3_70_3,10,6,2
rovers/70/rovers_p02_hyp-4_70_1,9,6,3
rovers/70/rovers_p02_hyp-4_70_2,9,6,3
rovers/70/rovers_p02_hyp-4_70_3,9,6,3
rovers/70/rovers_p03_hyp-1_70_1,8,6,0
rovers/70/rovers_p03_hyp-1_70_2,8,6,0
rovers/70/rovers_p03_hyp-1_70_3,8,6,0
rovers/70/rovers_p03_hyp-2_70_1,9,6,1
rovers/70/rovers_p03_hyp-2_70_2,9,6,1
rovers/70/rovers_p03_hyp-2_70_3,9,6,1
rovers/70/rovers_p03_hyp-3_70_1,10,6,2
rovers/70/rovers_p03_hyp-3_70_2,10,6,2
rovers/70/rovers_p03_hyp-3_70_3,10,6,2
rovers/70/rovers_p03_hyp-4_70_1,8,6,3
rovers/70/rovers_p03_hyp-4_70_2,8,6,3
rovers/70/rovers_p03_hyp-4_70_3,8,6,3
rovers/70/rovers_p04_hyp-1_70_1,11,6,0
rovers/70/rovers_p04_hyp-1_70_2,11,6,0
rovers/70/rovers_p04_hyp-1_70_3,11,6,0
rovers/70/rovers_p04_hyp-2_70_1,10,6,1
rovers/70/rovers_p04_hyp-2_70_2,10,6,1
rovers/70/rovers_p04_hyp-2_70_3,10,6,1
rovers/70/rovers_p04_hyp-3_70_1,10,6,2
rovers/70/rovers_p04_hyp-3_70_2,10,6,2
rovers/70/rovers_p04_hyp-3_70_3,10,6,2
rovers/70/rovers_p04_hyp-4_70_1,11,6,3
rovers/70/rovers_p04_hyp-4_70_2,11,6,3
rovers/70/rovers_p04_hyp-4_70_3,11,6,3
rovers/70/rovers_p05_hyp-1_70_1,33,6,0
rovers/70/rovers_p05_hyp-1_70_2,33,6,0
rovers/70/rovers_p05_hyp-1_70_3,33,6,0
rovers/70/rovers_p05_hyp-2_70_1,33,6,0
rovers/70/rovers_p05_hyp-2_70_2,33,6,0
rovers/70/rovers_p05_hyp-2_70_3,33,6,0
rovers/70/rovers_p05_hyp-3_70_1,33,6,2
rovers/70/rovers_p05_hyp-3_70_2,33,6,2
rovers/70/rovers_p05_hyp-3_70_3,33,6,2
rovers/70/rovers_p05_hyp-4_70_1,34,6,3
rovers/70/rovers_p05_hyp-4_70_2,34,6,3
rovers/70/rovers_p05_hyp-4_70_3,34,6,3
rovers/70/rovers_p06_hyp-1_70_1,25,6,0
rovers/70/rovers_p06_hyp-1_70_2,25,6,0
rovers/70/rovers_p06_hyp-1_70_3,25,6,0
rovers/70/rovers_p06_hyp-2_70_1,25,6,1
rovers/70/rovers_p06_hyp-2_70_2,25,6,1
rovers/70/rovers_p06_hyp-2_70_3,25,6,1
rovers/70/rovers_p06_hyp-3_70_1,26,6,2
rovers/70/rovers_p06_hyp-3_70_2,26,6,2
rovers/70/rovers_p06_hyp-3_70_3,26,6,2
rovers/70/rovers_p06_hyp-4_70_1,28,6,3
rovers/70/rovers_p06_hyp-4_70_2,28,6,3
rovers/70/rovers_p06_hyp-4_70_3,28,6,3
rovers/70/rovers_p07_hyp-1_70_1,29,6,0
rovers/70/rovers_p07_hyp-1_70_2,29,6,0
rovers/70/rovers_p07_hyp-1_70_3,29,6,0
rovers/70/rovers_p07_hyp-2_70_1,32,6,1
rovers/70/rovers_p07_hyp-2_70_2,32,6,1
rovers/70/rovers_p07_hyp-2_70_3,32,6,1
rovers/70/rovers_p07_hyp-3_70_1,33,6,2
rovers/70/rovers_p07_hyp-3_70_2,33,6,2
rovers/70/rovers_p07_hyp-3_70_3,33,6,2
rovers/70/rovers_p07_hyp-4_70_1,32,6,3
rovers/70/rovers_p07_hyp-4_70_2,32,6,3
rovers/70/rovers_p07_hyp-4_70_3,32,6,3
satellite/10/satellite_p01_hyp-1_10_1,1,6,0
satellite/10/satellite_p01_hyp-1_10_2,1,6,0
satellite/10/satellite_p01_hyp-1_10_3,1,6,0
satellite/10/satellite_p01_hyp-2_10_1,1,6,1
satellite/10/satellite_p01_hyp-2_10_2,1,6,1
satellite/10/satellite_p01_hyp-2_10_3,1,6,1
satellite/10/satellite_p01_hyp-3_10_1,1,6,2
satellite/10/satellite_p01_hyp-3_10_2,1,6,2
satellite/10/satellite_p01_hyp-3_10_3,1,6,2
satellite/10/satellite_p01_hyp-4_10_1,2,6,3
satellite/10/satellite_p01_hyp-4_10_2,2,6,3
satellite/10/satellite_p01_hyp-4_10_3,2,6,3
satellite/10/satellite_p02_hyp-1_10_1,2,6,0
satellite/10/satellite_p02_hyp-1_10_2,2,6,0
satellite/10/satellite_p02_hyp-1_10_3,2,6,0
satellite/10/satellite_p02_hyp-2_10_1,2,6,1
satellite/10/satellite_p02_hyp-2_10_2,2,6,1
satellite/10/satellite_p02_hyp-2_10_3,2,6,1
satellite/10/satellite_p02_hyp-3_10_1,2,6,2
satellite/10/satellite_p02_hyp-3_10_2,2,6,2
satellite/10/satellite_p02_hyp-3_10_3,2,6,2
satellite/10/satellite_p02_hyp-4_10_1,2,6,3
satellite/10/satellite_p02_hyp-4_10_2,2,6,3
satellite/10/satellite_p02_hyp-4_10_3,2,6,3
satellite/10/satellite_p03_hyp-1_10_1,1,6,0
satellite/10/satellite_p03_hyp-1_10_2,1,6,0
satellite/10/satellite_p03_hyp-1_10_3,1,6,0
satellite/10/satellite_p03_hyp-2_10_1,1,6,1
satellite/10/satellite_p03_hyp-2_10_2,1,6,1
satellite/10/satellite_p03_hyp-2_10_3,1,6,1
satellite/10/satellite_p03_hyp-3_10_1,1,6,2
satellite/10/satellite_p03_hyp-3_10_2,1,6,2
satellite/10/satellite_p03_hyp-3_10_3,1,6,2
satellite/10/satellite_p03_hyp-4_10_1,1,6,3
satellite/10/satellite_p03_hyp-4_10_2,1,6,3
satellite/10/satellite_p03_hyp-4_10_3,1,6,3
satellite/10/satellite_p04_hyp-1_10_1,2,6,0
satellite/10/satellite_p04_hyp-1_10_2,2,6,0
satellite/10/satellite_p04_hyp-1_10_3,2,6,0
satellite/10/satellite_p04_hyp-2_10_1,2,6,1
satellite/10/satellite_p04_hyp-2_10_2,2,6,1
satellite/10/satellite_p04_hyp-2_10_3,2,6,1
satellite/10/satellite_p04_hyp-3_10_1,2,6,2
satellite/10/satellite_p04_hyp-3_10_2,2,6,2
satellite/10/satellite_p04_hyp-3_10_3,2,6,2
satellite/10/satellite_p04_hyp-4_10_1,2,6,3
satellite/10/satellite_p04_hyp-4_10_2,2,6,3
satellite/10/satellite_p04_hyp-4_10_3,2,6,3
satellite/10/satellite_p05_hyp-1_10_1,3,8,0
satellite/10/satellite_p05_hyp-1_10_2,3,8,0
satellite/10/satellite_p05_hyp-1_10_3,3,8,0
satellite/10/satellite_p05_hyp-2_10_1,3,8,2
satellite/10/satellite_p05_hyp-2_10_2,3,8,2
satellite/10/satellite_p05_hyp-2_10_3,3,8,2
satellite/10/satellite_p05_hyp-3_10_1,3,8,4
satellite/10/satellite_p05_hyp-3_10_2,3,8,4
satellite/10/satellite_p05_hyp-3_10_3,3,8,4
satellite/10/satellite_p05_hyp-4_10_1,3,8,6
satellite/10/satellite_p05_hyp-4_10_2,3,8,6
satellite/10/satellite_p05_hyp-4_10_3,3,8,6
satellite/10/satellite_p06_hyp-1_10_1,3,7,0
satellite/10/satellite_p06_hyp-1_10_2,3,7,0
satellite/10/satellite_p06_hyp-1_10_3,3,7,0
satellite/10/satellite_p06_hyp-2_10_1,2,7,2
satellite/10/satellite_p06_hyp-2_10_2,2,7,2
satellite/10/satellite_p06_hyp-2_10_3,2,7,2
satellite/10/satellite_p06_hyp-3_10_1,4,7,4
satellite/10/satellite_p06_hyp-3_10_2,4,7,4
satellite/10/satellite_p06_hyp-3_10_3,4,7,4
satellite/10/satellite_p06_hyp-4_10_1,3,7,6
satellite/10/satellite_p06_hyp-4_10_2,3,7,6
satellite/10/satellite_p06_hyp-4_10_3,3,7,6
satellite/10/satellite_p07_hyp-1_10_1,2,6,0
satellite/10/satellite_p07_hyp-1_10_2,2,6,0
satellite/10/satellite_p07_hyp-1_10_3,2,6,0
satellite/10/satellite_p07_hyp-2_10_1,2,6,2
satellite/10/satellite_p07_hyp-2_10_2,2,6,2
satellite/10/satellite_p07_hyp-2_10_3,2,6,2
satellite/10/satellite_p07_hyp-3_10_1,3,6,4
satellite/10/satellite_p07_hyp-3_10_2,3,6,4
satellite/10/satellite_p07_hyp-3_10_3,3,6,4
satellite/10/satellite_p07_hyp-4_10_1,2,6,5
satellite/10/satellite_p07_hyp-4_10_2,2,6,5
satellite/10/satellite_p07_hyp-4_10_3,2,6,5
satellite/100/satellite_p01_hyp-1_full,10,6,0
satellite/100/satellite_p01_hyp-2_full,9,6,1
satellite/100/satellite_p01_hyp-3_full,10,6,2
satellite/100/satellite_p01_hyp-4_full,11,6,3
satellite/100/satellite_p02_hyp-1_full,13,6,0
satellite/100/satellite_p02_hyp-2_full,13,6,1
satellite/100/satellite_p02_hyp-3_full,13,6,2
satellite/100/satellite_p02_hyp-4_full,13,6,3
satellite/100/satellite_p03_hyp-1_full,9,6,0
satellite/100/satellite_p03_hyp-2_full,9,6,1
satellite/100/satellite_p03_hyp-3_full,9,6,2
satellite/100/satellite_p03_hyp-4_full,10,6,3
satellite/100/satellite_p04_hyp-1_full,18,6,0
satellite/100/satellite_p04_hyp-2_full,18,6,1
satellite/100/satellite_p04_hyp-3_full,18,6,2
satellite/100/satellite_p04_hyp-4_full,18,6,3
satellite/100/satellite_p05_hyp-1_full,21,8,0
satellite/100/satellite_p05_hyp-2_full,24,8,2
satellite/100/satellite_p05_hyp-3_full,26,8,4
satellite/100/satellite_p05_hyp-4_full,21,8,6
satellite/100/satellite_p06_hyp-1_full,26,7,0
satellite/100/satellite_p06_hyp-2_full,19,7,2
satellite/100/satellite_p06_hyp-3_full,34,7,4
satellite/100/satellite_p06_hyp-4_full,21,7,6
satellite/100/satellite_p07_hyp-1_full,19,6,0
satellite/100/satellite_p07_hyp-2_full,20,6,2
satellite/100/satellite_p07_hyp-3_full,21,6,4
satellite/100/satellite_p07_hyp-4_full,20,6,5
satellite/30/satellite_p01_hyp-1_30_1,3,6,0
satellite/30/satellite_p01_hyp-1_30_2,3,6,0
satellite/30/satellite_p01_hyp-1_30_3,3,6,0
satellite/30/satellite_p01_hyp-2_30_1,3,6,1
satellite/30/satellite_p01_hyp-2_30_2,3,6,1
satellite/30/satellite_p01_hyp-2_30_3,3,6,1
satellite/30/satellite_p01_hyp-3_30_1,3,6,2
satellite/30/satellite_p01_hyp-3_30_2,3,6,2
satellite/30/satellite_p01_hyp-3_30_3,3,6,2
satellite/30/satellite_p01_hyp-4_30_1,4,6,3
satellite/30/satellite_p01_hyp-4_30_2,4,6,3
satellite/30/satellite_p01_hyp-4_30_3,4,6,3
satellite/30/satellite_p02_hyp-1_30_1,4,6,0
satellite/30/satellite_p02_hyp-1_30_2,4,6,0
satellite/30/satellite_p02_hyp-1_30_3,4,6,0
satellite/30/satellite_p02_hyp-2_30_1,4,6,1
satellite/30/satellite_p02_hyp-2_30_2,4,6,1
satellite/30/satellite_p02_hyp-2_30_3,4,6,1
satellite/30/satellite_p02_hyp-3_30_1,4,6,2
satellite/30/satellite_p02_hyp-3_30_2,4,6,2
satellite/30/satellite_p02_hyp-3_30_3,4,6,2
satellite/30/satellite_p02_hyp-4_30_1,4,6,3
satellite/30/satellite_p02_hyp-4_30_2,4,6,3
satellite/30/satellite_p02_hyp-4_30_3,4,6,3
satellite/30/satellite_p03_hyp-1_30_1,3,6,0
satellite/30/satellite_p03_hyp-1_30_2,3,6,0
satellite/30/satellite_p03_hyp-1_30_3,3,6,0
satellite/30/satellite_p03_hyp-2_30_1,3,6,1
satellite/30/satellite_p03_hyp-2_30_2,3,6,1
satellite/30/satellite_p03_hyp-2_30_3,3,6,1
satellite/30/satellite_p03_hyp-3_30_1,3,6,2
satellite/30/satellite_p03_hyp-3_30_2,3,6,2
satellite/30/satellite_p03_hyp-3_30_3,3,6,2
satellite/30/satellite_p03_hyp-4_30_1,3,6,3
satellite/30/satellite_p03_hyp-4_30_2,3,6,3
satellite/30/satellite_p03_hyp-4_30_3,3,6,3
satellite/30/satellite_p04_hyp-1_30_1,6,6,0
satellite/30/satellite_p04_hyp-1_30_2,6,6,0
satellite/30/satellite_p04_hyp-1_30_3,6,6,0
satellite/30/satellite_p04_hyp-2_30_1,6,6,1
satellite/30/satellite_p04_hyp-2_30_2,6,6,1
satellite/30/satellite_p04_hyp-2_30_3,6,6,1
satellite/30/satellite_p04_hyp-3_30_1,6,6,2
satellite/30/satellite_p04_hyp-3_30_2,6,6,2
satellite/30/satellite_p04_hyp-3_30_3,6,6,2
satellite/30/satellite_p04_hyp-4_30_1,6,6,3
satellite/30/satellite_p04_hyp-4_30_2,6,6,3
satellite/30/satellite_p04_hyp-4_30_3,6,6,3
satellite/30/satellite_p05_hyp-1_30_1,7,8,0
satellite/30/satellite_p05_hyp-1_30_2,7,8,0
satellite/30/satellite_p05_hyp-1_30_3,7,8,0
satellite/30/satellite_p05_hyp-2_30_1,8,8,2
satellite/30/satellite_p05_hyp-2_30_2,8,8,2
satellite/30/satellite_p05_hyp-2_30_3,8,8,2
satellite/30/satellite_p05_hyp-3_30_1,8,8,4
satellite/30/satellite_p05_hyp-3_30_2,8,8,4
satellite/30/satellite_p05_hyp-3_30_3,8,8,4
satellite/30/satellite_p05_hyp-4_30_1,7,8,6
satellite/30/satellite_p05_hyp-4_30_2,7,8,6
satellite/30/satellite_p05_hyp-4_30_3,7,8,6
satellite/30/satellite_p06_hyp-1_30_1,8,7,0
satellite/30/satellite_p06_hyp-1_30_2,8,7,0
satellite/30/satellite_p06_hyp-1_30_3,8,7,0
satellite/30/satellite_p06_hyp-2_30_1,6,7,2
satellite/30/satellite_p06_hyp-2_30_2,6,7,2
satellite/30/satellite_p06_hyp-2_30_3,6,7,2
satellite/30/satellite_p06_hyp-3_30_1,11,7,4
satellite/30/satellite_p06_hyp-3_30_2,11,7,4
satellite/30/satellite_p06_hyp-3_30_3,11,7,4
satellite/30/satellite_p06_hyp-4_30_1,7,7,6
satellite/30/satellite_p06_hyp-4_30_2,7,7,6
satellite/30/satellite_p06_hyp-4_30_3,7,7,6
satellite/30/satellite_p07_hyp-1_30_1,6,6,0
satellite/30/satellite_p07_hyp-1_30_2,6,6,0
satellite/30/satellite_p07_hyp-1_30_3,6,6,0
satellite/30/satellite_p07_hyp-2_30_1,6,6,2
satellite/30/satellite_p07_hyp-2_30_2,6,6,2
satellite/30/satellite_p07_hyp-2_30_3,6,6,2
satellite/30/satellite_p07_hyp-3_30_1,7,6,4
satellite/30/satellite_p07_hyp-3_30_2,7,6,4
satellite/30/satellite_p07_hyp-3_30_3,7,6,4
satellite/30/satellite_p07_hyp-4_30_1,6,6,5
satellite/30/satellite_p07_hyp-4_30_2,6,6,5
satellite/30/satellite_p07_hyp-4_30_3,6,6,5
satellite/50/satellite_p01_hyp-1_50_1,5,6,0
satellite/50/satellite_p01_hyp-1_50_2,5,6,0
satellite/50/satellite_p01_hyp-1_50_3,5,6,0
satellite/50/satellite_p01_hyp-2_50_1,5,6,1
satellite/50/satellite_p01_hyp-2_50_2,5,6,1
satellite/50/satellite_p01_hyp-2_50_3,5,6,1
satellite/50/satellite_p01_hyp-3_50_1,5,6,2
satellite/50/satellite_p01_hyp-3_50_2,5,6,2
satellite/50/satellite_p01_hyp-3_50_3,5,6,2
satellite/50/satellite_p01_hyp-4_50_1,6,6,3
satellite/50/satellite_p01_hyp-4_50_2,6,6,3
satellite/50/satellite_p01_hyp-4_50_3,6,6,3
satellite/50/satellite_p02_hyp-1_50_1,7,6,0
satellite/50/satellite_p02_hyp-1_50_2,7,6,0
satellite/50/satellite_p02_hyp-1_50_3,7,6,0
satellite/50/satellite_p02_hyp-2_50_1,7,6,1
satellite/50/satellite_p02_hyp-2_50_2,7,6,1
satellite/50/satellite_p02_hyp-2_50_3,7,6,1
satellite/50/satellite_p02_hyp-3_50_1,7,6,2
satellite/50/satellite_p02_hyp-3_50_2,7,6,2
satellite/50/satellite_p02_hyp-3_50_3,7,6,2
satellite/50/satellite_p02_hyp-4_50_1,7,6,3
satellite/50/satellite_p02_hyp-4_50_2,7,6,3
satellite/50/satellite_p02_hyp-4_50_3,7,6,3
satellite/50/satellite_p03_hyp-1_50_1,5,6,0
satellite/50/satellite_p03_hyp-1_50_2,5,6,0
satellite/50/satellite_p03_hyp-1_50_3,5,6,0
satellite/50/satellite_p03_hyp-2_50_1,5,6,1
satellite/50/satellite_p03_hyp-2_50_2,5,6,1
satellite/50/satellite_p03_hyp-2_50_3,5,6,1
satellite/50/satellite_p03_hyp-3_50_1,5,6,2
satellite/50/satellite_p03_hyp-3_50_2,5,6,2
satellite/50/satellite_p03_hyp-3_50_3,5,6,2
satellite/50/satellite_p03_hyp-4_50_1,5,6,3
satellite/50/satellite_p03_hyp-4_50_2,5,6,3
satellite/50/satellite_p03_hyp-4_50_3,5,6,3
satellite/50/satellite_p04_hyp-1_50_1,9,6,0
satellite/50/satellite_p04_hyp-1_50_2,9,6,0
satellite/50/satellite_p04_hyp-1_50_3,9,6,0
satellite/50/satellite_p04_hyp-2_50_1,9,6,1
satellite/50/satellite_p04_hyp-2_50_2,9,6,1
satellite/50/satellite_p04_hyp-2_50_3,9,6,1
satellite/50/satellite_p04_hyp-3_50_1,9,6,2
satellite/50/satellite_p04_hyp-3_50_2,9,6,2
satellite/50/satellite_p04_hyp-3_50_3,9,6,2
satellite/50/satellite_p04_hyp-4_50_1,9,6,3
satellite/50/satellite_p04_hyp-4_50_2,9,6,3
satellite/50/satellite_p04_hyp-4_50_3,9,6,3
satellite/50/satellite_p05_hyp-1_50_1,11,8,0
satellite/50/satellite_p05_hyp-1_50_2,11,8,0
satellite/50/satellite_p05_hyp-1_50_3,11,8,0
satellite/50/satellite_p05_hyp-2_50_1,12,8,2
satellite/50/satellite_p05_hyp-2_50_2,12,8,2
satellite/50/satellite_p05_hyp-2_50_3,12,8,2
satellite/50/satellite_p05_hyp-3_50_1,13,8,4
satellite/50/satellite_p05_hyp-3_50_2,13,8,4
satellite/50/satellite_p05_hyp-3_50_3,13,8,4
satellite/50/satellite_p05_hyp-4_50_1,11,8,6
satellite/50/satellite_p05_hyp-4_50_2,11,8,6
satellite/50/satellite_p05_hyp-4_50_3,11,8,6
satellite/50/satellite_p06_hyp-1_50_1,13,7,0
satellite/50/satellite_p06_hyp-1_50_2,13,7,0
satellite/50/satellite_p06_hyp-1_50_3,13,7,0
satellite/50/satellite_p06_hyp-2_50_1,10,7,2
satellite/50/satellite_p06_hyp-2_50_2,10,7,2
satellite/50/satellite_p06_hyp-2_50_3,10,7,2
satellite/50/satellite_p06_hyp-3_50_1,17,7,4
satellite/50/satellite_p06_hyp-3_50_2,17,7,4
satellite/50/satellite_p06_hyp-3_50_3,17,7,4
satellite/50/satellite_p06_hyp-4_50_1,11,7,6
satellite/50/satellite_p06_hyp-4_50_2,11,7,6
satellite/50/satellite_p06_hyp-4_50_3,11,7,6
satellite/50/satellite_p07_hyp-1_50_1,10,6,0
satellite/50/satellite_p07_hyp-1_50_2,10,6,0
satellite/50/satellite_p07_hyp-1_50_3,10,6,0
satellite/50/satellite_p07_hyp-2_50_1,10,6,2
satellite/50/satellite_p07_hyp-2_50_2,10,6,2
satellite/50/satellite_p07_hyp-2_50_3,10,6,2
satellite/50/satellite_p07_hyp-3_50_1,11,6,4
satellite/50/satellite_p07_hyp-3_50_2,11,6,4
satellite/50/satellite_p07_hyp-3_50_3,11,6,4
satellite/50/satellite_p07_hyp-4_50_1,10,6,5
satellite/50/satellite_p07_hyp-4_50_2,10,6,5
satellite/50/satellite_p07_hyp-4_50_3,10,6,5
satellite/70/satellite_p01_hyp-1_70_1,7,6,0
satellite/70/satellite_p01_hyp-1_70_2,7,6,0
satellite/70/satellite_p01_hyp-1_70_3,7,6,0
satellite/70/satellite_p01_hyp-2_70_1,7,6,1
satellite/70/satellite_p01_hyp-2_70_2,7,6,1
satellite/70/satellite_p01_hyp-2_70_3,7,6,1
satellite/70/satellite_p01_hyp-3_70_1,7,6,2
satellite/70/satellite_p01_hyp-3_70_2,7,6,2
satellite/70/satellite_p01_hyp-3_70_3,7,6,2
satellite/70/satellite_p01_hyp-4_70_1,8,6,3
satellite/70/satellite_p01_hyp-4_70_2,8,6,3
satellite/70/satellite_p01_hyp-4_70_3,8,6,3
satellite/70/satellite_p02_hyp-1_70_1,10,6,0
satellite/70/satellite_p02_hyp-1_70_2,10,6,0
satellite/70/satellite_p02_hyp-1_70_3,10,6,0
satellite/70/satellite_p02_hyp-2_70_1,10,6,1
satellite/70/satellite_p02_hyp-2_70_2,10,6,1
satellite/70/satellite_p02_hyp-2_70_3,10,6,1
satellite/70/satellite_p02_hyp-3_70_1,10,6,2
satellite/70/satellite_p02_hyp-3_70_2,10,6,2
satellite/70/satellite_p02_hyp-3_70_3,10,6,2
satellite/70/satellite_p02_hyp-4_70_1,10,6,3
satellite/70/satellite_p02_hyp-4_70_2,10,6,3
satellite/70/satellite_p02_hyp-4_70_3,10,6,3
satellite/70/satellite_p03_hyp-1_70_1,7,6,0
satellite/70/satellite_p03_hyp-1_70_2,7,6,0
satellite/70/satellite_p03_hyp-1_70_3,7,6,0
satellite/70/satellite_p03_hyp-2_70_1,7,6,1
satellite/70/satellite_p03_hyp-2_70_2,7,6,1
satellite/70/satellite_p03_hyp-2_70_3,7,6,1
satellite/70/satellite_p03_hyp-3_70_1,7,6,2
satellite/70/satellite_p03_hyp-3_70_2,7,6,2
satellite/70/satellite_p03_hyp-3_70_3,7,6,2
satellite/70/satellite_p03_hyp-4_70_1,7,6,3
satellite/70/satellite_p03_hyp-4_70_2,7,6,3
satellite/70/satellite_p03_hyp-4_70_3,7,6,3
satellite/70/satellite_p04_hyp-1_70_1,13,6,0
satellite/70/satellite_p04_hyp-1_70_2,13,6,0
satellite/70/satellite_p04_hyp-1_70_3,13,6,0
satellite/70/satellite_p04_hyp-2_70_1,13,6,1
satellite/70/satellite_p04_hyp-2_70_2,13,6,1
satellite/70/satellite_p04_hyp-2_70_3,13,6,1
satellite/70/satellite_p04_hyp-3_70_1,13,6,2
satellite/70/satellite_p04_hyp-3_70_2,13,6,2
satellite/70/satellite_p04_hyp-3_70_3,13,6,2
satellite/70/satellite_p04_hyp-4_70_1,13,6,3
satellite/70/satellite_p04_hyp-4_70_2,13,6,3
satellite/70/satellite_p04_hyp-4_70_3,13,6,3
satellite/70/satellite_p05_hyp-1_70_1,15,8,0
satellite/70/satellite_p05_hyp-1_70_2,15,8,0
satellite/70/satellite_p05_hyp-1_70_3,15,8,0
satellite/70/satellite_p05_hyp-2_70_1,17,8,2
satellite/70/satellite_p05_hyp-2_70_2,17,8,2
satellite/70/satellite_p05_hyp-2_70_3,17,8,2
satellite/70/satellite_p05_hyp-3_70_1,19,8,4
satellite/70/satellite_p05_hyp-3_70_2,19,8,4
satellite/70/satellite_p05_hyp-3_70_3,19,8,4
satellite/70/satellite_p05_hyp-4_70_1,15,8,6
satellite/70/satellite_p05_hyp-4_70_2,15,8,6
satellite/70/satellite_p05_hyp-4_70_3,15,8,6
satellite/70/satellite_p06_hyp-1_70_1,19,7,0
satellite/70/satellite_p06_hyp-1_70_2,19,7,0
satellite/70/satellite_p06_hyp-1_70_3,19,7,0
satellite/70/satellite_p06_hyp-2_70_1,14,7,2
satellite/70/satellite_p06_hyp-2_70_2,14,7,2
satellite/70/satellite_p06_hyp-2_70_3,14,7,2
satellite/70/satellite_p06_hyp-3_70_1,24,7,4
satellite/70/satellite_p06_hyp-3_70_2,24,7,4
satellite/70/satellite_p06_hyp-3_70_3,24,7,4
satellite/70/satellite_p06_hyp-4_70_1,15,7,6
satellite/70/satellite_p06_hyp-4_70_2,15,7,6
satellite/70/satellite_p06_hyp-4_70_3,15,7,6
satellite/70/satellite_p07_hyp-1_70_1,14,6,0
satellite/70/satellite_p07_hyp-1_70_2,14,6,0
satellite/70/satellite_p07_hyp-1_70_3,14,6,0
satellite/70/satellite_p07_hyp-2_70_1,14,6,2
satellite/70/satellite_p07_hyp-2_70_2,14,6,2
satellite/70/satellite_p07_hyp-2_70_3,14,6,2
satellite/70/satellite_p07_hyp-3_70_1,15,6,4
satellite/70/satellite_p07_hyp-3_70_2,15,6,4
satellite/70/satellite_p07_hyp-3_70_3,15,6,4
satellite/70/satellite_p07_hyp-4_70_1,14,6,5
satellite/70/satellite_p07_hyp-4_70_2,14,6,5
satellite/70/satellite_p07_hyp-4_70_3,14,6,5
sokoban/10/sokoban_p01_hyp-1_10_1,3,10,0
sokoban/10/sokoban_p01_hyp-1_10_2,3,10,0
sokoban/10/sokoban_p01_hyp-1_10_3,3,10,0
sokoban/10/sokoban_p01_hyp-2_10_1,3,10,1
sokoban/10/sokoban_p01_hyp-2_10_2,3,10,1
sokoban/10/sokoban_p01_hyp-2_10_3,3,10,1
sokoban/10/sokoban_p01_hyp-3_10_1,3,10,2
sokoban/10/sokoban_p01_hyp-3_10_2,3,10,2
sokoban/10/sokoban_p01_hyp-3_10_3,3,10,2
sokoban/10/sokoban_p01_hyp-4_10_1,3,10,3
sokoban/10/sokoban_p01_hyp-4_10_2,3,10,3
sokoban/10/sokoban_p01_hyp-4_10_3,3,10,3
sokoban/10/sokoban_p02_hyp-1_10_1,2,8,0
sokoban/10/sokoban_p02_hyp-1_10_2,2,8,0
sokoban/10/sokoban_p02_hyp-1_10_3,2,8,0
sokoban/10/sokoban_p02_hyp-2_10_1,2,8,1
sokoban/10/sokoban_p02_hyp-2_10_2,2,8,1
sokoban/10/sokoban_p02_hyp-2_10_3,2,8,1
sokoban/10/sokoban_p02_hyp-3_10_1,2,8,2
sokoban/10/sokoban_p02_hyp-3_10_2,2,8,2
sokoban/10/sokoban_p02_hyp-3_10_3,2,8,2
sokoban/10/sokoban_p02_hyp-4_10_1,2,8,3
sokoban/10/sokoban_p02_hyp-4_10_2,2,8,3
sokoban/10/sokoban_p02_hyp-4_10_3,2,8,3
sokoban/10/sokoban_p03_hyp-1_10_1,2,8,0
sokoban/10/sokoban_p03_hyp-1_10_2,2,8,0
sokoban/10/sokoban_p03_hyp-1_10_3,2,8,0
sokoban/10/sokoban_p03_hyp-2_10_1,2,8,1
sokoban/10/sokoban_p03_hyp-2_10_2,2,8,1
sokoban/10/sokoban_p03_hyp-2_10_3,2,8,1
sokoban/10/sokoban_p03_hyp-3_10_1,2,8,2
sokoban/10/sokoban_p03_hyp-3_10_2,2,8,2
sokoban/10/sokoban_p03_hyp-3_10_3,2,8,2
sokoban/10/sokoban_p03_hyp-4_10_1,2,8,3
sokoban/10/sokoban_p03_hyp-4_10_2,2,8,3
sokoban/10/sokoban_p03_hyp-4_10_3,2,8,3
sokoban/10/sokoban_p04_hyp-1_10_1,3,6,0
sokoban/10/sokoban_p04_hyp-1_10_2,3,6,0
sokoban/10/sokoban_p04_hyp-1_10_3,3,6,0
sokoban/10/sokoban_p04_hyp-2_10_1,3,6,1
sokoban/10/sokoban_p04_hyp-2_10_2,3,6,1
sokoban/10/sokoban_p04_hyp-2_10_3,3,6,1
sokoban/10/sokoban_p04_hyp-3_10_1,2,6,2
sokoban/10/sokoban_p04_hyp-3_10_2,2,6,2
sokoban/10/sokoban_p04_hyp-3_10_3,2,6,2
sokoban/10/sokoban_p04_hyp-4_10_1,2,6,3
sokoban/10/sokoban_p04_hyp-4_10_2,2,6,3
sokoban/10/sokoban_p04_hyp-4_10_3,2,6,3
sokoban/10/sokoban_p05_hyp-1_10_1,4,6,0
sokoban/10/sokoban_p05_hyp-1_10_2,4,6,0
sokoban/10/sokoban_p05_hyp-1_10_3,4,6,0
sokoban/10/sokoban_p05_hyp-2_10_1,3,6,1
sokoban/10/sokoban_p05_hyp-2_10_2,3,6,1
sokoban/10/sokoban_p05_hyp-2_10_3,3,6,1
sokoban/10/sokoban_p05_hyp-3_10_1,5,6,2
sokoban/10/sokoban_p05_hyp-3_10_2,5,6,2
sokoban/10/sokoban_p05_hyp-3_10_3,5,6,2
sokoban/10/sokoban_p05_hyp-4_10_1,4,6,3
sokoban/10/sokoban_p05_hyp-4_10_2,4,6,3
sokoban/10/sokoban_p05_hyp-4_10_3,4,6,3
sokoban/10/sokoban_p06_hyp-1_10_1,4,6,0
sokoban/10/sokoban_p06_hyp-1_10_2,4,6,0
sokoban/10/sokoban_p06_hyp-1_10_3,4,6,0
sokoban/10/sokoban_p06_hyp-2_10_1,4,6,1
sokoban/10/sokoban_p06_hyp-2_10_2,4,6,1
sokoban/10/sokoban_p06_hyp-2_10_3,4,6,1
sokoban/10/sokoban_p06_hyp-3_10_1,3,6,2
sokoban/10/sokoban_p06_hyp-3_10_2,3,6,2
sokoban/10/sokoban_p06_hyp-3_10_3,3,6,2
sokoban/10/sokoban_p06_hyp-4_10_1,4,6,3
sokoban/10/sokoban_p06_hyp-4_10_2,4,6,3
sokoban/10/sokoban_p06_hyp-4_10_3,4,6,3
sokoban/10/sokoban_p07_hyp-1_10_1,5,6,0
sokoban/10/sokoban_p07_hyp-1_10_2,5,6,0
sokoban/10/sokoban_p07_hyp-1_10_3,5,6,0
sokoban/10/sokoban_p07_hyp-2_10_1,5,6,1
sokoban/10/sokoban_p07_hyp-2_10_2,5,6,1
sokoban/10/sokoban_p07_hyp-2_10_3,5,6,1
sokoban/10/sokoban_p07_hyp-3_10_1,6,6,2
sokoban/10/sokoban_p07_hyp-3_10_2,6,6,2
sokoban/10/sokoban_p07_hyp-3_10_3,6,6,2
sokoban/10/sokoban_p07_hyp-4_10_1,4,6,3
sokoban/10/sokoban_p07_hyp-4_10_2,4,6,3
sokoban/10/sokoban_p07_hyp-4_10_3,4,6,3
sokoban/100/sokoban_p01_hyp-1_full,26,10,0
sokoban/100/sokoban_p01_hyp-2_full,26,10,1
sokoban/100/sokoban_p01_hyp-3_full,27,10,2
sokoban/100/sokoban_p01_hyp-4_full,27,10,3
sokoban/100/sokoban_p02_hyp-1_full,16,8,0
sokoban/100/sokoban_p02_hyp-2_full,15,8,1
sokoban/100/sokoban_p02_hyp-3_full,15,8,2
sokoban/100/sokoban_p02_hyp-4_full,16,8,3
sokoban/100/sokoban_p03_hyp-1_full,18,8,0
sokoban/100/sokoban_p03_hyp-2_full,19,8,1
sokoban/100/sokoban_p03_hyp-3_full,19,8,2
sokoban/100/sokoban_p03_hyp-4_full,18,8,3
sokoban/100/sokoban_p04_hyp-1_full,27,6,0
sokoban/100/sokoban_p04_hyp-2_full,27,6,1
sokoban/100/sokoban_p04_hyp-3_full,20,6,2
sokoban/100/sokoban_p04_hyp-4_full,18,6,3
sokoban/100/sokoban_p05_hyp-1_full,36,6,0
sokoban/100/sokoban_p05_hyp-2_full,27,6,1
sokoban/100/sokoban_p05_hyp-3_full,43,6,2
sokoban/100/sokoban_p05_hyp-4_full,34,6,3
sokoban/100/sokoban_p06_hyp-1_full,31,6,0
sokoban/100/sokoban_p06_hyp-2_full,32,6,1
sokoban/100/sokoban_p06_hyp-3_full,26,6,2
sokoban/100/sokoban_p06_hyp-4_full,38,6,3
sokoban/100/sokoban_p07_hyp-1_full,46,6,0
sokoban/100/sokoban_p07_hyp-2_full,41,6,1
sokoban/100/sokoban_p07_hyp-3_full,54,6,2
sokoban/100/sokoban_p07_hyp-4_full,34,6,3
sokoban/30/sokoban_p01_hyp-1_30_1,8,10,0
sokoban/30/sokoban_p01_hyp-1_30_2,8,10,0
sokoban/30/sokoban_p01_hyp-1_30_3,8,10,0
sokoban/30/sokoban_p01_hyp-2_30_1,8,10,1
sokoban/30/sokoban_p01_hyp-2_30_2,8,10,1
sokoban/30/sokoban_p01_hyp-2_30_3,8,10,1
sokoban/30/sokoban_p01_hyp-3_30_1,9,10,2
sokoban/30/sokoban_p01_hyp-3_30_2,9,10,2
sokoban/30/sokoban_p01_hyp-3_30_3,9,10,2
sokoban/30/sokoban_p01_hyp-4_30_1,9,10,3
sokoban/30/sokoban_p01_hyp-4_30_2,9,10,3
sokoban/30/sokoban_p01_hyp-4_30_3,9,10,3
sokoban/30/sokoban_p02_hyp-1_30_1,5,8,0
sokoban/30/sokoban_p02_hyp-1_30_2,5,8,0
sokoban/30/sokoban_p02_hyp-1_30_3,5,8,0
sokoban/30/sokoban_p02_hyp-2_30_1,5,8,1
sokoban/30/sokoban_p02_hyp-2_30_2,5,8,1
sokoban/30/sokoban_p02_hyp-2_30_3,5,8,1
sokoban/30/sokoban_p02_hyp-3_30_1,5,8,2
sokoban/30/sokoban_p02_hyp-3_30_2,5,8,2
sokoban/30/sokoban_p02_hyp-3_30_3,5,8,2
sokoban/30/sokoban_p02_hyp-4_30_1,5,8,3
sokoban/30/sokoban_p02_hyp-4_30_2,5,8,3
sokoban/30/sokoban_p02_hyp-4_30_3,5,8,3
sokoban/30/sokoban_p03_hyp-1_30_1,6,8,0
sokoban/30/sokoban_p03_hyp-1_30_2,6,8,0
sokoban/30/sokoban_p03_hyp-1_30_3,6,8,0
sokoban/30/sokoban_p03_hyp-2_30_1,6,8,1
sokoban/30/sokoban_p03_hyp-2_30_2,6,8,1
sokoban/30/sokoban_p03_hyp-2_30_3,6,8,1
sokoban/30/sokoban_p03_hyp-3_30_1,6,8,2
sokoban/30/sokoban_p03_hyp-3_30_2,6,8,2
sokoban/30/sokoban_p03_hyp-3_30_3,6,8,2
sokoban/30/sokoban_p03_hyp-4_30_1,6,8,3
sokoban/30/sokoban_p03_hyp-4_30_2,6,8,3
sokoban/30/sokoban_p03_hyp-4_30_3,6,8,3
sokoban/30/sokoban_p04_hyp-1_30_1,9,6,0
sokoban/30/sokoban_p04_hyp-1_30_2,9,6,0
sokoban/30/sokoban_p04_hyp-1_30_3,9,6,0
sokoban/30/sokoban_p04_hyp-2_30_1,9,6,1
sokoban/30/sokoban_p04_hyp-2_30_2,9,6,1
sokoban/30/sokoban_p04_hyp-2_30_3,9,6,1
sokoban/30/sokoban_p04_hyp-3_30_1,6,6,2
sokoban/30/sokoban_p04_hyp-3_30_2,6,6,2
sokoban/30/sokoban_p04_hyp-3_30_3,6,6,2
sokoban/30/sokoban_p04_hyp-4_30_1,6,6,3
sokoban/30/sokoban_p04_hyp-4_30_2,6,6,3
sokoban/30/sokoban_p04_hyp-4_30_3,6,6,3
sokoban/30/sokoban_p05_hyp-1_30_1,11,6,0
sokoban/30/sokoban_p05_hyp-1_30_2,11,6,0
sokoban/30/sokoban_p05_hyp-1_30_3,11,6,0
sokoban/30/sokoban_p05_hyp-2_30_1,9,6,1
sokoban/30/sokoban_p05_hyp-2_30_2,9,6,1
sokoban/30/sokoban_p05_hyp-2_30_3,9,6,1
sokoban/30/sokoban_p05_hyp-3_30_1,13,6,2
sokoban/30/sokoban_p05_hyp-3_30_2,13,6,2
sokoban/30/sokoban_p05_hyp-3_30_3,13,6,2
sokoban/30/sokoban_p05_hyp-4_30_1,11,6,3
sokoban/30/sokoban_p05_hyp-4_30_2,11,6,3
sokoban/30/sokoban_p05_hyp-4_30_3,11,6,3
sokoban/30/sokoban_p06_hyp-1_30_1,10,6,0
sokoban/30/sokoban_p06_hyp-1_30_2,10,6,0
sokoban/30/sokoban_p06_hyp-1_30_3,10,6,0
sokoban/30/sokoban_p06_hyp-2_30_1,10,6,1
sokoban/30/sokoban_p06_hyp-2_30_2,10,6,1
sokoban/30/sokoban_p06_hyp-2_30_3,10,6,1
sokoban/30/sokoban_p06_hyp-3_30_1,8,6,2
sokoban/30/sokoban_p06_hyp-3_30_2,8,6,2
sokoban/30/sokoban_p06_hyp-3_30_3,8,6,2
sokoban/30/sokoban_p06_hyp-4_30_1,12,6,3
sokoban/30/sokoban_p06_hyp-4_30_2,12,6,3
sokoban/30/sokoban_p06_hyp-4_30_3,12,6,3
sokoban/30/sokoban_p07_hyp-1_30_1,14,6,0
sokoban/30/sokoban_p07_hyp-1_30_2,14,6,0
sokoban/30/sokoban_p07_hyp-1_30_3,14,6,0
sokoban/30/sokoban_p07_hyp-2_30_1,13,6,1
sokoban/30/sokoban_p07_hyp-2_30_2,13,6,1
sokoban/30/sokoban_p07_hyp-2_30_3,13,6,1
sokoban/30/sokoban_p07_hyp-3_30_1,17,6,2
sokoban/30/sokoban_p07_hyp-3_30_2,17,6,2
sokoban/30/sokoban_p07_hyp-3_30_3,17,6,2
sokoban/30/sokoban_p07_hyp-4_30_1,11,6,3
sokoban/30/sokoban_p07_hyp-4_30_2,11,6,3
sokoban/30/sokoban_p07_hyp-4_30_3,11,6,3
sokoban/50/sokoban_p01_hyp-1_50_1,13,10,0
sokoban/50/sokoban_p01_hyp-1_50_2,13,10,0
sokoban/50/sokoban_p01_hyp-1_50_3,13,10,0
sokoban/50/sokoban_p01_hyp-2_50_1,13,10,1
sokoban/50/sokoban_p01_hyp-2_50_2,13,10,1
sokoban/50/sokoban_p01_hyp-2_50_3,13,10,1
sokoban/50/sokoban_p01_hyp-3_50_1,14,10,2
sokoban/50/sokoban_p01_hyp-3_50_2,14,10,2
sokoban/50/sokoban_p01_hyp-3_50_3,14,10,2
sokoban/50/sokoban_p01_hyp-4_50_1,14,10,3
sokoban/50/sokoban_p01_hyp-4_50_2,14,10,3
sokoban/50/sokoban_p01_hyp-4_50_3,14,10,3
sokoban/50/sokoban_p02_hyp-1_50_1,8,8,0
sokoban/50/sokoban_p02_hyp-1_50_2,8,8,0
sokoban/50/sokoban_p02_hyp-1_50_3,8,8,0
sokoban/50/sokoban_p02_hyp-2_50_1,8,8,1
sokoban/50/sokoban_p02_hyp-2_50_2,8,8,1
sokoban/50/sokoban_p02_hyp-2_50_3,8,8,1
sokoban/50/sokoban_p02_hyp-3_50_1,8,8,2
sokoban/50/sokoban_p02_hyp-3_50_2,8,8,2
sokoban/50/sokoban_p02_hyp-3_50_3,8,8,2
sokoban/50/sokoban_p02_hyp-4_50_1,8,8,3
sokoban/50/sokoban_p02_hyp-4_50_2,8,8,3
sokoban/50/sokoban_p02_hyp-4_50_3,8,8,3
sokoban/50/sokoban_p03_hyp-1_50_1,9,8,0
sokoban/50/sokoban_p03_hyp-1_50_2,9,8,0
sokoban/50/sokoban_p03_hyp-1_50_3,9,8,0
sokoban/50/sokoban_p03_hyp-2_50_1,10,8,1
sokoban/50/sokoban_p03_hyp-2_50_2,10,8,1
sokoban/50/sokoban_p03_hyp-2_50_3,10,8,1
sokoban/50/sokoban_p03_hyp-3_50_1,10,8,2
sokoban/50/sokoban_p03_hyp-3_50_2,10,8,2
sokoban/50/sokoban_p03_hyp-3_50_3,10,8,2
sokoban/50/sokoban_p03_hyp-4_50_1,9,8,3
sokoban/50/sokoban_p03_hyp-4_50_2,9,8,3
sokoban/50/sokoban_p03_hyp-4_50_3,9,8,3
sokoban/50/sokoban_p04_hyp-1_50_1,14,6,0
sokoban/50/sokoban_p04_hyp-1_50_2,14,6,0
sokoban/50/sokoban_p04_hyp-1_50_3,14,6,0
sokoban/50/sokoban_p04_hyp-2_50_1,14,6,1
sokoban/50/sokoban_p04_hyp-2_50_2,14,6,1
sokoban/50/sokoban_p04_hyp-2_50_3,14,6,1
sokoban/50/sokoban_p04_hyp-3_50_1,10,6,2
sokoban/50/sokoban_p04_hyp-3_50_2,10,6,2
sokoban/50/sokoban_p04_hyp-3_50_3,10,6,2
sokoban/50/sokoban_p04_hyp-4_50_1,9,6,3
sokoban/50/sokoban_p04_hyp-4_50_2,9,6,3
sokoban/50/sokoban_p04_hyp-4_50_3,9,6,3
sokoban/50/sokoban_p05_hyp-1_50_1,18,6,0
sokoban/50/sokoban_p05_hyp-1_50_2,18,6,0
sokoban/50/sokoban_p05_hyp-1_50_3,18,6,0
sokoban/50/sokoban_p05_hyp-2_50_1,14,6,1
sokoban/50/sokoban_p05_hyp-2_50_2,14,6,1
sokoban/50/sokoban_p05_hyp-2_50_3,14,6,1
sokoban/50/sokoban_p05_hyp-3_50_1,22,6,2
sokoban/50/sokoban_p05_hyp-3_50_2,22,6,2
sokoban/50/sokoban_p05_hyp-3_50_3,22,6,2
sokoban/50/sokoban_p05_hyp-4_50_1,17,6,3
sokoban/50/sokoban_p05_hyp-4_50_2,17,6,3
sokoban/50/sokoban_p05_hyp-4_50_3,17,6,3
sokoban/50/sokoban_p06_hyp-1_50_1,16,6,0
sokoban/50/sokoban_p06_hyp-1_50_2,16,6,0
sokoban/50/sokoban_p06_hyp-1_50_3,16,6,0
sokoban/50/sokoban_p06_hyp-2_50_1,16,6,1
sokoban/50/sokoban_p06_hyp-2_50_2,16,6,1
sokoban/50/sokoban_p06_hyp-2_50_3,16,6,1
sokoban/50/sokoban_p06_hyp-3_50_1,13,6,2
sokoban/50/sokoban_p06_hyp-3_50_2,13,6,2
sokoban/50/sokoban_p06_hyp-3_50_3,13,6,2
sokoban/50/sokoban_p06_hyp-4_50_1,19,6,3
sokoban/50/sokoban_p06_hyp-4_50_2,19,6,3
sokoban/50/sokoban_p06_hyp-4_50_3,19,6,3
sokoban/50/sokoban_p07_hyp-1_50_1,23,6,0
sokoban/50/sokoban_p07_hyp-1_50_2,23,6,0
sokoban/50/sokoban_p07_hyp-1_50_3,23,6,0
sokoban/50/sokoban_p07_hyp-2_50_1,21,6,1
sokoban/50/sokoban_p07_hyp-2_50_2,21,6,1
sokoban/50/sokoban_p07_hyp-2_50_3,21,6,1
sokoban/50/sokoban_p07_hyp-3_50_1,27,6,2
sokoban/50/sokoban_p07_hyp-3_50_2,27,6,2
sokoban/50/sokoban_p07_hyp-3_50_3,27,6,2
sokoban/50/sokoban_p07_hyp-4_50_1,17,6,3
sokoban/50/sokoban_p07_hyp-4_50_2,17,6,3
sokoban/50/sokoban_p07_hyp-4_50_3,17,6,3
sokoban/70/sokoban_p01_hyp-1_70_1,19,10,0
sokoban/70/sokoban_p01_hyp-1_70_2,19,10,0
sokoban/70/sokoban_p01_hyp-1_70_3,19,10,0
sokoban/70/sokoban_p01_hyp-2_70_1,19,10,1
sokoban/70/sokoban_p01_hyp-2_70_2,19,10,1
sokoban/70/sokoban_p01_hyp-2_70_3,19,10,1
sokoban/70/sokoban_p01_hyp-3_70_1,19,10,2
sokoban/70/sokoban_p01_hyp-3_70_2,19,10,2
sokoban/70/sokoban_p01_hyp-3_70_3,19,10,2
sokoban/70/sokoban_p01_hyp-4_70_1,19,10,3
sokoban/70/sokoban_p01_hyp-4_70_2,19,10,3
sokoban/70/sokoban_p01_hyp-4_70_3,19,10,3
sokoban/70/sokoban_p02_hyp-1_70_1,12,8,0
sokoban/70/sokoban_p02_hyp-1_70_2,12,8,0
sokoban/70/sokoban_p02_hyp-1_70_3,12,8,0
sokoban/70/sokoban_p02_hyp-2_70_1,11,8,1
sokoban/70/sokoban_p02_hyp-2_70_2,11,8,1
sokoban/70/sokoban_p02_hyp-2_70_3,11,8,1
sokoban/70/sokoban_p02_hyp-3_70_1,11,8,2
sokoban/70/sokoban_p02_hyp-3_70_2,11,8,2
sokoban/70/sokoban_p02_hyp-3_70_3,11,8,2
sokoban/70/sokoban_p02_hyp-4_70_1,12,8,3
sokoban/70/sokoban_p02_hyp-4_70_2,12,8,3
sokoban/70/sokoban_p02_hyp-4_70_3,12,8,3
sokoban/70/sokoban_p03_hyp-1_70_1,13,8,0
sokoban/70/sokoban_p03_hyp-1_70_2,13,8,0
sokoban/70/sokoban_p03_hyp-1_70_3,13,8,0
sokoban/70/sokoban_p03_hyp-2_70_1,14,8,1
sokoban/70/sokoban_p03_hyp-2_70_2,14,8,1
sokoban/70/sokoban_p03_hyp-2_70_3,14,8,1
sokoban/70/sokoban_p03_hyp-3_70_1,14,8,2
sokoban/70/sokoban_p03_hyp-3_70_2,14,8,2
sokoban/70/sokoban_p03_hyp-3_70_3,14,8,2
sokoban/70/sokoban_p03_hyp-4_70_1,13,8,3
sokoban/70/sokoban_p03_hyp-4_70_2,13,8,3
sokoban/70/sokoban_p03_hyp-4_70_3,13,8,3
sokoban/70/sokoban_p04_hyp-1_70_1,19,6,0
sokoban/70/sokoban_p04_hyp-1_70_2,19,6,0
sokoban/70/sokoban_p04_hyp-1_70_3,19,6,0
sokoban/70/sokoban_p04_hyp-2_70_1,19,6,1
sokoban/70/sokoban_p04_hyp-2_70_2,19,6,1
sokoban/70/sokoban_p04_hyp-2_70_3,19,6,1
sokoban/70/sokoban_p04_hyp-3_70_1,14,6,2
sokoban/70/sokoban_p04_hyp-3_70_2,14,6,2
sokoban/70/sokoban_p04_hyp-3_70_3,14,6,2
sokoban/70/sokoban_p04_hyp-4_70_1,13,6,3
sokoban/70/sokoban_p04_hyp-4_70_2,13,6,3
sokoban/70/sokoban_p04_hyp-4_70_3,13,6,3
sokoban/70/sokoban_p05_hyp-1_70_1,26,6,0
sokoban/70/sokoban_p05_hyp-1_70_2,26,6,0
sokoban/70/sokoban_p05_hyp-1_70_3,26,6,0
sokoban/70/sokoban_p05_hyp-2_70_1,19,6,1
sokoban/70/sokoban_p05_hyp-2_70_2,19,6,1
sokoban/70/sokoban_p05_hyp-2_70_3,19,6,1
sokoban/70/sokoban_p05_hyp-3_70_1,31,6,2
sokoban/70/sokoban_p05_hyp-3_70_2,31,6,2
sokoban/70/sokoban_p05_hyp-3_70_3,31,6,2
sokoban/70/sokoban_p05_hyp-4_70_1,24,6,3
sokoban/70/sokoban_p05_hyp-4_70_2,24,6,3
sokoban/70/sokoban_p05_hyp-4_70_3,24,6,3
sokoban/70/sokoban_p06_hyp-1_70_1,22,6,0
sokoban/70/sokoban_p06_hyp-1_70_2,22,6,0
sokoban/70/sokoban_p06_hyp-1_70_3,22,6,0
sokoban/70/sokoban_p06_hyp-2_70_1,23,6,1
sokoban/70/sokoban_p06_hyp-2_70_2,23,6,1
sokoban/70/sokoban_p06_hyp-2_70_3,23,6,1
sokoban/70/sokoban_p06_hyp-3_70_1,19,6,2
sokoban/70/sokoban_p06_hyp-3_70_2,19,6,2
sokoban/70/sokoban_p06_hyp-3_70_3,19,6,2
sokoban/70/sokoban_p06_hyp-4_70_1,27,6,3
sokoban/70/sokoban_p06_hyp-4_70_2,27,6,3
sokoban/70/sokoban_p06_hyp-4_70_3,27,6,3
sokoban/70/sokoban_p07_hyp-1_70_1,33,6,0
sokoban/70/sokoban_p07_hyp-1_70_2,33,6,0
sokoban/70/sokoban_p07_hyp-1_70_3,33,6,0
sokoban/70/sokoban_p07_hyp-2_70_1,29,6,1
sokoban/70/sokoban_p07_hyp-2_70_2,29,6,1
sokoban/70/sokoban_p07_hyp-2_70_3,29,6,1
sokoban/70/sokoban_p07_hyp-3_70_1,38,6,2
sokoban/70/sokoban_p07_hyp-3_70_2,38,6,2
sokoban/70/sokoban_p07_hyp-3_70_3,38,6,2
sokoban/70/sokoban_p07_hyp-4_70_1,24,6,3
sokoban/70/sokoban_p07_hyp-4_70_2,24,6,3
sokoban/70/sokoban_p07_hyp-4_70_3,24,6,3
zeno-travel/10/zeno-travel_p01_hyp-1_10_1,2,8,0
zeno-travel/10/zeno-travel_p01_hyp-1_10_2,2,8,0
zeno-travel/10/zeno-travel_p01_hyp-1_10_3,2,8,0
zeno-travel/10/zeno-travel_p01_hyp-2_10_1,2,8,1
zeno-travel/10/zeno-travel_p01_hyp-2_10_2,2,8,1
zeno-travel/10/zeno-travel_p01_hyp-2_10_3,2,8,1
zeno-travel/10/zeno-travel_p01_hyp-3_10_1,2,8,2
zeno-travel/10/zeno-travel_p01_hyp-3_10_2,2,8,2
zeno-travel/10/zeno-travel_p01_hyp-3_10_3,2,8,2
zeno-travel/10/zeno-travel_p01_hyp-4_10_1,2,8,3
zeno-travel/10/zeno-travel_p01_hyp-4_10_2,2,8,3
zeno-travel/10/zeno-travel_p01_hyp-4_10_3,2,8,3
zeno-travel/10/zeno-travel_p02_hyp-1_10_1,2,6,0
zeno-travel/10/zeno-travel_p02_hyp-1_10_2,2,6,0
zeno-travel/10/zeno-travel_p02_hyp-1_10_3,2,6,0
zeno-travel/10/zeno-travel_p02_hyp-2_10_1,2,6,1
zeno-travel/10/zeno-travel_p02_hyp-2_10_2,2,6,1
zeno-travel/10/zeno-travel_p02_hyp-2_10_3,2,6,1
zeno-travel/10/zeno-travel_p02_hyp-3_10_1,2,6,2
zeno-travel/10/zeno-travel_p02_hyp-3_10_2,2,6,2
zeno-travel/10/zeno-travel_p02_hyp-3_10_3,2,6,2
zeno-travel/10/zeno-travel_p02_hyp-4_10_1,2,6,3
zeno-travel/10/zeno-travel_p02_hyp-4_10_2,2,6,3
zeno-travel/10/zeno-travel_p02_hyp-4_10_3,2,6,3
zeno-travel/10/zeno-travel_p03_hyp-1_10_1,1,6,0
zeno-travel/10/zeno-travel_p03_hyp-1_10_2,1,6,0
zeno-travel/10/zeno-travel_p03_hyp-1_10_3,1,6,0
zeno-travel/10/zeno-travel_p03_hyp-2_10_1,1,6,1
zeno-travel/10/zeno-travel_p03_hyp-2_10_2,1,6,1
zeno-travel/10/zeno-travel_p03_hyp-2_10_3,1,6,1
zeno-travel/10/zeno-travel_p03_hyp-3_10_1,2,6,2
zeno-travel/10/zeno-travel_p03_hyp-3_10_2,2,6,2
zeno-travel/10/zeno-travel_p03_hyp-3_10_3,2,6,2
zeno-travel/10/zeno-travel_p03_hyp-4_10_1,2,6,3
zeno-travel/10/zeno-travel_p03_hyp-4_10_2,2,6,3
zeno-travel/10/zeno-travel_p03_hyp-4_10_3,2,6,3
zeno-travel/10/zeno-travel_p04_hyp-1_10_1,2,10,0
zeno-travel/10/zeno-travel_p04_hyp-1_10_2,2,10,0
zeno-travel/10/zeno-travel_p04_hyp-1_10_3,2,10,0
zeno-travel/10/zeno-travel_p04_hyp-2_10_1,2,10,1
zeno-travel/10/zeno-travel_p04_hyp-2_10_2,2,10,1
zeno-travel/10/zeno-travel_p04_hyp-2_10_3,2,10,1
zeno-travel/10/zeno-travel_p04_hyp-3_10_1,2,10,2
zeno-travel/10/zeno-travel_p04_hyp-3_10_2,2,10,2
zeno-travel/10/zeno-travel_p04_hyp-3_10_3,2,10,2
zeno-travel/10/zeno-travel_p04_hyp-4_10_1,3,10,3
zeno-travel/10/zeno-travel_p04_hyp-4_10_2,3,10,3
zeno-travel/10/zeno-travel_p04_hyp-4_10_3,3,10,3
zeno-travel/10/zeno-travel_p05_hyp-1_10_1,3,6,0
zeno-travel/10/zeno-travel_p05_hyp-1_10_2,3,6,0
zeno-travel/10/zeno-travel_p05_hyp-1_10_3,3,6,0
zeno-travel/10/zeno-travel_p05_hyp-2_10_1,4,6,2
zeno-travel/10/zeno-travel_p05_hyp-2_10_2,4,6,2
zeno-travel/10/zeno-travel_p05_hyp-2_10_3,4,6,2
zeno-travel/10/zeno-travel_p05_hyp-3_10_1,3,6,4
zeno-travel/10/zeno-travel_p05_hyp-3_10_2,3,6,4
zeno-travel/10/zeno-travel_p05_hyp-3_10_3,3,6,4
zeno-travel/10/zeno-travel_p05_hyp-4_10_1,3,6,5
zeno-travel/10/zeno-travel_p05_hyp-4_10_2,3,6,5
zeno-travel/10/zeno-travel_p05_hyp-4_10_3,3,6,5
zeno-travel/10/zeno-travel_p06_hyp-1_10_1,4,6,0
zeno-travel/10/zeno-travel_p06_hyp-1_10_2,4,6,0
zeno-travel/10/zeno-travel_p06_hyp-1_10_3,4,6,0
zeno-travel/10/zeno-travel_p06_hyp-2_10_1,2,6,3
zeno-travel/10/zeno-travel_p06_hyp-2_10_2,2,6,3
zeno-travel/10/zeno-travel_p06_hyp-2_10_3,2,6,3
zeno-travel/10/zeno-travel_p06_hyp-3_10_1,3,6,4
zeno-travel/10/zeno-travel_p06_hyp-3_10_2,3,6,4
zeno-travel/10/zeno-travel_p06_hyp-3_10_3,3,6,4
zeno-travel/10/zeno-travel_p06_hyp-4_10_1,4,6,5
zeno-travel/10/zeno-travel_p06_hyp-4_10_2,4,6,5
zeno-travel/10/zeno-travel_p06_hyp-4_10_3,4,6,5
zeno-travel/10/zeno-travel_p07_hyp-1_10_1,3,6,0
zeno-travel/10/zeno-travel_p07_hyp-1_10_2,3,6,0
zeno-travel/10/zeno-travel_p07_hyp-1_10_3,3,6,0
zeno-travel/10/zeno-travel_p07_hyp-2_10_1,4,6,2
zeno-travel/10/zeno-travel_p07_hyp-2_10_2,4,6,2
zeno-travel/10/zeno-travel_p07_hyp-2_10_3,4,6,2
zeno-travel/10/zeno-travel_p07_hyp-3_10_1,4,6,4
zeno-travel/10/zeno-travel_p07_hyp-3_10_2,4,6,4
zeno-travel/10/zeno-travel_p07_hyp-3_10_3,4,6,4
zeno-travel/10/zeno-travel_p07_hyp-4_10_1,5,6,5
zeno-travel/10/zeno-travel_p07_hyp-4_10_2,5,6,5
zeno-travel/10/zeno-travel_p07_hyp-4_10_3,5,6,5
zeno-travel/100/zeno-travel_p01_hyp-1_full,12,8,0
zeno-travel/100/zeno-travel_p01_hyp-2_full,12,8,1
zeno-travel/100/zeno-travel_p01_hyp-3_full,12,8,2
zeno-travel/100/zeno-travel_p01_hyp-4_full,12,8,3
zeno-travel/100/zeno-travel_p02_hyp-1_full,11,6,0
zeno-travel/100/zeno-travel_p02_hyp-2_full,11,6,1
zeno-travel/100/zeno-travel_p02_hyp-3_full,12,6,2
zeno-travel/100/zeno-travel_p02_hyp-4_full,12,6,3
zeno-travel/100/zeno-travel_p03_hyp-1_full,10,6,0
zeno-travel/100/zeno-travel_p03_hyp-2_full,10,6,1
zeno-travel/100/zeno-travel_p03_hyp-3_full,11,6,2
zeno-travel/100/zeno-travel_p03_hyp-4_full,11,6,3
zeno-travel/100/zeno-travel_p04_hyp-1_full,19,10,0
zeno-travel/100/zeno-travel_p04_hyp-2_full,18,10,1
zeno-travel/100/zeno-travel_p04_hyp-3_full,19,10,2
zeno-travel/100/zeno-travel_p04_hyp-4_full,21,10,3
zeno-travel/100/zeno-travel_p05_hyp-1_full,30,6,0
zeno-travel/100/zeno-travel_p05_hyp-2_full,40,6,2
zeno-travel/100/zeno-travel_p05_hyp-3_full,30,6,4
zeno-travel/100/zeno-travel_p05_hyp-4_full,26,6,5
zeno-travel/100/zeno-travel_p06_hyp-1_full,32,6,0
zeno-travel/100/zeno-travel_p06_hyp-2_full,19,6,3
zeno-travel/100/zeno-travel_p06_hyp-3_full,27,6,4
zeno-travel/100/zeno-travel_p06_hyp-4_full,31,6,5
zeno-travel/100/zeno-travel_p07_hyp-1_full,25,6,0
zeno-travel/100/zeno-travel_p07_hyp-2_full,33,6,2
zeno-travel/100/zeno-travel_p07_hyp-3_full,39,6,4
zeno-travel/100/zeno-travel_p07_hyp-4_full,47,6,5
zeno-travel/30/zeno-travel_p01_hyp-1_30_1,4,8,0
zeno-travel/30/zeno-travel_p01_hyp-1_30_2,4,8,0
zeno-travel/30/zeno-travel_p01_hyp-1_30_3,4,8,0
zeno-travel/30/zeno-travel_p01_hyp-2_30_1,4,8,1
zeno-travel/30/zeno-travel_p01_hyp-2_30_2,4,8,1
zeno-travel/30/zeno-travel_p01_hyp-2_30_3,4,8,1
zeno-travel/30/zeno-travel_p01_hyp-3_30_1,4,8,2
zeno-travel/30/zeno-travel_p01_hyp-3_30_2,4,8,2
zeno-travel/30/zeno-travel_p01_hyp-3_30_3,4,8,2
zeno-travel/30/zeno-travel_p01_hyp-4_30_1,4,8,3
zeno-travel/30/zeno-travel_p01_hyp-4_30_2,4,8,3
zeno-travel/30/zeno-travel_p01_hyp-4_30_3,4,8,3
zeno-travel/30/zeno-travel_p02_hyp-1_30_1,4,6,0
zeno-travel/30/zeno-travel_p02_hyp-1_30_2,4,6,0
zeno-travel/30/zeno-travel_p02_hyp-1_30_3,4,6,0
zeno-travel/30/zeno-travel_p02_hyp-2_30_1,4,6,1
zeno-travel/30/zeno-travel_p02_hyp-2_30_2,4,6,1
zeno-travel/30/zeno-travel_p02_hyp-2_30_3,4,6,1
zeno-travel/30/zeno-travel_p02_hyp-3_30_1,4,6,2
zeno-travel/30/zeno-travel_p02_hyp-3_30_2,4,6,2
zeno-travel/30/zeno-travel_p02_hyp-3_30_3,4,6,2
zeno-travel/30/zeno-travel_p02_hyp-4_30_1,4,6,3
zeno-travel/30/zeno-travel_p02_hyp-4_30_2,4,6,3
zeno-travel/30/zeno-travel_p02_hyp-4_30_3,4,6,3
zeno-travel/30/zeno-travel_p03_hyp-1_30_1,3,6,0
zeno-travel/30/zeno-travel_p03_hyp-1_30_2,3,6,0
zeno-travel/30/zeno-travel_p03_hyp-1_30_3,3,6,0
zeno-travel/30/zeno-travel_p03_hyp-2_30_1,3,6,1
zeno-travel/30/zeno-travel_p03_hyp-2_30_2,3,6,1
zeno-travel/30/zeno-travel_p03_hyp-2_30_3,3,6,1
zeno-travel/30/zeno-travel_p03_hyp-3_30_1,4,6,2
zeno-travel/30/zeno-travel_p03_hyp-3_30_2,4,6,2
zeno-travel/30/zeno-travel_p03_hyp-3_30_3,4,6,2
zeno-travel/30/zeno-travel_p03_hyp-4_30_1,4,6,3
zeno-travel/30/zeno-travel_p03_hyp-4_30_2,4,6,3
zeno-travel/30/zeno-travel_p03_hyp-4_30_3,4,6,3
zeno-travel/30/zeno-travel_p04_hyp-1_30_1,6,10,0
zeno-travel/30/zeno-travel_p04_hyp-1_30_2,6,10,0
zeno-travel/30/zeno-travel_p04_hyp-1_30_3,6,10,0
zeno-travel/30/zeno-travel_p04_hyp-2_30_1,6,10,1
zeno-travel/30/zeno-travel_p04_hyp-2_30_2,6,10,1
zeno-travel/30/zeno-travel_p04_hyp-2_30_3,6,10,1
zeno-travel/30/zeno-travel_p04_hyp-3_30_1,6,10,2
zeno-travel/30/zeno-travel_p04_hyp-3_30_2,6,10,2
zeno-travel/30/zeno-travel_p04_hyp-3_30_3,6,10,2
zeno-travel/30/zeno-travel_p04_hyp-4_30_1,7,10,3
zeno-travel/30/zeno-travel_p04_hyp-4_30_2,7,10,3
zeno-travel/30/zeno-travel_p04_hyp-4_30_3,7,10,3
zeno-travel/30/zeno-travel_p05_hyp-1_30_1,9,6,0
zeno-travel/30/zeno-travel_p05_hyp-1_30_2,9,6,0
zeno-travel/30/zeno-travel_p05_hyp-1_30_3,9,6,0
zeno-travel/30/zeno-travel_p05_hyp-2_30_1,12,6,2
zeno-travel/30/zeno-travel_p05_hyp-2_30_2,12,6,2
zeno-travel/30/zeno-travel_p05_hyp-2_30_3,12,6,2
zeno-travel/30/zeno-travel_p05_hyp-3_30_1,9,6,4
zeno-travel/30/zeno-travel_p05_hyp-3_30_2,9,6,4
zeno-travel/30/zeno-travel_p05_hyp-3_30_3,9,6,4
zeno-travel/30/zeno-travel_p05_hyp-4_30_1,8,6,5
zeno-travel/30/zeno-travel_p05_hyp-4_30_2,8,6,5
zeno-travel/30/zeno-travel_p05_hyp-4_30_3,8,6,5
zeno-travel/30/zeno-travel_p06_hyp-1_30_1,10,6,0
zeno-travel/30/zeno-travel_p06_hyp-1_30_2,10,6,0
zeno-travel/30/zeno-travel_p06_hyp-1_30_3,10,6,0
zeno-travel/30/zeno-travel_p06_hyp-2_30_1,6,6,3
zeno-travel/30/zeno-travel_p06_hyp-2_30_2,6,6,3
zeno-travel/30/zeno-travel_p06_hyp-2_30_3,6,6,3
zeno-travel/30/zeno-travel_p06_hyp-3_30_1,9,6,4
zeno-travel/30/zeno-travel_p06_hyp-3_30_2,9,6,4
zeno-travel/30/zeno-travel_p06_hyp-3_30_3,9,6,4
zeno-travel/30/zeno-travel_p06_hyp-4_30_1,10,6,5
zeno-travel/30/zeno-travel_p06_hyp-4_30_2,10,6,5
zeno-travel/30/zeno-travel_p06_hyp-4_30_3,10,6,5
zeno-travel/30/zeno-travel_p07_hyp-1_30_1,8,6,0
zeno-travel/30/zeno-travel_p07_hyp-1_30_2,8,6,0
zeno-travel/30/zeno-travel_p07_hyp-1_30_3,8,6,0
zeno-travel/30/zeno-travel_p07_hyp-2_30_1,10,6,2
zeno-travel/30/zeno-travel_p07_hyp-2_30_2,10,6,2
zeno-travel/30/zeno-travel_p07_hyp-2_30_3,10,6,2
zeno-travel/30/zeno-travel_p07_hyp-3_30_1,12,6,4
zeno-travel/30/zeno-travel_p07_hyp-3_30_2,12,6,4
zeno-travel/30/zeno-travel_p07_hyp-3_30_3,12,6,4
zeno-travel/30/zeno-travel_p07_hyp-4_30_1,15,6,5
zeno-travel/30/zeno-travel_p07_hyp-4_30_2,15,6,5
zeno-travel/30/zeno-travel_p07_hyp-4_30_3,15,6,5
zeno-travel/50/zeno-travel_p01_hyp-1_50_1,6,8,0
zeno-travel/50/zeno-travel_p01_hyp-1_50_2,6,8,0
zeno-travel/50/zeno-travel_p01_hyp-1_50_3,6,8,0
zeno-travel/50/zeno-travel_p01_hyp-2_50_1,6,8,1
zeno-travel/50/zeno-travel_p01_hyp-2_50_2,6,8,1
zeno-travel/50/zeno-travel_p01_hyp-2_50_3,6,8,1
zeno-travel/50/zeno-travel_p01_hyp-3_50_1,6,8,2
zeno-travel/50/zeno-travel_p01_hyp-3_50_2,6,8,2
zeno-travel/50/zeno-travel_p01_hyp-3_50_3,6,8,2
zeno-travel/50/zeno-travel_p01_hyp-4_50_1,6,8,3
zeno-travel/50/zeno-travel_p01_hyp-4_50_2,6,8,3
zeno-travel/50/zeno-travel_p01_hyp-4_50_3,6,8,3
zeno-travel/50/zeno-travel_p02_hyp-1_50_1,6,6,0
zeno-travel/50/zeno-travel_p02_hyp-1_50_2,6,6,0
zeno-travel/50/zeno-travel_p02_hyp-1_50_3,6,6,0
zeno-travel/50/zeno-travel_p02_hyp-2_50_1,6,6,1
zeno-travel/50/zeno-travel_p02_hyp-2_50_2,6,6,1
zeno-travel/50/zeno-travel_p02_hyp-2_50_3,6,6,1
zeno-travel/50/zeno-travel_p02_hyp-3_50_1,6,6,2
zeno-travel/50/zeno-travel_p02_hyp-3_50_2,6,6,2
zeno-travel/50/zeno-travel_p02_hyp-3_50_3,6,6,2
zeno-travel/50/zeno-travel_p02_hyp-4_50_1,6,6,3
zeno-travel/50/zeno-travel_p02_hyp-4_50_2,6,6,3
zeno-travel/50/zeno-travel_p02_hyp-4_50_3,6,6,3
zeno-travel/50/zeno-travel_p03_hyp-1_50_1,5,6,0
zeno-travel/50/zeno-travel_p03_hyp-1_50_2,5,6,0
zeno-travel/50/zeno-travel_p03_hyp-1_50_3,5,6,0
zeno-travel/50/zeno-travel_p03_hyp-2_50_1,5,6,1
zeno-travel/50/zeno-travel_p03_hyp-2_50_2,5,6,1
zeno-travel/50/zeno-travel_p03_hyp-2_50_3,5,6,1
zeno-travel/50/zeno-travel_p03_hyp-3_50_1,6,6,2
zeno-travel/50/zeno-travel_p03_hyp-3_50_2,6,6,2
zeno-travel/50/zeno-travel_p03_hyp-3_50_3,6,6,2
zeno-travel/50/zeno-travel_p03_hyp-4_50_1,6,6,3
zeno-travel/50/zeno-travel_p03_hyp-4_50_2,6,6,3
zeno-travel/50/zeno-travel_p03_hyp-4_50_3,6,6,3
zeno-travel/50/zeno-travel_p04_hyp-1_50_1,10,10,0
zeno-travel/50/zeno-travel_p04_hyp-1_50_2,10,10,0
zeno-travel/50/zeno-travel_p04_hyp-1_50_3,10,10,0
zeno-travel/50/zeno-travel_p04_hyp-2_50_1,9,10,1
zeno-travel/50/zeno-travel_p04_hyp-2_50_2,9,10,1
zeno-travel/50/zeno-travel_p04_hyp-2_50_3,9,10,1
zeno-travel/50/zeno-travel_p04_hyp-3_50_1,10,10,2
zeno-travel/50/zeno-travel_p04_hyp-3_50_2,10,10,2
zeno-travel/50/zeno-travel_p04_hyp-3_50_3,10,10,2
zeno-travel/50/zeno-travel_p04_hyp-4_50_1,11,10,3
zeno-travel/50/zeno-travel_p04_hyp-4_50_2,11,10,3
zeno-travel/50/zeno-travel_p04_hyp-4_50_3,11,10,3
zeno-travel/50/zeno-travel_p05_hyp-1_50_1,15,6,0
zeno-travel/50/zeno-travel_p05_hyp-1_50_2,15,6,0
zeno-travel/50/zeno-travel_p05_hyp-1_50_3,15,6,0
zeno-travel/50/zeno-travel_p05_hyp-2_50_1,20,6,2
zeno-travel/50/zeno-travel_p05_hyp-2_50_2,20,6,2
zeno-travel/50/zeno-travel_p05_hyp-2_50_3,20,6,2
zeno-travel/50/zeno-travel_p05_hyp-3_50_1,15,6,4
zeno-travel/50/zeno-travel_p05_hyp-3_50_2,15,6,4
zeno-travel/50/zeno-travel_p05_hyp-3_50_3,15,6,4
zeno-travel/50/zeno-travel_p05_hyp-4_50_1,13,6,5
zeno-travel/50/zeno-travel_p05_hyp-4_50_2,13,6,5
zeno-travel/50/zeno-travel_p05_hyp-4_50_3,13,6,5
zeno-travel/50/zeno-travel_p06_hyp-1_50_1,16,6,0
zeno-travel/50/zeno-travel_p06_hyp-1_50_2,16,6,0
zeno-travel/50/zeno-travel_p06_hyp-1_50_3,16,6,0
zeno-travel/50/zeno-travel_p06_hyp-2_50_1,10,6,3
zeno-travel/50/zeno-travel_p06_hyp-2_50_2,10,6,3
zeno-travel/50/zeno-travel_p06_hyp-2_50_3,10,6,3
zeno-travel/50/zeno-travel_p06_hyp-3_50_1,14,6,4
zeno-travel/50/zeno-travel_p06_hyp-3_50_2,14,6,4
zeno-travel/50/zeno-travel_p06_hyp-3_50_3,14,6,4
zeno-travel/50/zeno-travel_p06_hyp-4_50_1,16,6,5
zeno-travel/50/zeno-travel_p06_hyp-4_50_2,16,6,5
zeno-travel/50/zeno-travel_p06_hyp-4_50_3,16,6,5
zeno-travel/50/zeno-travel_p07_hyp-1_50_1,13,6,0
zeno-travel/50/zeno-travel_p07_hyp-1_50_2,13,6,0
zeno-travel/50/zeno-travel_p07_hyp-1_50_3,13,6,0
zeno-travel/50/zeno-travel_p07_hyp-2_50_1,17,6,2
zeno-travel/50/zeno-travel_p07_hyp-2_50_2,17,6,2
zeno-travel/50/zeno-travel_p07_hyp-2_50_3,17,6,2
zeno-travel/50/zeno-travel_p07_hyp-3_50_1,20,6,4
zeno-travel/50/zeno-travel_p07_hyp-3_50_2,20,6,4
zeno-travel/50/zeno-travel_p07_hyp-3_50_3,20,6,4
zeno-travel/50/zeno-travel_p07_hyp-4_50_1,24,6,5
zeno-travel/50/zeno-travel_p07_hyp-4_50_2,24,6,5
zeno-travel/50/zeno-travel_p07_hyp-4_50_3,24,6,5
zeno-travel/70/zeno-travel_p01_hyp-1_70_1,9,8,0
zeno-travel/70/zeno-travel_p01_hyp-1_70_2,9,8,0
zeno-travel/70/zeno-travel_p01_hyp-1_70_3,9,8,0
zeno-travel/70/zeno-travel_p01_hyp-2_70_1,9,8,1
zeno-travel/70/zeno-travel_p01_hyp-2_70_2,9,8,1
zeno-travel/70/zeno-travel_p01_hyp-2_70_3,9,8,1
zeno-travel/70/zeno-travel_p01_hyp-3_70_1,9,8,2
zeno-travel/70/zeno-travel_p01_hyp-3_70_2,9,8,2
zeno-travel/70/zeno-travel_p01_hyp-3_70_3,9,8,2
zeno-travel/70/zeno-travel_p01_hyp-4_70_1,9,8,3
zeno-travel/70/zeno-travel_p01_hyp-4_70_2,9,8,3
zeno-travel/70/zeno-travel_p01_hyp-4_70_3,9,8,3
zeno-travel/70/zeno-travel_p02_hyp-1_70_1,8,6,0
zeno-travel/70/zeno-travel_p02_hyp-1_70_2,8,6,0
zeno-travel/70/zeno-travel_p02_hyp-1_70_3,8,6,0
zeno-travel/70/zeno-travel_p02_hyp-2_70_1,8,6,1
zeno-travel/70/zeno-travel_p02_hyp-2_70_2,8,6,1
zeno-travel/70/zeno-travel_p02_hyp-2_70_3,8,6,1
zeno-travel/70/zeno-travel_p02_hyp-3_70_1,9,6,2
zeno-travel/70/zeno-travel_p02_hyp-3_70_2,9,6,2
zeno-travel/70/zeno-travel_p02_hyp-3_70_3,9,6,2
zeno-travel/70/zeno-travel_p02_hyp-4_70_1,9,6,3
zeno-travel/70/zeno-travel_p02_hyp-4_70_2,9,6,3
zeno-travel/70/zeno-travel_p02_hyp-4_70_3,9,6,3
zeno-travel/70/zeno-travel_p03_hyp-1_70_1,7,6,0
zeno-travel/70/zeno-travel_p03_hyp-1_70_2,7,6,0
zeno-travel/70/zeno-travel_p03_hyp-1_70_3,7,6,0
zeno-travel/70/zeno-travel_p03_hyp-2_70_1,7,6,1
zeno-travel/70/zeno-travel_p03_hyp-2_70_2,7,6,1
zeno-travel/70/zeno-travel_p03_hyp-2_70_3,7,6,1
zeno-travel/70/zeno-travel_p03_hyp-3_70_1,8,6,2
zeno-travel/70/zeno-travel_p03_hyp-3_70_2,8,6,2
zeno-travel/70/zeno-travel_p03_hyp-3_70_3,8,6,2
zeno-travel/70/zeno-travel_p03_hyp-4_70_1,8,6,3
zeno-travel/70/zeno-travel_p03_hyp-4_70_2,8,6,3
zeno-travel/70/zeno-travel_p03_hyp-4_70_3,8,6,3
zeno-travel/70/zeno-travel_p04_hyp-1_70_1,14,10,0
zeno-travel/70/zeno-travel_p04_hyp-1_70_2,14,10,0
zeno-travel/70/zeno-travel_p04_hyp-1_70_3,14,10,0
zeno-travel/70/zeno-travel_p04_hyp-2_70_1,13,10,1
zeno-travel/70/zeno-travel_p04_hyp-2_70_2,13,10,1
zeno-travel/70/zeno-travel_p04_hyp-2_70_3,13,10,1
zeno-travel/70/zeno-travel_p04_hyp-3_70_1,14,10,2
zeno-travel/70/zeno-travel_p04_hyp-3_70_2,14,10,2
zeno-travel/70/zeno-travel_p04_hyp-3_70_3,14,10,2
zeno-travel/70/zeno-travel_p04_hyp-4_70_1,15,10,3
zeno-travel/70/zeno-travel_p04_hyp-4_70_2,15,10,3
zeno-travel/70/zeno-travel_p04_hyp-4_70_3,15,10,3
zeno-travel/70/zeno-travel_p05_hyp-1_70_1,21,6,0
zeno-travel/70/zeno-travel_p05_hyp-1_70_2,21,6,0
zeno-travel/70/zeno-travel_p05_hyp-1_70_3,21,6,0
zeno-travel/70/zeno-travel_p05_hyp-2_70_1,28,6,2
zeno-travel/70/zeno-travel_p05_hyp-2_70_2,28,6,2
zeno-travel/70/zeno-travel_p05_hyp-2_70_3,28,6,2
zeno-travel/70/zeno-travel_p05_hyp-3_70_1,21,6,4
zeno-travel/70/zeno-travel_p05_hyp-3_70_2,21,6,4
zeno-travel/70/zeno-travel_p05_hyp-3_70_3,21,6,4
zeno-travel/70/zeno-travel_p05_hyp-4_70_1,19,6,5
zeno-travel/70/zeno-travel_p05_hyp-4_70_2,19,6,5
zeno-travel/70/zeno-travel_p05_hyp-4_70_3,19,6,5
zeno-travel/70/zeno-travel_p06_hyp-1_70_1,23,6,0
zeno-travel/70/zeno-travel_p06_hyp-1_70_2,23,6,0
zeno-travel/70/zeno-travel_p06_hyp-1_70_3,23,6,0
zeno-travel/70/zeno-travel_p06_hyp-2_70_1,14,6,3
zeno-travel/70/zeno-travel_p06_hyp-2_70_2,14,6,3
zeno-travel/70/zeno-travel_p06_hyp-2_70_3,14,6,3
zeno-travel/70/zeno-travel_p06_hyp-3_70_1,19,6,4
zeno-travel/70/zeno-travel_p06_hyp-3_70_2,19,6,4
zeno-travel/70/zeno-travel_p06_hyp-3_70_3,19,6,4
zeno-travel/70/zeno-travel_p06_hyp-4_70_1,22,6,5
zeno-travel/70/zeno-travel_p06_hyp-4_70_2,22,6,5
zeno-travel/70/zeno-travel_p06_hyp-4_70_3,22,6,5
zeno-travel/70/zeno-travel_p07_hyp-1_70_1,18,6,0
zeno-travel/70/zeno-travel_p07_hyp-1_70_2,18,6,0
zeno-travel/70/zeno-travel_p07_hyp-1_70_3,18,6,0
zeno-travel/70/zeno-travel_p07_hyp-2_70_1,24,6,2
zeno-travel/70/zeno-travel_p07_hyp-2_70_2,24,6,2
zeno-travel/70/zeno-travel_p07_hyp-2_70_3,24,6,2
zeno-travel/70/zeno-travel_p07_hyp-3_70_1,28,6,4
zeno-travel/70/zeno-travel_p07_hyp-3_70_2,28,6,4
zeno-travel/70/zeno-travel_p07_hyp-3_70_3,28,6,4
zeno-travel/70/zeno-travel_p07_hyp-4_70_1,33,6,5
zeno-travel/70/zeno-travel_p07_hyp-4_70_2,33,6,5
zeno-travel/70/zeno-travel_p07_hyp-4_70_3,33,6,5
